CREATE DATABASE  IF NOT EXISTS `spotifyApp` /*!40100 DEFAULT CHARACTER SET utf8mb4 COLLATE utf8mb4_0900_ai_ci */ /*!80016 DEFAULT ENCRYPTION='N' */;
USE `spotifyApp`;
-- MySQL dump 10.13  Distrib 8.0.19, for macos10.15 (x86_64)
--
-- Host: 127.0.0.1    Database: spotifyApp
-- ------------------------------------------------------
-- Server version	8.0.19

/*!40101 SET @OLD_CHARACTER_SET_CLIENT=@@CHARACTER_SET_CLIENT */;
/*!40101 SET @OLD_CHARACTER_SET_RESULTS=@@CHARACTER_SET_RESULTS */;
/*!40101 SET @OLD_COLLATION_CONNECTION=@@COLLATION_CONNECTION */;
/*!50503 SET NAMES utf8 */;
/*!40103 SET @OLD_TIME_ZONE=@@TIME_ZONE */;
/*!40103 SET TIME_ZONE='+00:00' */;
/*!40014 SET @OLD_UNIQUE_CHECKS=@@UNIQUE_CHECKS, UNIQUE_CHECKS=0 */;
/*!40014 SET @OLD_FOREIGN_KEY_CHECKS=@@FOREIGN_KEY_CHECKS, FOREIGN_KEY_CHECKS=0 */;
/*!40101 SET @OLD_SQL_MODE=@@SQL_MODE, SQL_MODE='NO_AUTO_VALUE_ON_ZERO' */;
/*!40111 SET @OLD_SQL_NOTES=@@SQL_NOTES, SQL_NOTES=0 */;

--
-- Table structure for table `albums`
--

DROP TABLE IF EXISTS `albums`;
/*!40101 SET @saved_cs_client     = @@character_set_client */;
/*!50503 SET character_set_client = utf8mb4 */;
CREATE TABLE `albums` (
  `album_id` varchar(50) NOT NULL,
  `album_name` varchar(100) NOT NULL,
  `artist` varchar(50) NOT NULL,
  PRIMARY KEY (`album_id`),
  KEY `albums_fk_artists` (`artist`),
  CONSTRAINT `albums_fk_artists` FOREIGN KEY (`artist`) REFERENCES `artists` (`artist_id`) ON DELETE CASCADE
) ENGINE=InnoDB DEFAULT CHARSET=utf8mb4 COLLATE=utf8mb4_0900_ai_ci;
/*!40101 SET character_set_client = @saved_cs_client */;

--
-- Dumping data for table `albums`
--

LOCK TABLES `albums` WRITE;
/*!40000 ALTER TABLE `albums` DISABLE KEYS */;
INSERT INTO `albums` VALUES ('00tHhYKhuIQF30u3g2yk1M','Jolene (In the Style of Dolly Parton) [Karaoke Version] - Single','4Z6WehLCUZYmz0RJL8CXCw'),('01F7Pyok7UR0JbWGK7J24n','Daphne Blue (Acoustic)','6d4jrmreCmsenscuieJERc'),('02tIakRsIFGW8sO4pBtJgj','Neotheater','6s22t5Y3prQHyaHWUN1R1C'),('03SR9iQIkt1duJ26TMvh9c','Superfast','6jddkwDLW1TOlqdjfK4ywk'),('04E0aLUdCHnhnnYrDDvcHq','Hozier','2FXC3k01G6Gw61bmprjgqS'),('06cVDouWVOcPYAW6w7KOWO','SAD!','15UsOTVnJzReFVN1VCnxy4'),('06Ee6dveq170ls1t52Cj6s','Fantastic, Vol.2: Vinyl Instrumentals','1020a42xVklY6c56imNcaa'),('07bIdDDe3I3hhWpxU6tuBp','DAYTONA','0ONHkAv9pCAFxb0zJwDNTy'),('07Fr36M0hRPJrSJMFWGnvD','Grace (Legacy Edition)','3nnQpaTvKb5jCQabZefACI'),('08aqY8lv4zx4uaqBUpMD8a','No Love Deep Web','5RADpgYLOuS2ZxDq7ggYYH'),('09b9NC1oQbYaHcacgXn66k','We All Shine','1cNDP5yjU5vjeR8qMf4grg'),('09fggMHib4YkOtwQNXEBII','Starboy','1Xyo4u8uXC1ZmMpatF05PJ'),('0aRIVhGZ5l7pmaBF38fgby','Translations Through Speakers','50JJSqHUf2RQ9xsHs0KMHg'),('0AwrWNil4QkatzMeONb6z4','Thug Tears - A COLORS SHOW','6yJ6QQ3Y5l0s0tn7b0arrO'),('0B98tUDeVlfTR9dWqFGXf2','Good Life (In the Style of Kanye West and T-Pain) [Karaoke Version]','6aLDS9oOXpit8wJTtueP8g'),('0bCAjiUamIFqKJsekOYuRw','Wish You Were Here','0k17h0D3J5VfsdmQ1iZtE9'),('0BsMZIueWsJLWng8A7sE8e','Barter 6','50co4Is1HCEo8bhOyUWKpn'),('0BwWUstDMUbgq2NYONRqlu','Rumours (Super Deluxe)','08GQAI4eElDnROBrJRGE0X'),('0CBezlC6aZNKVf2554t53k','Here And Now','3grHWM9bx2E9vwJCdlRv9O'),('0cg0JTyl731GnvVS1MyYjj','Truffle Butter','0hCNtLu0JehylgoiP8L4Gh'),('0CoiTAUBiO70lic9p9Lboq','The Heist [Deluxe Edition]','5BcAKTbp20cv7tC5VqPFoC'),('0cTOvcvrbNiaiv4WXEUHzT','Billy Talent II','08yf5A2nS4XEeNvabDXqyg'),('0CxPbTRARqKUYighiEY9Sz','Use Your Illusion I','3qm84nBOXUEQ2vnTfUTTFC'),('0czBomMxaMCzanUaFhESOW','Teens Of Denial','5PbpKlxQE0Ktl5lcNABoFf'),('0d7CkzJxr1H2KX9F87ZcZF','Village Party','0JdGPxHeRGfOyZg3EHwp2g'),('0dAMC0nNikIjhD8LeRZfhH','Bonito Generation','6OqhFYFJDnBBHas02HopPT'),('0dHrxJNZ6GYq4Dzocjc4ff','N°3','2PnETbh55Irnv3VAFBALfd'),('0DjJIQPOsxd5OiUoVskRBH','H A R D L O V E','610EjgFatGvVPtib97jQ8G'),('0dZF93WHyOhTWjz5EWM7yG','Fragile (Deluxe Edition)','7AC976RDJzL2asmZuz7qil'),('0E2blcrvyduixEolxZXot7','Sublime Greatest Hits','0EdvGhlC1FkGItLOWQzG4J'),('0e60weBrikKbHDMRUIdoZ8','For You','6vVztIuqdDHvYWxOEXCzjN'),('0e9KCPvGyBlMcnqa5zskmb','Legendary','0pwyD6DhbFWn8uVSz2Fr0w'),('0eFHYz8NmK75zSplL5qlfM','The Resistance','12Chz98pHFMPJEknJQMWvI'),('0EguP4tsJurU5I8ocCxdyb','Beats, Rhymes & Life','09hVIj6vWgoCDtT03h8ZCa'),('0ETFjACtuP2ADo6LFhL6HN','Abbey Road (Remastered)','3WrFJ7ztbogyGnTHbHJFl2'),('0ezwRysfWCrR5tDgpBwkIw','Hymn for the Weekend (Seeb Remix)','4gzpq5DPGxSnKTe4SA8HAU'),('0fIsnhdTNKflr8zk7kQjz7','Might Be - Single','1yZwlOVsfrp4wb6d29KkGM'),('0fLhefnjlIV3pGNF9Wo8CD','Californication','0L8ExT028jH3ddEcZwqJJ5'),('0fYctMs4EvoEqzDh8Kmg5g','Gangsta\'s Paradise','3y24n3XhZ96wgwRXjvS17T'),('0FZK97MXMm5mUQ8mtudjuK','The Black Parade','7FBcuc1gsnv6Y1nwFtNRCb'),('0GFb3b6TpMvg8rPD9LvlOg','DICTATOR','6U1dV7aL68N7Gb0Naq34V5'),('0GFgT9k9VRzDwXHEZkaBeq','The Who','6yJ6QQ3Y5l0s0tn7b0arrO'),('0gpNGTVNivS2wB32tzV3OH','Last Young Renegade','46gyXjRIvN1NL1eCB8GBxo'),('0GqpoHJREPp0iuXK3HzrHk','Houses of the Holy (2014 Remaster)','36QJpDe2go2KgaRleHCDTp'),('0h5R2TI1wUpG8OkWxVhu9e','Jay-Z & Kanye West - No Church In The Wild (Vocal Version)','2zxL0SRuNRr96NkgDo7p1o'),('0HmKhR7Umt3ACs52ZLnKyK','Hiding Places','39vtb2iiz3079nqfL5nfFc'),('0HQhToIjonHnJRRPN4jeJU','Out of Exile','2ziB7fzrXBoh1HUPS6sVFn'),('0hws122J18OKte1QbV4nHH','Wanted (String Mix)','5Pwc4xIPtQLFEnJriah9YJ'),('0iqqnLXoocsMeCYlTw3Q2q','Moon River','2h93pZq0e7k5yf4dywlkpM'),('0IUCAsckpNyV4wHKIHQawC','It Ain\'t Me (with Selena Gomez)','23fqKkggKUBHNkbKtXEls4'),('0j1qzjaJmsF1FkcICf3hRu','Cassie (U.S. Version)','27FGXRNruFoOdf1vP8dqcH'),('0jTGHV5xqHPvEcwL8f6YU5','Let It Be (Remastered)','3WrFJ7ztbogyGnTHbHJFl2'),('0JwHz5SSvpYWuuCNbtYZoV','Bridge Over Troubled Water','70cRZdQywnSFp9pnc2WTCE'),('0LicnijsvZ3Q7OCU0g9U8Z','White Blood Cells','4F84IBURUo98rz4r61KF70'),('0LKyqACx30dgjpYZXeBSsl','Changed','30C5wgn4celhRP3Tytv7R6'),('0lq7zwC6uQiu8pwW5FK3Fb','The Good Parts','2oX42qP5ineK3hrhBECLmj'),('0mWXQOrqbigpDUGfnbW7ez','In the Shower','4DMSJzGjw2SMkKAT5EEE5u'),('0n2DviOOZZeNwgCSPQrFMp','Mouthoil','4Ol9S3QuVEVdbXfSjM6ZdQ'),('0NTYMm0B7adXejff1phD3F','True Story','2BvzbqWWwLN11XGBYgDZzx'),('0OKwbn6fymXTOc1Qx2Ika1','Miss Primetime','7o7mC95EDbJKTcPAAs8C3r'),('0oqefS8tHi0qoIzCFHkC7T','The Art of Dying','0vZPnViZ1Xz1XLRbzvdwid'),('0OrcP3iH5AnzeEmvlpunlN','In My Blood','7n2wHs1TKAczGzO7Dd2rGr'),('0OTjYdGtP7AbwOwbYsGhyi','Magna Carta... Holy Grail','3nFkdlSjzX9mRTtwJOzDYB'),('0P3oVJBFOv3TDXlYRhGL7s','Beauty Behind The Madness','1Xyo4u8uXC1ZmMpatF05PJ'),('0PAo1lkRyMDq3R6QR4GjFq','Instrumental Hip Hop Beats','18CgXERtYfAn0GMXOU6ekW'),('0PFdNux6i6IxZFjxpiLFyM','Ronald Dregan','4sv6VJ2QZlaSosz3kFlxQH'),('0pqKb2y8h2BWS46HMfmEgD','The Truth About Love','1KCSPY1glIKqW2TotWuXOR'),('0ptlfJfwGTy0Yvrk14JK1I','If You\'re Reading This It\'s Too Late','3TVXtAsR1Inumwj472S9r4'),('0qbl8aNaCUOvX8HGsZYLfh','Things Fall Apart','78xUyw6FkVZrRAtziFdtdu'),('0QNluXFRHFyRVDiBHXmstK','Too Rye Ay','4QTVePrFu1xuGM9K0kNXkk'),('0qsT8HLvlWaSWIq8Rc95BI','Hopes And Fears','53A0W3U0s8diEn9RhXQhVz'),('0qZTwrunzX3LG45PvRghmh','Waiting for the Sun','22WZ7M8sxp5THdruNY3gXt'),('0RHX9XECH8IVI3LNgWDpmQ','A Rush of Blood to the Head','4gzpq5DPGxSnKTe4SA8HAU'),('0S0KGZnfBGSIssfF54WSJh','WHEN WE ALL FALL ASLEEP, WHERE DO WE GO?','6qqNVTkY8uBg9cP3Jd7DAH'),('0sq2X96utAWNbhvRZU1oxe','Bedroom Tapes','4ub2v80S4RIceZRGnlhjTr'),('0TDrWBqGYPnJEd3DZpNnIx','COOLAID','7hJcb9fa4alzcOq3EaNPoG'),('0tN2TkilPoLmqN21UJBC77','Bang Bang','6v4jPZO3UIDNJIgdxRxtr9'),('0TyDTzG2zt2tg0wONT9wSU','679 (feat. Remy Boyz)','6PXS4YHDkKvl1wkIl4V8DL'),('0U6ldwLBEMkwgfQRY4V6D2','Revival','7dGJo4pcD2V6oG8kP0tJRR'),('0UccZZgelTAbbk3OSPZymO','Greatest Hits Volume One - The Singles','2sil8z5kiy4r76CRTXxBCA'),('0vuwlanMPucXrYMGnOjhYL','40oz. To Freedom','0EdvGhlC1FkGItLOWQzG4J'),('0Wepiqj4q84dBp2nIkWFmw','BagBak','68kEuyFKyqrdQQLLsmiatm'),('0x3uUHhj8bCoM5Uzi5FNIv','Tubthumper','0TcYeHEK9sBtv7xPbKhzHz'),('0XAIjjN5qxViVS0Y5fYkar','I Decided.','0c173mlxpT3dSFRgMO8XPh'),('0XnqQzdSFAml08XZoRt1St','SATURATION II','1Bl6wpkWCQ4KVgnASpvzzA'),('0XTXsyyHWn0yhefqH6i570','I Found You','2oX42qP5ineK3hrhBECLmj'),('0XUNG1cssmwHh22loRqKdJ','Magazines Or Novels','2oX42qP5ineK3hrhBECLmj'),('0xYE1K7heDWlp5pOxbpFHe','Vámonos (feat. Kap G) - Single','3oHjuEyaFp7MddhOXddXbx'),('0YvYmLBFFwYxgI4U9KKgUm','Gorillaz','3AA28KZvwAUcZuOKwyblJQ'),('0YxRHKnTnNbLvgfSWm9E4T','More Is Than Isn\'t','1O3ZOjqFLEnbpZexcRjocn'),('0Zd10MKN5j9KwUST0TdBBB','B\'Day Deluxe Edition','6vWDO969PvNqNYHIOW5v0m'),('0ZF4upbGbPnqw6JApHiHQ1','Say I Am You','6pwHWKweuoCyx3OoFaD0Q5'),('0zi2TaQkYxfXIBvl2yTjQJ','Because The Internet','73sIBHcqh3Z3NyqHKZ7FOL'),('0zrdvLBc4hrcExbbhjtbmQ','Infinity','3YpKkSd9uluZRtrh2oUsVn'),('10iHTF2aisP5CLUPH4jqVf','Glorious (feat. Skylar Grey)','3JhNCzhSMTxs9WLGJJxWOY'),('10jsW2NYd9blCrDITMh2zS','American Pie','1gRNBaI4yn6wCCTvRhGWh8'),('11Bkx3E99vf0IlYPND61LJ','Young, Wild & Free (feat. Bruno Mars)','7hJcb9fa4alzcOq3EaNPoG'),('11iNkXjw7QFVmFpdpMRvGO','Smyle','4qBgvVog0wzW75IQ48mU7v'),('13adsFjbBOQtjaf29Y6w1e','When Fish Ride Bicycles (Clean)','1AWNf5CLnHH4oM1hcHiVeV'),('13WjgUEEAQp0d9JqojlWp1','Section.80','2YZyLoL8N0Wb9xBt1NhZWg'),('14eK347GdWO4mBBx78tsut','Sublime','0EdvGhlC1FkGItLOWQzG4J'),('14LuwckQuyWIvVlKrYuLzP','Schlagenheim','7Hvq85OU8T7Hsd63zNBwaL'),('14s7UkGvJ7xPf9jiSR9U8a','Young Hot Ebony','10AY17ALos2o3akPqrPydw'),('15k99o4mZJ9mfpQGIOrZ45','Summer Pack','73sIBHcqh3Z3NyqHKZ7FOL'),('15qLmAABocTCRBSbWWqL7K','iSpy (feat. Lil Yachty)','4qBgvVog0wzW75IQ48mU7v'),('15up0e6AFIYZbmErIVPU3p','Ella Wishes You A Swinging Christmas (Expanded Edition)','5V0MlUE1Bft0mbLlND7FJz'),('16i5KnBjWgUtwOO7sVMnJB','Puberty 2','2uYWxilOVlUdk4oV9DvwqK'),('16l2hETgnzUG3T8F8xqfnL','Goodbye Baby','027TpXKGwdXP7iwbjUSpV8'),('16Qs4jnIyXe7jprnMNRddy','Youngblood','5Rl15oVamLq7FbSb0NNBNy'),('16SMGvTZrwtiJ132g69toP','Knock Madness','7EWU4FhUJM1sZQgQKdENeT'),('17gWRAKN3Sp65WwnUwWZcY','See U in LA','4BbbGJDciJfVkh08qpxU1N'),('17Y1VSG80WqmcEiHawiQEo','Antenna To The Afterworld','67zR9a98QqWJwpO7wBrGog'),('185Tm1g5U7eMOrm3m9SQUh','I Love It','5K4W6rqBFWDnAN6FQUkS6x'),('18i33u5FvfvgHjZMulpyO2','A Farewell To Kings','2Hkut4rAAyrQxRdof7FVJq'),('19RUXBFyM4PpmrLRdtqWbp','Kid A','4Z8W4fKeB5YxbusRsdQVPb'),('1A3nVEWRJ8yvlPzawHI1pQ','Father of the Bride','5BvJzeQpmsdsFp4HGUYUEx'),('1AHZd3C3S8m8fFrhFxyk79','21st Century Breakdown','7oPftvlwr6VrsViSDV7fJY'),('1ay9Z4R5ZYI2TY7WiDhNYQ','David Bowie (aka Space Oddity) [2015 Remaster]','0oSGxfWSnnOXhD2fKuz2Gy'),('1bgNeSFRtmRJfaXIlSqbSs','Sav It Out Vol. 5','6tsUXFsa7L3tIMCjzOEEdP'),('1C1mvUxPYGzTqVpXu6vOLf','Hands On The Wheel','5IcR3N7QB1j6KBL8eImZ8m'),('1C2h7mLntPSeVYciMRTF4a','Thriller 25 Super Deluxe Edition','3fMbdgg4jU18AjLCKBhRSm'),('1cCAb1vN8uUsdfEylVmTLs','The Infamous','6O2zJ0tId7g07yzHtX0yap'),('1CEODgTmTwLyabvwd7HBty','Viva La Vida or Death and All His Friends','4gzpq5DPGxSnKTe4SA8HAU'),('1CFREwS5yzCEpC8slWETgT','Big Grams','4jU68Hm8np6WNZXMqi7rz3'),('1CHUXwuge9A7L2KiA3vnR6','Abraxas','6GI52t8N5F02MxU0g5U69P'),('1cjgTku8zcYVHRi8QQH1XI','Sanctuary','3MZsBdqDrRTJihTHQrO6Dq'),('1CvjjpvqVMoyprsf74bpYW','Fanmail','0TImkz4nPqjegtVSMZnMRq'),('1dB64RmXsX57irQpWrjZGp','Indigoism','51Pn4gGnZuyOMDfIT1Zy3N'),('1DBkJIEoeHrTX4WCBQGcCi','The King Of Limbs','4Z8W4fKeB5YxbusRsdQVPb'),('1dJpgn1rqvvr4yyNYLEYBG','Crowded House','7ohlPA8dRBtCf92zaZCaaB'),('1DnLeDyEWJqfJSJVHQaaSo','Watch Out','17lzZA2AlOHwCwFALHttmp'),('1DNx0H5ZX1ax3yyRwtgT4S','Don\'t Forget About Me, Demos','6USv9qhCn6zfxlBQIYJ9qs'),('1dZZh7PvVgce1DDsDPzy8Z','99.9%','6qgnBH6iDM91ipVXv28OMu'),('1E1eyI5uGllppJZCxNoF9w','LONG.LIVE.A$AP (Deluxe Version)','13ubrt8QOOCPljQ2FL1Kca'),('1ER3B6zev5JEAaqhnyyfbf','Hunting High and Low','2jzc5TC5TVFLXQlBNiIUzE'),('1FhmTMNe8AziAPkB29114F','Sunflower','7pbDxGE6nQSZVfiFdq9lOL'),('1FKScTiXaADVfAp6gTWHKj','Tea for the Tillerman','08F3Y3SctIlsOEmKd6dnH8'),('1FZKIm3JVDCxTchXDo5jOV','Harry Styles','6KImCVD70vtIoJWnq6nGn3'),('1gGjSTfser1MPfowGiuy9l','The Velvet Underground & Nico 45th Anniversary (Super Deluxe Edition)','1nJvji2KIlWSseXRSlNYsC'),('1HduTydfaUY3idi2YgT3mb','Love Angel Music Baby','4yiQZ8tQPux8cPriYMWUFP'),('1HIM724n5CusJzGpfbIBX7','Heartworks','1Eie0tY91rpi7Y0jtIOXzI'),('1HMw6LQLUfP2wxseAtdnfz','Airplane Mode','2IZJAHPJlxaFgij188N4eS'),('1HP3EAW5SzraHJ49eENEYs','GOLD','1Bl6wpkWCQ4KVgnASpvzzA'),('1HT8zTMIromrZOA4wnbGdV','When Life Gives You Lemons, You Paint That Shit Gold [Standard Edition]','1GAS0rb4L8VTPvizAx2O9J'),('1IGzUKAM596CnZN0zApFmd','Cop Car','2uYWxilOVlUdk4oV9DvwqK'),('1j2x7FJXTgUT0X5hZ8TDXE','Dark Sky Paradise','0c173mlxpT3dSFRgMO8XPh'),('1JawI0XkEwmQ5Bwef3RMbq','World War Joy...Takeaway','69GGBxA162lTqCwzJG5jLp'),('1Jmq5HEJeA9kNi2SgQul4U','Red Pill Blues (Deluxe)','04gDigrS5kc9YWfZHwBETP'),('1Jv2AqzhgsduUik2p4k3cS','Some Girls','22bE4uQ6baNwSHPVcDxLCe'),('1jWKVgnHX8nwR551hQNx5K','By the Way','0L8ExT028jH3ddEcZwqJJ5'),('1klALx0u4AavZNEvC4LrTL','The Beatles (Remastered)','3WrFJ7ztbogyGnTHbHJFl2'),('1l9d1Zj9Iv2eOcdObVhdMy','Salad Days','3Sz7ZnJQBIHsXLUSo0OQtM'),('1lZahjeu4AhPkg9JARZr5F','Physical Graffiti','36QJpDe2go2KgaRleHCDTp'),('1maoQPAmw44bbkNOxKlwsx','Drukqs','6kBDZFXuLrZgHnvmPu9NsG'),('1Mhn9VosyjtWn4dMPFlna6','The Stranger (Legacy Edition)','6zFYqv1mOsgBRQbae3JJ9e'),('1Mk7Lei0Ra3hawezqmad5V','Under Pressure (Deluxe)','4xRYI6VqpkE3UwrDrAZL8L'),('1Mu6HgmdfdiQTOZ8mPEyFU','Icky Thump','4F84IBURUo98rz4r61KF70'),('1NfrmcXk8xNennyxQ57JcW','Born Sinner','6l3HvQ5sa6mXTsMTB19rO5'),('1nlrqrQvdjMd8N4IqwaApw','Ludaversal','3ipn9JLAPI5GUEo4y4jcoi'),('1NZBzIrSV5yca91Su4i1MC','The Click (Deluxe Edition)','6s22t5Y3prQHyaHWUN1R1C'),('1oHY6eQmEG8skElDvFgKz2','Talking Dreams (Deluxe Version)','1PbBg2aYjWLKRk84zJK15x'),('1oOkcBu5bgkUzZTvKD1m8z','Mother\'s Milk','0L8ExT028jH3ddEcZwqJJ5'),('1oW3v5Har9mvXnGk0x4fHm','Hail To the Thief','4Z8W4fKeB5YxbusRsdQVPb'),('1OxQCMHGvdVDF4MOX4EQuU','Quit Cattin (feat. P-Lo & Skipper) - Single','7zmuMr74dNGqjq74uibncO'),('1OydCrx4m7fguwcX4stR9z','Trading Snakeoil for Wolftickets','5oRnbmgqvvq7fVlgk4vcEa'),('1ozpmkWcCHwsQ4QTnxOOdT','What A Time To Be Alive','3TVXtAsR1Inumwj472S9r4'),('1PkFK7nfqX9jEMaIA8O12Y','Ye vs. the People (starring TI as the People)','5K4W6rqBFWDnAN6FQUkS6x'),('1PQDjdBpHPikAodJqjzm6a','The Money Store','5RADpgYLOuS2ZxDq7ggYYH'),('1PT0NLoWqX9YKC5bzXthTU','The Will To Death','7rN3Agir6FaZNfhf5V7mfN'),('1PuHheIgpNx5fye9dmhnmy','The Anthology 1964 - 1971 (2014 Remastered Version)','1SQRv42e4PjEYfPhS0Tk9E'),('1PZviVfBJJxNw5EtAwzdUu','2U (feat. Justin Bieber)','1Cs0zKBU1kc0i8ypK3B9ai'),('1QhonXpNQq8wrGEKX0ofbk','Walk The Moon','6DIS6PRrLS3wbnZsf7vYic'),('1qMDN9zRQreK81cJ9G1hed','Skiptracing','5J81VungUjSVHxlPpTI9KG'),('1qN6qh1gwgrYTCdSq21gov','Oh No','3hozsZ9hqNq7CoBGYNlFTz'),('1QwWTLYn9dntAj7l9FRJwY','Me 4 U','5MouCg6ta7zAxsfMEbc1uh'),('1Rv9WRKyYhFaGbuYDaQunN','Songs About Jane','04gDigrS5kc9YWfZHwBETP'),('1rzDtYMpZDhRgKNigB467r','Night Visions (Deluxe)','53XhwfbYqKCa1cC15pYq2q'),('1s9tU91VJt4sU5owi29GD3','True','1vCWHaC5f2uS3yhpwWbIA6'),('1siCrPD80Sa3PT67PTiJ7J','The Native Architects EP','4bEcyz1RWDU8f6XnEb1Fay'),('1SQZ0SSOxnsJ99vEKFQ6eC','Backward Books (Reloaded)','2NjfafEappzvGGGDdMRJMP'),('1sukoCUMmjnTjt7dwkyzdx','The Sound Of Your Voice','3qDMrpZHtZEtVl5i1l7hP3'),('1sVlvoWbgJwJLGdEoOAz03','20th Century Masters: The Millennium Collection: Best Of Sublime','0EdvGhlC1FkGItLOWQzG4J'),('1TCiADBOmKJgdxULZPrK2a','Bad Girls EP','2l35CQqtYRh3d8ZIiBep4v'),('1TCONwUgvvjqSYJFPUCUTW','BoJack Horseman (Music from the Netflix Original Series)','7G1GBhoKtEPnP86X2PvEYO'),('1TIkCvpgUWCpjKOuMVaGZD','Dream Your Life Away','10exVja0key0uqUkk6LJRT'),('1Uf67JAtkVWfdydzFFqNF2','Happiness Begins','7gOdHgIoIKoe4i9Tta6qdD'),('1uuSC0RCJB3dSp8Mb6GflZ','Tha Carter IV (Deluxe)','55Aa2cqylxrFIXC767Z865'),('1V5vQRMWTNGmqwxY8jMVou','Battle Studies','0hEurMDQu99nJRq8pTxO14'),('1VAc77UvK5wj8ZSWCo3V2b','The Beautiful & Damned','02kJSzxNuaWGqwubyUba0Z'),('1vbpW28Od2ATmVyAZ0QZ3j','Prolonging the Magic','6A43Djmhbe9100UwnI7epV'),('1VbyDS3tGhe4iHfIJ7AMtr','Bleed American','3Ayl7mCk0nScecqOzvNp6s'),('1vcvxiljwF8jQLXC6apIhX','Will He','3MZsBdqDrRTJihTHQrO6Dq'),('1vhQIBznzVjSCQw26WlMsB','Hurley','3jOstUTkEu2JkjvRdBA5Gu'),('1Vw2uoVkLAJFVViJ1QyK1D','Storm Front','6zFYqv1mOsgBRQbae3JJ9e'),('1WBZyULtlANBKed7Zf9cDP','Greatest Hits','1ZwdS5xdxEREPySFridCfh'),('1xOyUrDmQjLkYtWWv0iLf0','Tapes #1-3','12qS7lypMdpvASeNnFXtmN'),('1xpGyKyV26uPstk1Elgp9Q','Weezer','3jOstUTkEu2JkjvRdBA5Gu'),('1Xsprdt1q9rOzTic7b9zYM','Continuum','0hEurMDQu99nJRq8pTxO14'),('1XtTygUdUqtwPyErnZxLbR','Her','0siBQaURCli5wn2lqv8WZg'),('1xXSEeYg8T9UFaphdP9FtP','When I Was Younger','6R664N4cEza3eORSqKSgO4'),('1XYA8eDvomdYTbQBzk0jT1','Pretty Girl (Cheat Codes X CADE Remix)','0uGk2czvcpWQA383Im6ajf'),('1Ye7yrA7vAlQnoooj8yDXb','Love','3WrFJ7ztbogyGnTHbHJFl2'),('1YjQ5Q5ptRnQcT4P6nSCyt','Somebody To Love','5Pwc4xIPtQLFEnJriah9YJ'),('1YwzJz7CrV9fd9Qeb6oo1d','Watch The Throne (Deluxe)','3nFkdlSjzX9mRTtwJOzDYB'),('1Z35j1egN42Xvtul5WRlu6','All Your Love','4ub2v80S4RIceZRGnlhjTr'),('1zcm3UvHNHpseYOUfd0pna','Breakfast In America (Deluxe Edition)','3JsMj0DEzyWc0VDlHuy9Bx'),('1zRXmMa2gKZ9C2giHrnj4D','Nelly','6aaMZ3fcfLv4tEbmY7bjRM'),('20KTN0AvsVU6VD757k2jgp','Back in Magaritaville - 60 Party Hits','4mwjQrVYIJEfZYB8VizFqZ'),('20mlgqmD6YJwkNuAfLRcDC','Naive','2oX42qP5ineK3hrhBECLmj'),('20r762YmB5HeofjMCiPMLv','My Beautiful Dark Twisted Fantasy','5K4W6rqBFWDnAN6FQUkS6x'),('20U1UWeGcGq7JVW0tf8yfH','Twin Fantasy','5PbpKlxQE0Ktl5lcNABoFf'),('22anLYKhfIkwUOz8RZtZKq','Miss You','57WHJIHrjOE3iAxpihhMnp'),('22bLjOVLSLIHwKbSneX5MO','Skylight','2gbT6GPXMis0OAkZbEQCYB'),('23Y5wdyP5byMFktZf8AcWU','I AM...SASHA FIERCE','6vWDO969PvNqNYHIOW5v0m'),('24X4IZGu9QcQ8pVf9dFAGg','Goodbye & Good Riddance','4MCBfE4596Uoi2O4DtmEMz'),('257oomaawruFknt5wYCPDh','Band On The Run (Standard)','3sFhA6G1N0gG1pszb6kk1m'),('25irJgxRNTlyg8pUmWfDVG','Greatest Hits','70cRZdQywnSFp9pnc2WTCE'),('25Vt8FvZBx4BsSJWEsF7sJ','Tea For The Tillerman (Remastered)','08F3Y3SctIlsOEmKd6dnH8'),('25Z3GFmKx6ntosMpCSngnI','Hot Thoughts','0K1q0nXQ8is36PzOKAMbNe'),('26atyI9OPdSCDkNjsOEJBW','~how i\'m feeling~','5JZ7CnR6gTvEMKX4g70Amv'),('26CDwp11zMD8gnr28kj2Fm','Ill Street Blues','4u4Sj6ODtb8mAZ0wuadeqG'),('26DseQO366JfXwIP7dIgQj','Teens of Denial','5PbpKlxQE0Ktl5lcNABoFf'),('26QmPEHnWvpqUwJLQ4igze','How\'s Your Process? (Work)','2PnETbh55Irnv3VAFBALfd'),('27GrIQPCPtPyEUxONxAcRe','Best Friend (Remix)','3q7HBObVc0L8jNeTe5Gofh'),('283NWqNsCA9GwVHrJk59CG','The Writing\'s On The Wall','1Y8cdNmUJH7yBTd9yOvr5i'),('28g8Haxyv8PGioYlatJKQZ','I Don\'t Care - The Nems Records Years','5RXVxV5eWWhzou4tkjawRy'),('29m6DinzdaD0OPqWKGyMdz','Sticky Fingers (Remastered)','22bE4uQ6baNwSHPVcDxLCe'),('29sTacnS0qA9xri6YS8xLA','Superunknown (Deluxe Edition)','5xUf6j4upBrXZPg6AI4MRK'),('2abOENaFUOUgkvexbJ2hWB','Book Of Shadows','1AeC9AuzqGc3IXMC2T5xny'),('2AKyhaWkspi7U2NCxJjzsE','The Party\'s Over','1KY0eY53AvJZFk8otORW3u'),('2ar6Yxkh6psvQOrGqk248v','Only One','5K4W6rqBFWDnAN6FQUkS6x'),('2B719vL1xtPTwYs0j5BuAo','Teaser And The Firecat','08F3Y3SctIlsOEmKd6dnH8'),('2bbhW5ifCwOYM8DMkqoYBF','Native','5Pwc4xIPtQLFEnJriah9YJ'),('2bdx6tsTF9R2pJALhcMU5c','All Star Season','55TH3aMMK1u2VsR8DPGC6D'),('2BlL4Gv2DLPu8p58Wcmlm9','American IV: The Man Comes Around','6kACVPfCOnqzgfEF5ryl0x'),('2bvuphJA3SOomZVXsMqJ6U','Black Cab','07ZhipyrvoyNoJejeyM0PQ'),('2bw00gRKNKbTFOqCkohbSh','Silence','64KEffDW9EtZ1y2vBYgq8T'),('2cckMutNyENw9bBl2s5sYT','Memoirs of the Reaper','2NjfafEappzvGGGDdMRJMP'),('2cWBwpqMsDJC1ZUwz813lo','The Eminem Show','7dGJo4pcD2V6oG8kP0tJRR'),('2D0Hi3Jj6RFnpWDcSa0Otu','Youngblood (Deluxe)','5Rl15oVamLq7FbSb0NNBNy'),('2D2sLvgcdRApZmAhqgDZbh','Omega LP Anthology','2jFXKAH9A9H8lVnJkkLxXl'),('2DKXYxXlATCLvg6SVcJsxB','Rock & Roll Hall of Fame Covers - EP','0L8ExT028jH3ddEcZwqJJ5'),('2drqVzCt52KiDxKgl0Rq0P','Money','4kYSro6naA4h99UJvo89HB'),('2DtLmzu6cCDYO9U53a6hRA','Free TC','7c0XG5cIJTrrAgEC3ULPiq'),('2DyBV06ZmHYRkiVEP2z5R6','Hu$band','10AY17ALos2o3akPqrPydw'),('2e5CxfyEwBW115beiwh7Mc','Swalla (feat. Nicki Minaj & Ty Dolla $ign)','07YZf4WDAMNwqr4jfgOZ8y'),('2eV6DIPDnGl1idcjww6xyX','This Is Acting (Deluxe Version)','5WUlDfRSoLAfcVSX1WnrxN'),('2eYQlGEvc3b1ahYVdqN49M','Still Brazy (Deluxe)','0A0FS04o6zMoto8OKPsDwY'),('2fYhqwDWXjbpjaIJPEfKFw','thank u, next','66CXWjxzNUsdJxJ2JdwvnR'),('2G4AUqfwxcV1UdQjm2ouYr','Ghost Stories','4gzpq5DPGxSnKTe4SA8HAU'),('2guirTSEqLizK7j9i1MTTZ','Nevermind (Remastered)','6olE6TJLqED3rqDCT0FyPh'),('2GVLsiEMDZhxOMATIPBK4d','Wings Over America (Remastered)','4STHEaNw4mPZ2tzheohgXB'),('2gXTTQ713nCELgPOS0qWyt','Nothing Was The Same (Deluxe)','3TVXtAsR1Inumwj472S9r4'),('2gxWOqfi9PJp6szSHHfZpY','Live & Direct: Acoustic Roots','6MxlVTY6PmY8Nyn16fvxtb'),('2HaqChIDc5go3qxVunBDK0','Funk Wav Bounces Vol.1','7CajNmpbOovFoOoasH2HaY'),('2hTxwsnzU7h15XcAUWSME8','Lift Yourself','5K4W6rqBFWDnAN6FQUkS6x'),('2J4lOWOjWUYBRJoShrhAGk','Jasmine','0siBQaURCli5wn2lqv8WZg'),('2jGt3Yn7k3L9JX6Wa5PzXR','Don\'t Hate The Player, Hate The Game #2 - Hosted By DJ Rick Lee','4sv6VJ2QZlaSosz3kFlxQH'),('2JnOb2SpW5DSOHhbW6GKru','Is He Real?','6aiFCgyKNwF9Rv5TOxnE8E'),('2JtlTPzThXs3Pvz8V2iBIB','Mirrorland','5MbNzCW3qokGyoo9giHA3V'),('2k8KgmDp9oHrmu0MIj4XDE','Is This It','0epOFNiUfyON9EYx7Tpr6V'),('2KjK2W2EFrzLF3iTRWnKlJ','Only The Poets Mixtape, Vol. 1','3tQx1LPXbsYjE9VwN1Peaa'),('2KSpGeDoNjqCKg6HL8LAyI','Dreaming Out Loud','5Pwc4xIPtQLFEnJriah9YJ'),('2kyTLcEZe6nc1s6ve0zW9P','Astro Lounge','2iEvnFsWxR0Syqu2JNopAd'),('2kZkiVn1m00XcgaWlLb2LD','SEX AND LOVE (Deluxe)','7qG3b048QCHVRO5Pv1T5lw'),('2l3QxNo4QubBNmVKxLeum0','Harvest (2009 Remaster)','6v8FB84lnmJs434UJf2Mrm'),('2l7RPWC3E6eStJJLBsUeCI','Surfer Rosa (Remastered)','6zvul52xwTWzilBZl6BUbT'),('2lKYJFAYLywsVOxLMRoAOe','Chronchitis','6MxlVTY6PmY8Nyn16fvxtb'),('2mFcOZBh8JmZdwIiOVeTw7','Decade','6v8FB84lnmJs434UJf2Mrm'),('2mnDyPSNM02LMvniaMWnLl','Strip That Down','5pUo3fmmHT8bhCyHE52hA6'),('2NaulYO6lGXTyIzWTJvRJj','Staying at Tamara\'s','2ysnwxxNtSgbb9t1m2Ur4j'),('2NCtCObbmJoJnplsR5mLAl','Sinatra/Basie: The Complete Reprise Studio Recordings','1Mxqyy3pSjf8kZZL4QVxS0'),('2nGL73TqdduRKepdcwJvdm','En Vogue','3ayds6VIVBx3CU5NSNCDbq'),('2nkto6YNI4rUYTLqEwWJ3o','Flower Boy','4V8LLVI7PbaPR0K2TGSxFF'),('2o9McLtDM7mbODV7yZF2mc','Scorpion','3TVXtAsR1Inumwj472S9r4'),('2OBSz5Nlto0Q5CtYPzPY7c','Weezer (Green Album)','3jOstUTkEu2JkjvRdBA5Gu'),('2OKf5WlgqFgszrDsxMq07t','Biz\'s Baddest Beats: The Best Of Biz Markie','22282KfMxDo2PMjnBc82I4'),('2ooG2GlHnems6JwwM87eLW','Brooklyn In The Summer','0id62QV2SZZfvBn9xpmuCl'),('2ovdaakMPUs9aUcOXkOyIv','D.a.I.S.Y. Rage','6YMeCrTjUKwsXh9yhQJjEV'),('2OZbaW9tgO62ndm375lFZr','Madman Across The Water','3PhoLpVuITZKcymswpck5b'),('2P8M5eo4zWFD0JJtH4D0iA','Bigger, Better, Faster, More !','0Je74SitssvJg1w4Ra2EK7'),('2pLAOZiilrhOrTQNqrF8qr','Waking Up','5Pwc4xIPtQLFEnJriah9YJ'),('2qEqDJ20yMk7cY2PkYYgRH','Guillotine - Single','5RADpgYLOuS2ZxDq7ggYYH'),('2Qf9eEl4SC3lGTVBQ9RRTA','Ghetto Beach Boyz','51YACffgZvQwjs8J4ZVDQF'),('2Qi2SySN2ePZwMLDSv9Krn','Modern Vampires of the City','5BvJzeQpmsdsFp4HGUYUEx'),('2QLp07RO6anZHmtcKTEvSC','Boston','29kkCKKGXheHuoO829FxWK'),('2qN66BH6XzAQbZJeVmB8bO','Raw Flips 3 (Instrumentals)','4gkhq1EjcLZjP60fbvOyJT'),('2Qqma0MIYf9ZYvkQNbAJJv','MAKE IT MINE','6U1dV7aL68N7Gb0Naq34V5'),('2r69WsAMyjbgLf8c4woaUr','My Type EP','1dWEYMPtNmvSVaDNLgB6NV'),('2rQ135imvelvp89D8eEZOi','One Hot Minute (Deluxe Edition)','0L8ExT028jH3ddEcZwqJJ5'),('2SByipSK8eZ2pasaIwwzhf','Don\'t Let Me Down','69GGBxA162lTqCwzJG5jLp'),('2scB1uhcCI1TSf6b9TCZK3','FutureSex/LoveSounds','31TPClRtHm23RisEBtV3X7'),('2SmrUzUMMOYQqoPuOhlhjw','Cardinal','2gbT6GPXMis0OAkZbEQCYB'),('2Sq9AIsIrad2GygwB6QLPt','7','1Cs0zKBU1kc0i8ypK3B9ai'),('2sRnJq6dfXdqhIflBk0ve1','All the Little Lights','0gadJ2b9A4SKsB1RFkBb66'),('2t4UTpa53ALkISHhiKrEtv','The Joshua Tree (Deluxe)','51Blml2LZPmy7TTiAg47vQ'),('2t5fdLTQu0xX89rDf4NMNX','Dingo X H1GHR MUSIC','5DIi2JWfQPTKffaVBlIYRn'),('2Ti79nwTsont5ZHfdxIzAm','?','15UsOTVnJzReFVN1VCnxy4'),('2TKbBIv3QaM46sT9BtHKm1','Lemon (Drake Remix)','5wPoxI5si3eJsYYwyXV4Wi'),('2tm3Ht61kqqRZtIYsBjxEj','Stankonia','1G9G7WwrXka3Z1r7aIDjI7'),('2tng2xqRw92yl1pTG6hb0Q','Slide (feat. Miguel)','12PSlydMSjEHzSCj9X5qv7'),('2tpWgbBdzjkaJVJzR4T8y1','Promises (with Sam Smith)','7CajNmpbOovFoOoasH2HaY'),('2tVc8PhqDSRkpgiGOw7Ukb','Goodbye','74oJ4qxwOZvX6oSsu1DGnw'),('2UCWsnmZEVg9HhnMeKTsim','All Killer, No Filler','0qT79UgT5tY4yudH9VfsdT'),('2UDDZVesmQwA4aYfa55diS','American Beauty (2013 Remaster)','4TMHGUX5WI7OOm53PqSDAT'),('2UJwKSBUz6rtW4QLK74kQu','BEYONCÉ [Platinum Edition]','6vWDO969PvNqNYHIOW5v0m'),('2UvZeSBLHe4MA3JK5UUL4g','Runaway - (Originally By Kanye West & Pusha T) [Karaoke / Instrumental] - Single','7bXCYbXleEMprSweKHFs9T'),('2v3AsVBhQVfsxd2RmFg5WG','What Everyone\'s Thinking','6s22t5Y3prQHyaHWUN1R1C'),('2v9Eny0s7E50ugTiFlCuUF','heady','47qrgNNbZRRCAK0ZrKcuZV'),('2widuo17g5CEC66IbzveRu','Hotel California (2013 Remaster)','0ECwFtbIWEVNwjlrfc6xoL'),('2ww7MYrkExsljnKhcINDse','Young The Giant (Special Edition)','4j56EQDQu5XnL7R3E9iFJT'),('2wxO6auSkzsTuSua9PqZop','A New Life','2NjfafEappzvGGGDdMRJMP'),('2wZnO5IbNrXzlQ29RxNuce','Puff Daddy','6yJ6QQ3Y5l0s0tn7b0arrO'),('2xvk51ccjE7SThC1PM5E0b','Ronald Dregan For President 2004: Dreganomics','4sv6VJ2QZlaSosz3kFlxQH'),('2Y9IRtehByVkegoD7TcLfi','Californication (Deluxe Edition)','0L8ExT028jH3ddEcZwqJJ5'),('2YeOhhJg3OWpN0F1VYPxtW','A Fever You Can\'t Sweat Out','20JZFwl6HVl6yg8a4H3ZqK'),('2yepd22RxJzI9RiLFiUQOZ','The Daily Mail / Staircase','4Z8W4fKeB5YxbusRsdQVPb'),('2yfnOvOENB5UvXm7dZolnj','Bobby Charles [w/ Bonus Tracks]','3Z8Ab6lOrrOzIekUwxLxI0'),('2yt8pr76AIWu3ohmnZKNcd','Dirty Heads','6GkJh85o22LfD2vgL9DP6f'),('2z4c8M8aVzl7CTobIp36KF','Slime Season 3','50co4Is1HCEo8bhOyUWKpn'),('2ZaX1FdZCwchXl1QZiD4O4','Señorita','7n2wHs1TKAczGzO7Dd2rGr'),('2ZGkTvwtwDoembcBr8SS0d','The Sailor','2IDLDx25HU1nQMKde4n61a'),('2zLGQD3h1VG2tKzJCdAAyR','Face Dances','67ea9eGLXYMsO2eYQRui3w'),('2zwyBK8ea29FqWuY8IiRJu','iSouljaBoyTellem','6GMYJwaziB4ekv1Y6wCDWS'),('30Ni9qg2MBeeZXybsMOQ7m','Oh My My','5Pwc4xIPtQLFEnJriah9YJ'),('30Perjew8HyGkdSmqguYyg','Blood Sugar Sex Magik (Deluxe Edition)','0L8ExT028jH3ddEcZwqJJ5'),('31KbO7WnDp2AjPdmRTJzdf','Bandana','0Y4inQK6OespitzD6ijMwb'),('31LehqnrVyTuEBEKeXeqVx','If You Leave','46CitWgnWrvF9t70C2p1Me'),('320IHgTaLRjvcRhyfmYbk7','The Sound of Madness','70BYFdaZbEKbeauJ670ysI'),('321q9p7PELvzcFAWxml7VX','Uprising','2QsynagSdAqZj3U9HgDzjD'),('32wYrmt3fg2c8maA80Ioc2','Bcos U Will Never B Free','7pbDxGE6nQSZVfiFdq9lOL'),('33CmI2lR8PnQwz6133Mc7l','Weezer (Deluxe Edition)','3jOstUTkEu2JkjvRdBA5Gu'),('340y6ZpqGxp4xW0203bOPN','Atomic Kitten','6JMHws5haIO6V35YNYDnDw'),('34GQP3dILpyCN018y2k61L','BALLADS 1','3MZsBdqDrRTJihTHQrO6Dq'),('34JNly8P6uZRKTGnmmLNAt','You Should Be Here','0cGUm45nv7Z6M6qdXYQGTX'),('35s58BRTGAEWztPo9WqCIs','Spider-Man: Into the Spider-Verse (Soundtrack From & Inspired by the Motion Picture)','246dkjvS1zLTtiykXe5h60'),('36lJLPoPPOKNFddTAcirnc','In Rainbows (Disk 2)','4Z8W4fKeB5YxbusRsdQVPb'),('377h4vWvsEO8dcErH6z0DQ','I Found You','1LOB7jTeEV14pHai6EXSzF'),('37CqAwxTungNxKpIK5vSgE','hot girl bummer','2cFrymmkijnjDg9SS92EPM'),('37WmpkMVJBLF1A67a7vYDi','Greatest Hits, Vol. 1','16eRpMNXSQ15wuJoeqguaB'),('38kpkGLuPr1nNfD3iEyOlJ','Old Town Road','7jVv8c5Fj3E9VhNjxT4snq'),('38mhQ9p2BiHpz60gthzEVy','Guitar Man','70ZTdbPEcEugBNay4MvxfL'),('392p3shh2jkxUxY2VHvlH8','channel ORANGE','2h93pZq0e7k5yf4dywlkpM'),('39zWkGGJ9811zUhYxJRFjt','Sad Clown Bad Summer Number 9','1GAS0rb4L8VTPvizAx2O9J'),('3a9g6ueh2eVIYGTfmSoKkb','To Record Only Water For Ten Days (U.S. Version)','7rN3Agir6FaZNfhf5V7mfN'),('3arNdjotCvtiiLFfjKngMc','AT.LONG.LAST.A$AP','13ubrt8QOOCPljQ2FL1Kca'),('3bHTLP5a6S4knOG7Lstppm','Be the One You Love','1AHWalyPZ4Zx1s7BampY8C'),('3bzgbgiytguTDnwzflAZr2','Bookends','70cRZdQywnSFp9pnc2WTCE'),('3cG32DOXJoYlOHMmJIaQsm','How Deep Is Your Love','7CajNmpbOovFoOoasH2HaY'),('3cQO7jp5S9qLBoIVtbkSM1','Blurryface','3YQKmKGau1PzlVlkL1iodx'),('3de7JZommOaihUk442MYPl','Häagen Dazs','3V4S3LBWwZCQ0UkKClucoW'),('3DGQ1iZ9XKUQxAUWjfC34w','good kid, m.A.A.d city (Deluxe)','2YZyLoL8N0Wb9xBt1NhZWg'),('3DJXBtZOugSQhzgnfoWp8k','Come On Die Young','34UhPkLbtFKRq3nmfFgejG'),('3DrgM5X3yX1JP1liNLAOHI','The Suburbs','3kjuyTCjPG1WMFCiyc5IuB'),('3dtSst4EXjGeZVQ5Sco315','In Tongues','3MZsBdqDrRTJihTHQrO6Dq'),('3EaCSjHsgMGMbvC1xFCXUD','THE STORY BEGINS','7n2Ycct7Beij7Dj7meI4X0'),('3ebyEGol0Abc7VAxYf7vEg','Unplugged (Deluxe Edition)','6PAt558ZEZl0DmdXlnjMgD'),('3ecRdDscGaPIeYhj3l3IDV','Fatigue','3zXefhSXvdPat7oeahOXJI'),('3eM1KTKmpqrQOvuvYY42cr','Surf','0ojcq9LJQWMawQdFDw3M0L'),('3EpRX9PQqKeLuPfngk8Lk3','Peppa Pig (Prod. Y2K)','6HpIVA13SPof8sYuXRUfxj'),('3fa5cl6Nplripk1h9z1SFv','Every Picture Tells A Story','2y8Jo9CKhJvtfeKOsYzRdT'),('3ff2p3LnR6V7m6BinwhNaQ','The College Dropout','5K4W6rqBFWDnAN6FQUkS6x'),('3foc9z8KL9D4DmIuE5IWEM','20 Joints - Single','2lrtGWxNXWjd0JzDLKXubI'),('3futuUX8tegbKLVgedn6O4','Only Way Is Up','5bgfj5zUoWpyeVatGDjn6H'),('3gJBEJXhxUgPaFwHaPCHgS','Forlorn Beach','5ub3FIyxtEth9Z9CIq2j9l'),('3GNzXsFbzdwM0WKCZtgeNP','Chapters','0B3N0ZINFWvizfa8bKiz4v'),('3gPlX9Zs3tXZZKNCyoOkSm','Midnight Love','3koiLjNrgRTNbOwViDipeA'),('3HhZbSJdhOqMSaRbEt3gtw','Grateful','0QHgL1lAIqAw0HtD7YldmP'),('3HV3ecmJJ2GmHM93vVVKXF','Confident (Deluxe Edition)','6S2OmqARrzebs0tKUEyXyp'),('3id4t9IqRoB1f1smOERtrY','Greatest Hits: God\'s Favorite Band','7oPftvlwr6VrsViSDV7fJY'),('3ifnNbTrSkE9fdAQFyftu8','Foreplay','41DGOfz7IFMVvf9wKAzeZS'),('3JMOZD2qixTTLRW9I6JuF4','Live 2003','4gzpq5DPGxSnKTe4SA8HAU'),('3JQ1MAsTJ9KNkn7MxtNA4h','This Land Is Your Land','0LklyUMMUhpIjMgYHlV0hN'),('3JuIBAoHi6gUmS3tgF4CPg','Does You Inspire You','7hAolICGSgXJuM6DUpK5rp'),('3jWhmYMAWw5NvHTTeiQtfl','Pinkerton','3jOstUTkEu2JkjvRdBA5Gu'),('3k4KtMTnGJsnqTt0AHEmnw','Ga Ga Ga Ga Ga (2017 Remaster)','0K1q0nXQ8is36PzOKAMbNe'),('3KrYBAbfxlssMirZLs6HzZ','Nice To Meet Ya','1Hsdzj7Dlq2I7tHP7501T4'),('3kV0i1qqudjf0PGawJ4jck','People\'s Instinctive Travels and the Paths of Rhythm (25th Anniversary Edition)','09hVIj6vWgoCDtT03h8ZCa'),('3lajefIuUk4SfzqVBSJy8p','Good For You','3Gm5F95VdRxW3mqCn8RPBJ'),('3m67IYWE82EKX3nX9N7fhX','De Stijl','4F84IBURUo98rz4r61KF70'),('3MATDdrpHmQCmuOcozZjDa','TESTING','13ubrt8QOOCPljQ2FL1Kca'),('3mau89iBea8nCPw3I8kKAk','All The Stars (with SZA)','2YZyLoL8N0Wb9xBt1NhZWg'),('3meZFplbMmji648oWUNEfQ','Rockabye (feat. Sean Paul & Anne-Marie)','6MDME20pz9RveH9rEXvrOM'),('3mH6qwIy9crq0I9YQbOuDf','Blonde','2h93pZq0e7k5yf4dywlkpM'),('3mNoFlD1wsoXfkljfFzExT','TALKING IS HARD','6DIS6PRrLS3wbnZsf7vYic'),('3MVb2CWB36x7VwYo5sZmf2','The Blue Room','4gzpq5DPGxSnKTe4SA8HAU'),('3myPwaMYjdwhtq0nFgeG6W','Songs From The Big Chair (Super Deluxe Edition)','4bthk9UfsYUYdcFyqxmSUU'),('3NEd4iDC7VeLtwQC6p9NJn','Yellow (feat. Bekon)','2IDLDx25HU1nQMKde4n61a'),('3o99825qhG7K7D07naRs4F','Cold Water (feat. Justin Bieber & MØ)','738wLrAtLtCtFOLvQBXOXp'),('3Ohs7Jo6GM6mydUOL0m5aC','Mulan','1GlMjIezcLwV3OFlX0uXOv'),('3pEgGUv379EDinvg1TN7Kt','This Is What You Came For','7CajNmpbOovFoOoasH2HaY'),('3phn65gF8UFtnbVtZ6JXBM','The Essentials: The Meters','2JRvXPGWiINrnJljNJhG5s'),('3pKTKC0AAe3yTcXQLzvpSW','Trigga Reloaded','2iojnBLj0qIMiKPvVhLnsH'),('3pLdWdkj83EYfDN6H2N8MR','Black Panther The Album Music From And Inspired By','5IcR3N7QB1j6KBL8eImZ8m'),('3PRoXYsngSwjEQWR5PsHWR','Revolver (Remastered)','3WrFJ7ztbogyGnTHbHJFl2'),('3PYk8e7eo2t5CA1Y3AvhaG','Home of the Strange','4j56EQDQu5XnL7R3E9iFJT'),('3Q149ZH46Z0f3oDR7vlDYV','ANTI','5pKCCKE2ajJHZ9KAiaK11H'),('3qAWioFdKw27uQvHloas7l','Nobody','4ehtJnVumNf6xzSCDk8aLB'),('3QLB5s0MY7ERTwh4GpNMkf','Flicker (Deluxe)','1Hsdzj7Dlq2I7tHP7501T4'),('3qzvxfhCWUYsJuVSOSv0AP','The Very Best of the Grateful Dead','4TMHGUX5WI7OOm53PqSDAT'),('3R3x4zIabsvpD3yxqLaUpc','An Innocent Man','6zFYqv1mOsgBRQbae3JJ9e'),('3r6Wf42AKb0u1efIcWIaji','On Poppy Island','7bqV6iQWSJDJBeZH5lhoeh'),('3RDqXDc1bAETps54MSSOW0','Bangerz (Deluxe Version)','5YGY8feqx7naU7z4HrwZM6'),('3Rjp2KOpdtXNFudFe1m2QN','40 Super Hits Karaoke: R&B Top of the Charts','1UNVJFSDvwWjoRoQGDgorD'),('3sABlBpkGohgVYOVN23q8m','Oh My My','5Pwc4xIPtQLFEnJriah9YJ'),('3SgvmlSsTrMuqICaOTlo0p','What A Man Gotta Do','7gOdHgIoIKoe4i9Tta6qdD'),('3sIFpEctox1XOs3FEkqrgr','The Hurting','4bthk9UfsYUYdcFyqxmSUU'),('3sXJapthAz9vvXDKIwEprp','Joy','7EQ0qTo7fWT7DPxmxtSYEc'),('3SZr5Pco2oqKFORCP3WNj9','Graduation','5K4W6rqBFWDnAN6FQUkS6x'),('3T4tUhGYeRNVUGevb0wThu','÷ (Deluxe)','6eUKZXaKkcviH0Ku9w2n3V'),('3thbkS5Ijz41mAbAOat7wc','Delta','3gd8FJtBJtkRxdfbTu19U2'),('3u3C0J0FIiZi75ZfXbSijo','STAY DANGEROUS','0A0FS04o6zMoto8OKPsDwY'),('3UFnSqy7cAR3AEtkXm4Qwc','Riley Smith','6kVxCBUNiNjVcpj1ODhViy'),('3uFZf8rykoHo7XMIQVYW6r','Axis: Bold As Love','776Uo845nYHJpNaStv1Ds4'),('3umUeoAKPNFzvwmBbiZ4aw','Gimme Fiction (2015 Remaster)','0K1q0nXQ8is36PzOKAMbNe'),('3usnShwygMXVZB4IV5dwnU','Out of the Blue','7jefIIksOi1EazgRTfW2Pk'),('3utWbzZz4YqSW0HGLqyovN','Moovie!','7zmuMr74dNGqjq74uibncO'),('3v8hOkHJAF79wbr3bVwAAf','Harlequin Dream','2NqgE99Ll5vOTvmbN7O2R6'),('3VCaLNEZTCVRwB8fIpmuM7','Odelay','3vbKDsSS70ZX9D2OcvbZmS'),('3vf65wfk1EEjVhy6BjENsS','Ocean Eyes','07QEuhtrNmmZ0zEcqE9SF6'),('3VfwgheyI86T9yto1b1M5H','Gimme Fiction (Deluxe Edition)','0K1q0nXQ8is36PzOKAMbNe'),('3w5Zdmzwq8JDgY0DaheigE','Care','3BBCgZVbXFRzcnT1ewVfRt'),('3w93PGkmXAmEAdJVvmPbzI','Van Halen II (Remastered)','2cnMpRsOVqtPMfq7YiFE6K'),('3WFTGIO6E3Xh4paEOBY9OU','808s & Heartbreak','5K4W6rqBFWDnAN6FQUkS6x'),('3WPhii5HmncMeCKLHZUePr','Control (Remastered)','4ApdWjZjftqD77Vh6qDbCr'),('3wUv2IjD5hPrqlPakpczQa','I Don\'t Like Shit, I Don\'t Go Outside: An Album by Earl Sweatshirt','3A5tHz1SfngyOZM2gItYKu'),('3Wv4X8OA65pGpFzBkuUgAh','DNCE','6T5tfhQCknKG4UnH90qGnz'),('3x2uer6Xh0d5rF8toWpRDA','Nimrod','7oPftvlwr6VrsViSDV7fJY'),('3xfYC3XF0qsR4D11P07llX','ONE DAY','36Hd8M3GV2FLpHUEDH6bCz'),('3XHdRknn2OGMY34vYRcgtu','Great Unknown (From The Motion Picture “The Call Of The Wild”)','3NPpFNZtSTHheNBaWC82rB'),('3XHnTdk5nmiI9BXNXimEBG','AK47 Boyz','6L3x3if9RVimruryD9LoFb'),('3Y2DBOg3GKXDlsUvh4htsi','Lush','2uYWxilOVlUdk4oV9DvwqK'),('3ycjBixZf7S3WpC5WZhhUK','Led Zeppelin','36QJpDe2go2KgaRleHCDTp'),('3yHOaiXecTJVUdn7mApZ48','Room For Squares','0hEurMDQu99nJRq8pTxO14'),('3ZVWwCtmRDJv4GG0vWIwca','Death to False Metal','3jOstUTkEu2JkjvRdBA5Gu'),('408nODJ1r3nO7f3qWkCrCB','461 Ocean Blvd. (Deluxe Edition)','6PAt558ZEZl0DmdXlnjMgD'),('40GMAhriYJRO1rsY4YdrZb','Views','3TVXtAsR1Inumwj472S9r4'),('41C5iULlHU9sMYiekI75Pn','II','1LeVJ5GPeYDOVUjxx1y7Rp'),('41GuZcammIkupMPKH2OJ6I','ASTROWORLD','0Y5tJX1MQlPlqiwlOH1tJY'),('42fyKPanos0Q3woi848ktg','Imperial','6fxyWrfmjcbj5d12gXeiNV'),('42geqX2TUPWb48jtAFDjhN','Gas Pedal','6d47Z08T4snK50HgTEHo5Z'),('42LlDinsxjsByAqqpZXRp4','Tha Smokin\' Nephew','12PSlydMSjEHzSCj9X5qv7'),('43otFXrY0bgaq5fB3GrZj6','The Getaway','0L8ExT028jH3ddEcZwqJJ5'),('44byRkiG5AmHjfrBuodMzp','Body War','5jh7sgXW2njALiIh0aPXjB'),('44cXGGKLjDCExEc0aAMZK3','I Like Tuh','7CCjtD0hCK005Bvg2WG1a7'),('44Ig8dzqOkvkGDzaUof9lK','Led Zeppelin IV (Deluxe Edition; Remaster)','36QJpDe2go2KgaRleHCDTp'),('45jVbFOVEriXYOjNLjIJFq','Conscious','5PjekOABtfU2Kwo0AHVmci'),('45Vo8fWnEVU1SwzWekdlfR','Mexico','4KTcOig7tLcB9mBqfeD6Si'),('46eayJPxf1cBWWUqNa2MJJ','Year Of The Snitch','5RADpgYLOuS2ZxDq7ggYYH'),('46xdC4Qcvscfs3Ai2RIHcv','The Search','6fOMl44jA4Sp5b9PpYCkzz'),('472GvzwE3EZ0i2EEaly5mX','Bury Me At Makeout Creek','2uYWxilOVlUdk4oV9DvwqK'),('48D1hRORqJq52qsnUYZX56','The Rise and Fall of Ziggy Stardust and the Spiders from Mars (2012 Remaster)','0oSGxfWSnnOXhD2fKuz2Gy'),('48u7IqYux9zf5sUWVb6qcm','H.A.L.F (Have.A.Little.Fun)','5DIi2JWfQPTKffaVBlIYRn'),('4a1jgSYZGMTR6Yp6IiSkbO','Cease To Begin','0OdUWJ0sBjDrqHygGUXeCF'),('4aHyt9fwGcyZBqvYYiviln','who dat boi','41X1TR6hrK8Q2ZCpp2EqCz'),('4aSQ4ysFo30Sp09QnvsPeu','I Bet My Life','53XhwfbYqKCa1cC15pYq2q'),('4Au1NRTNzdr2GUEUCNctii','One Way Or Another','4tpUmLEVLCGFr93o8hFFIB'),('4b13SJlne61y53KSEwuQtD','Symphony (feat. Zara Larsson)','6MDME20pz9RveH9rEXvrOM'),('4B2pV5Zds6478QOqA8yqdj','WILLOW','3rWZHrfrsPBxVy692yAIxF'),('4bJqW1SBOvsfcEzZwsjdjx','Lil Boat','6icQOAFXDZKsumw3YXyusw'),('4bLCVUEB9YWKEeaJm8FfqQ','Close To Me (feat. Swae Lee)','0X2BH1fck6amBIoJhDVmmJ'),('4c2p3TdN7NcQfCXyueCNnC','Jungle Rules','6vXTefBL93Dj5IqAWq6OTv'),('4C8EZN0ybnO5fmQBhlMPjj','Billie Holiday','1YzCsTRb22dQkh9lghPIrp'),('4CGanXs6KlVuXXdNrf82qE','1000 gecs','6PfSUFtkMVoDkx4MQkzOi3'),('4cQroVXGDa7ikTp8l5ZJ64','Something Worth Saving','5DYAABs8rkY9VhwtENoQCz'),('4Csoz10NhNJOrCTUoPBdUD','Summertime \'06','68kEuyFKyqrdQQLLsmiatm'),('4CzC68DHIUlP0Hc6UGczhx','How Can I Forget','2l35CQqtYRh3d8ZIiBep4v'),('4CzT5ueFBRpbILw34HQYxi','All Eyez On Me','1ZwdS5xdxEREPySFridCfh'),('4cZXuI6i7lHkWrAnHRr1Hk','Dear Annie','3lLHpTOJ11tWiUNGYN14gt'),('4D8A8M0NJjEdQhusawyeDz','Make Believe','3jOstUTkEu2JkjvRdBA5Gu'),('4Dgxy95K9BWkDUvQPTaYBb','Where the Light Is: John Mayer Live In Los Angeles','0hEurMDQu99nJRq8pTxO14'),('4dKdxly4ji1vfl7sEYuqBe','Dire Straits','0WwSkZ7LtFUFjGjMZBMt6T'),('4E7bV0pzG0LciBSWTszra6','X&Y','4gzpq5DPGxSnKTe4SA8HAU'),('4EK8gtQfdVsmDTji7gBFlz','Melophobia','26T3LtbuGT1Fu9m0eRq5X3'),('4eLPsYPBmXABThSJ821sqY','DAMN.','2YZyLoL8N0Wb9xBt1NhZWg'),('4eMIxtrxlRZjJtKnHBWcyg','Spoonfed','1dTBAtLZBUB8Ir4PmJYw9t'),('4F6GGyqtJoF4EOxDgsKzsB','My Krazy Life (Deluxe)','0A0FS04o6zMoto8OKPsDwY'),('4g1ZRSobMefqF6nelkgibi','Hollywood\'s Bleeding','246dkjvS1zLTtiykXe5h60'),('4G3BRVsGEpWzUdplFJ1VBl','uknowhatimsayin¿','7aA592KWirLsnfb5ulGWvU'),('4gqnsOwnA490OYq58VfJV3','TWENTY88','6g8AmloI8egfrr3dm3SnUL'),('4GxrvKiysSiDU1HHifh1PA','Killing Me Softly','0W498bDDNlJIrYMKXdpLHA'),('4HimCXZJ1qrzMGNbHwj97y','II','0e9H8oaYYRCKFXOVv848nt'),('4I1p9GbBnm0i0TLwB5fCBR','A Long Kiss Goodbye','5CXdWANGwYYRPClH6hhC0P'),('4IFpj2jyRcugt1yzH82m3E','SYRE','0xOeVMOz2fVg5BJY3N6akT'),('4jBtKZtAdIboAJqvx9xiX1','Mundane','6L95H90mXRQPcFar4Q7tAm'),('4JBZ0QHveEpESepanNBG8A','Grateful','0QHgL1lAIqAw0HtD7YldmP'),('4jNUqLLTYdMHhH8Z8tt93S','Hot Shot','5EvFsr3kj42KNv97ZEnqij'),('4JPguzRps3kuWDD5GS6oXr','Memories...Do Not Open','69GGBxA162lTqCwzJG5jLp'),('4kkVGtCqE2NiAKosri9Rnd','Immunity','3l0CmX0FuQjFxr8SK7Vqag'),('4kUea8HwWHjYeBctriCAfd','2014 Half-Time Party Anthems','2ACqE9WWv2W4mUeQXREvbE'),('4KXUz9ro76jtJgX6riZrzo','Nirvana','6olE6TJLqED3rqDCT0FyPh'),('4LH4d3cOWNNsVw41Gqt2kv','The Dark Side of the Moon','0k17h0D3J5VfsdmQ1iZtE9'),('4LniALl9S6YedTFdiZWOMS','Voices','77tT1kLj6mCWtFNqiOmP9H'),('4m6qYeKjccTVvJYxETxVn3','Being so Normal','6fC2AcsQtd9h4BWELbbire'),('4M8vfAVCrE4H0Qg25TyYyz','Jesus Is The One (I Got Depression)','1UH80jhsYsFztK0anu2FNS'),('4mchkmnzdTYIEAnw2FijA3','Broccoli','5M0lbkGluOPXLeFjApw8r8'),('4mwO9qIVmngSe7yR5Ios0I','ONEPOINTFIVE','3Gm5F95VdRxW3mqCn8RPBJ'),('4n9J61IrlrEFswxTu0MJIo','Crumbling','0zGRuj0aQ3mM6i2dQoO8h0'),('4nAIqmKELnBEXEkYg1pMic','Shine','5T0MSzX9RC5NA6gAI6irSn'),('4niafdNQY4a0pNDNFQq4vv','SNOWCONE','6U1dV7aL68N7Gb0Naq34V5'),('4NIsKATEssBSrAl40JlZs5','Dyn-O-Mite','5j93hwFBNo29RJMsWvtzj8'),('4Nlbt2EuXedr6UqaeXEI4c','Dark Sky Paradise (Deluxe)','0c173mlxpT3dSFRgMO8XPh'),('4NtamseeVOGesCm8W9oHSz','Sawdust','0C0XlULifJtAgn6ZNCW2eu'),('4nwd6ernojhNIIRifDJoRz','Still Brazy (Deluxe)','0A0FS04o6zMoto8OKPsDwY'),('4o3RJndRhHxkieQzQGhmbw','Sam\'s Town','0C0XlULifJtAgn6ZNCW2eu'),('4oBGtGI5SkCF1Y5i1lp81W','Legends - Marmalade (Rerecorded)','1tttI1iC4FsS6BM5l38oe5'),('4oEYZnyz2yqpWjjBcq7xLk','Stax Chartbusters, Vol. 1','2Tk0pWxTuQgnE5nsUexrLr'),('4OgescNnfgytnmEgiavDu6','Ahh Shit Gah Damn! (feat. Snoop Dogg & Iamsu!) - Single','7zmuMr74dNGqjq74uibncO'),('4OoNqHBpbgDoqtN3u1IdiC','King Push – Darkest Before Dawn: The Prelude','0ONHkAv9pCAFxb0zJwDNTy'),('4p7OubIrnoRbhi3YUbN5Ib','Midnight Snack','4DMSJzGjw2SMkKAT5EEE5u'),('4PG2VYLVZls4GxvLjKMrp5','Speechless (feat. Tori Kelly)','7z5WFjZAIYejWy0NI5lv4T'),('4PgleR09JVnm3zY1fW3XBA','24K Magic','0du5cEVh5yTK9QJze8zA0C'),('4PrBMzWzzoMOwm55Bfo3dt','Alvvays','3kzwYV3OCB010YfXMF0Avt'),('4PWBTB6NYSKQwfo79I3prg','Rodeo (Expanded Edition)','0Y5tJX1MQlPlqiwlOH1tJY'),('4q5E2s5u5X5HT4UMJpbMKE','Camp','73sIBHcqh3Z3NyqHKZ7FOL'),('4qftBBO7pnYlek3mRENIvM','7','56ZTgzPBDge0OvCGgMO3OY'),('4r2ptyNGtHhPSMvjUusNPY','Jungle','6zVFRTB0Y1whWyH7ZNmywf'),('4S8F794ucXJcAtycwOZgR9','Bitch Better Have My Money','5pKCCKE2ajJHZ9KAiaK11H'),('4skqOUXyBUnzxVPNPxrGWV','Cole World: The Sideline Story','6l3HvQ5sa6mXTsMTB19rO5'),('4Swf9iftTTaoEPbPXyxxUQ','Trilogy','0nCiidE5GgDrc5kWN3NZgZ'),('4TGSaAeUH3oyE7eRHPT57v','Anthology','3WbeZvDk1COiO2dEokZqn7'),('4tI4WJdTN5MzDMRMl2i7VR','Return To The 36 Chambers: The Dirty Version','50NoVNy9GU1lCrDV8iGpyu'),('4TiJdmV0Oh7GauOdmfrXNe','Changes','462T0buQ5ScBUQCRpodDRf'),('4tJPWT4r4FSKwy784Qs1Fq','The Cars','6DCIj8jNaNpBz8e5oKFPtp'),('4TPKpY5rqTMSyuQwBXIZeS','Can You Feel It','2hCU6EhDEmPjpqe8cAHAcm'),('4UB0J5V3JsZZtNR360pZ6r','Rather Be (feat. Jess Glynne)','6MDME20pz9RveH9rEXvrOM'),('4undIeGmofnAYKhnDclN1w','Hot Fuss','0C0XlULifJtAgn6ZNCW2eu'),('4uWmfuW68AR0mGFpYlUDjL','Urban Hymns (Deluxe / Remastered 2016)','2cGwlqi3k18jFpUyTrsR84'),('4VqdntbxmB7r1At6sPKRnb','Red Friday','0A0FS04o6zMoto8OKPsDwY'),('4vUClKTFaDWnsHE8rK52GY','All That We Needed','1g1yxsNVPhMUl9GrMjEb2o'),('4VzzEviJGYUtAeSsJlI9QB','Woodstock','4kI8Ie27vjvonwaB2ePh8T'),('4W0r9HOcuCC6Vh7aze2hwi','Sucker','7gOdHgIoIKoe4i9Tta6qdD'),('4wBDclsxFzGnR4kVAAMI7K','Elephunk','1yxSLGMDHlW21z4YXirZDS'),('4WD4pslu83FF6oMa1e19mF','Blood On The Tracks','74ASZWbe4lXaubB36ztrGX'),('4wExFfncaUIqSgoxnqa3Eh','Mothership','36QJpDe2go2KgaRleHCDTp'),('4WnkQO4xD9ljQooB3VIxCV','Comedown Machine','0epOFNiUfyON9EYx7Tpr6V'),('4Wv5UAieM1LDEYVq5WmqDd','KOD','6l3HvQ5sa6mXTsMTB19rO5'),('4wVHvawxZy52Oemd4sGyUm','In Through The Out Door','36QJpDe2go2KgaRleHCDTp'),('4Y2V5TihhuWyKGnUzLQEpH','Amen','2IDLDx25HU1nQMKde4n61a'),('4yim2wNOMcXYO7c2lkKRab','Noel Gallagher\'s High Flying Birds (Deluxe Edition)','7sjttK1WcZeyLPn3IsQ62L'),('4yqm0ZLcphXs8M8cVvLKym','0','6ignRjbPmLvKdtMLj9a5Xs'),('4yyKZOy1Nq9DPfzf5O4Hpg','The Motto (Explicit Version)','3TVXtAsR1Inumwj472S9r4'),('4zETbpGKT1FHsEZq3QFQUR','Tradition','6NgYKD0TKGjwtRFqTyyqKF'),('4zhRkgoZKC2xCPPys1gK4b','Simple Pleasures','2FjkZT851ez950cyPjeYid'),('4zpN41aGAYPWX3dzE19rH7','Unpeeled','26T3LtbuGT1Fu9m0eRq5X3'),('4ZTcGoOrNro2aCAStXEjZi','Port Of Morrow','4LG4Bs1Gadht7TCrMytQUO'),('500FEaUzn8lN9zWFyZG5C2','The Bends','4Z8W4fKeB5YxbusRsdQVPb'),('50156iq4owa0BXegpAf1Mg','Only Diamonds Cut Diamonds','5iUnvXddCpOrbWKm7QMr6o'),('50IYgxihl1VlfSk0dReOOT','Good Grief','7EQ0qTo7fWT7DPxmxtSYEc'),('50o7kf2wLwVmOTVYJOTplm','Rubber Soul (Remastered)','3WrFJ7ztbogyGnTHbHJFl2'),('51o7e7jwDTbX8r43zbjieM','My Krazy Life','0A0FS04o6zMoto8OKPsDwY'),('51s30K7a36ORx6AAaPBRRY','Evolve','53XhwfbYqKCa1cC15pYq2q'),('51TN0K5PPiEAlc9BThj08l','Day Drink','7EBy1PkMgjQ9H5qroSGC8P'),('51WLEfPEEkzAWurvuY6Gco','Veteran','6yJ6QQ3Y5l0s0tn7b0arrO'),('52bwpFP1d8uri0V5oWQLF0','Night & Day (Night Edition)','7gAppWoH7pcYmphCVTXkzs'),('53PBYiedQrASAs5sy63JqT','Who\'s Next (Expanded Edition)','67ea9eGLXYMsO2eYQRui3w'),('53tvjWbVNZKd3CvpENkzOC','Greatest Hits','0L8ExT028jH3ddEcZwqJJ5'),('55bbXORm6ZrVq52zfZnxBf','Encore','540vIaP2JwjQb9dm3aArA4'),('56G9UnPmRifbubzPDJfAyd','Coda (Deluxe Edition)','36QJpDe2go2KgaRleHCDTp'),('573iLAebuuBiOerLRZRaSZ','Thunder / Young Dumb & Broke (with Khalid) [Medley]','53XhwfbYqKCa1cC15pYq2q'),('57lJNxlrPSin9SySEnerNb','Fashion Nugget','6A43Djmhbe9100UwnI7epV'),('582BvSmU6StxTJ4PmTR79j','Pink as Floyd / Your Eyes Girl','0L8ExT028jH3ddEcZwqJJ5'),('5a3LqvNt2nv1B4aRKXmgOV','Revolution Radio','7oPftvlwr6VrsViSDV7fJY'),('5aaGMlXakEJJVlKCwC5vaR','Everybody\'s Big Brother','64MoApwh8MFMHUarm13lrv'),('5AhiDbA3DcMCjpFMFhLHZq','Once Upon a Time','4jk4lxjwNCDVIwHyCrUmlk'),('5amQlpdmcWbZ2KCbA5Fj5b','Everybody\'s in Show-Biz','1SQRv42e4PjEYfPhS0Tk9E'),('5Az98PddCKwVoorl9pK6U7','Time \'n\' Place','6OqhFYFJDnBBHas02HopPT'),('5BbPN7qjPfUSEeTvXoGwNL','Black Moses (feat. JPEGMAFIA)','4cUkGQyhLFqKHBtL58HYVp'),('5bHkK1X4WEOzNvRhehvOcb','Deja Vu','1CYsQCypByMVgnv17qsSbQ'),('5BvgP623rtvlc0HDcpzquz','Katy Perry - Teenage Dream: The Complete Confection','6jJ0s89eD6GaHleKKya26X'),('5bwoCpDhski3iIxwsdgPTM','Everything Will Be Alright In The End','3jOstUTkEu2JkjvRdBA5Gu'),('5chBPOVY2I0bG5V3igb5QL','Havana','4nDoRrQiYLoBzwC5BhVJzF'),('5CHtbHytqjRfyRzrmyZgWU','Dark Eyes','3ceQN2NVlLg1hgTzljDE4n'),('5COXoP5kj2DWfCDg0vxi4F','In the Aeroplane Over the Sea','2ooIqOf4X2uz4mMptXCtie'),('5d6X8oegJmu9XKn9UBAswG','Third Album','2iE18Oxc8YSumAU232n4rW'),('5d71Imt5CIb7LpQwDMQ093','Full Moon Fever','2UZMlIwnkgAEDBsw1Rejkn'),('5Dbax7G8SWrP9xyzkOvy2F','The Wall','0k17h0D3J5VfsdmQ1iZtE9'),('5DJHtJpuoj7VidJ447oD8s','Throwback Tunes: 70s','3mC1KCuZZSOlN8Z0M56VsV'),('5dN7F9DV0Qg1XRdIgW8rke','American Idiot','7oPftvlwr6VrsViSDV7fJY'),('5dOpbgAmJeyoakKQ0QLWkR','The Incredible True Story','4xRYI6VqpkE3UwrDrAZL8L'),('5dR0fhE3oveLRSUMMQ3oRB','Marcy Playground','7AQzXO3NPNQsI7oNu5rC3r'),('5Dw1GPGxKN6LfNoiFj3LJY','No One\'s Gonna Love You (Stockholm Version)','0OdUWJ0sBjDrqHygGUXeCF'),('5EBGCvO6upi3GNknMVe9x9','ye','5K4W6rqBFWDnAN6FQUkS6x'),('5eg56dCpFn32neJak2vk0f','Crazysexycool','0TImkz4nPqjegtVSMZnMRq'),('5eKuModdAdZRmc51241r4D','Hi, It\'s Me','3PyJHH2wyfQK3WZrk9rpmP'),('5f6Eu9QtujgGggq5qbbycV','Nation Of Two','10exVja0key0uqUkk6LJRT'),('5FWXNOt1Hyv9nja1qz8qv4','Cherry Peel','5xeBMeW0YzWIXSVzAxhM8O'),('5FWZm9haAG0NhY6WmdS4oW','Closer to the Sun','6MxlVTY6PmY8Nyn16fvxtb'),('5GBcqixIFDPEom7AUNbFiM','Kauai','73sIBHcqh3Z3NyqHKZ7FOL'),('5gdoRB1AUsGnScCuZ8gmPp','Heartbreak Weather','1Hsdzj7Dlq2I7tHP7501T4'),('5GFNkpB5E3L6LFlkqpQvQv','Addictions','5Pwc4xIPtQLFEnJriah9YJ'),('5GiqXho2S6vfntgRwSdhYp','Blow The Whistle','4sb7rZNN93BSS6Gqgepo4v'),('5hptBuBwjb6Z11tV5bM9Oa','Sylva','7ENzCHnmJUr20nUjoZ0zZ1'),('5IenxFp0vpnXBUxPcwJtbE','MKTO','2l35CQqtYRh3d8ZIiBep4v'),('5igNThTeWvB5yHQHH7ywYo','Remember Me (Deluxe Edition)','6d47Z08T4snK50HgTEHo5Z'),('5iHriAMstCv20NpOo0BX1A','Peso','13ubrt8QOOCPljQ2FL1Kca'),('5iIWnMgvSM8uEBwXKsPcXM','Layla And Other Assorted Love Songs (40th Anniversary / 2010 Remastered)','2rc78XDH9zuJP6bm78lU8Z'),('5ilsl5R2lGACTnPZMKIp7o','All My Heroes Are Cornballs','6yJ6QQ3Y5l0s0tn7b0arrO'),('5Ki4YFQrUx7hCcQx1LJUQb','Nothing Great About Britain','3r1XkJ7vCs8kHBSzGvPLdP'),('5l22GOJfCF2LupDW1FftWP','Does This Ski Mask Make Me Look Fat?','6yJ6QQ3Y5l0s0tn7b0arrO'),('5ll74bqtkcXlKE7wwkMq4g','Late Registration','5K4W6rqBFWDnAN6FQUkS6x'),('5LsyqeWryTmxsmda4xkm5a','UNLOCKED','6fxyWrfmjcbj5d12gXeiNV'),('5M1LRjo6pwaxEBuu7Dbvjb','Photographs & Memories: His Greatest Hits','1R6Hx1tJ2VOUyodEpC12xM'),('5MAL7e4EnKXW1hFg6NbFqP','Slowhand 35th Anniversary (Super Deluxe)','6PAt558ZEZl0DmdXlnjMgD'),('5mLjE4CPn8kNpzqNNslabJ','Paradise','4GvEc3ANtPPjt1ZJllr5Zl'),('5MqyhhHbT13zsloD3uHhlQ','Who\'s Next','67ea9eGLXYMsO2eYQRui3w'),('5MxXY7DbFMUiHFTPUabgJJ','I Don’t Wanna Live Forever (Fifty Shades Darker)','5ZsFI1h6hIdQRw2ti0hz81'),('5nkUSlIhtoJZMOUlB0sNCp','From Under The Cork Tree','4UXqAaa6dQYAk18Lv7PEgX'),('5oAHybAukCBg6BRvdyBCPC','Deep Into The Wild','57XxYitjM17AFJJSfLJpDR'),('5OarmVlBMJibQegaYkqUUX','Inhibition','2PnETbh55Irnv3VAFBALfd'),('5OCg9OWnL1PY4tW2ON8ssj','Comfort Eagle','6A43Djmhbe9100UwnI7epV'),('5ooCuPIk58IwSo6DRr1JCu','The Pinkprint (Deluxe)','0hCNtLu0JehylgoiP8L4Gh'),('5OtuvumuyOk1s5kGJAk1bJ','Flood','6Vf4rmMsQbAwiCG00YeEI7'),('5p64XgvFREt1P6mC7Xl6XN','A Crow Looked at Me','4Sw0SFu1fFdYXdAEVdrqnO'),('5P8u8ErkPnuT98AZfa3L4P','Homecoming (In the Style of Kanye West & Chris Martin) [Karaoke Version] - Single','7ihHolAdjjtkPQNBV3dwwX'),('5PYpthagjwOjL17AqVxbKq','Blue Hunnids (feat. P-Lo) - Single','7zmuMr74dNGqjq74uibncO'),('5qeKpDQFyotJjLh61pUZQo','Truce - EP','7xEFii6utZmQ61kX59HmLH'),('5QoEfDDOaOSkBdmedtx1KO','Growing Pains','52lUXCmpmAIVsgNd1uADOy'),('5QxIVL7crriWRGzGL35v27','Wabi Sabi','7zyObVag8rUjItn71SkIrh'),('5R27t83T8Jhltww09lriMo','The Legendary Masters Series (Volume 1)','73sSFVlM6pkweLXE8qw1OS'),('5r3lJY6s6s0MLYxojPulsm','Huckleberry','42UrF25gDVhovYn4Dd422d'),('5RlT8X7XGGLKUhoimrDl54','Hall Of Fame (Deluxe)','0c173mlxpT3dSFRgMO8XPh'),('5s0rmjP8XOPhP6HhqOhuyC','Stoney (Deluxe)','246dkjvS1zLTtiykXe5h60'),('5SEQL40XcXX1FUHtiqa8PG','Time','4596e2d3KmYzAeVenjCxfj'),('5sI8UQqpC7dckvJLvhPWeL','They Know','787bCXOIvGeBw0Bc4kEjhD'),('5SXT6dwhHX56Sos7KMcMF5','In Return','21mKp7DqtSNHhCAU2ugvUw'),('5u2scbuAgP8wLhsKhMnr50','Young Rising Sons','6ZUjdwG0NvY6MT7vvmluhV'),('5udw4f9l9vwuJVkrbRFy3j','Remember Me','6d47Z08T4snK50HgTEHo5Z'),('5ufzqDK2p7Te64hQBAu35t','Timeline','5J81VungUjSVHxlPpTI9KG'),('5UWKsRDw3O4BsobmeyRpB9','Injury Reserve','3nf2EaHj8HikLNdaiW3v73'),('5UxByPt10KPgK6l9IlipmB','Subtrap','6aiFCgyKNwF9Rv5TOxnE8E'),('5vaoiQeWdC1ssSaM2WjcjZ','Flume: Deluxe Edition','6nxWCVXbOlEVRexSbLsTer'),('5VdyJkLe3yvOs0l4xXbWp0','17','15UsOTVnJzReFVN1VCnxy4'),('5VIQ3VaAoRKOEpJ0fewdvo','Fleetwood Mac','08GQAI4eElDnROBrJRGE0X'),('5WrbKW1nRN4vSsu70uizxX','Luv Is Rage','4O15NlyKLIASxsJ0PrXPfz'),('5wtE5aLX5r7jOosmPhJhhk','Swimming','4LLpKhyESsyAXpc4laK94U'),('5WupqgR68HfuHt3BMJtgun','Goodbye Yellow Brick Road (Remastered)','3PhoLpVuITZKcymswpck5b'),('5wZtSIvijWCMc1vlPFqAyB','I\'m with You','0L8ExT028jH3ddEcZwqJJ5'),('5xeMctXQWNmMq4aAjwuR3e','Unearthed','6kACVPfCOnqzgfEF5ryl0x'),('5xxeAo8AVneH1OKO5vR604','The Presidents of The United States of America: Ten Year Super Bonus Special Anniversary Edition','1lZvg4fNAqHoj6I9N8naBM'),('5XyB57ycIwMzsO4OQFD6Gw','Yellow Bike','4ApdWjZjftqD77Vh6qDbCr'),('5y4Ikuc4sLtNOpanoKKqwo','Shine','5T0MSzX9RC5NA6gAI6irSn'),('5y6wlw1LnqFnQFruMeiwGU','The Joshua Tree (Super Deluxe)','51Blml2LZPmy7TTiAg47vQ'),('5YF8ms264wRnswVK1YMYmu','ORION','3NPpFNZtSTHheNBaWC82rB'),('5ym6E1NaHkmfN25cPGfKwY','twicetagram','7n2Ycct7Beij7Dj7meI4X0'),('5yuWF28EuLGYQ3dtGLjUAC','Me No Do Karate','1luOe8HkZQ7zwuaO2wuJqI'),('5z090LQztiqh13wYspQvKQ','Electric Ladyland','776Uo845nYHJpNaStv1Ds4'),('5ZFLbC03MlboG6VSLlA6V5','Chicago Style','1GQx6SUIHxDC1mRIFIpslD'),('5zi7WsKlIiUXv09tbGLKsE','IGOR','4V8LLVI7PbaPR0K2TGSxFF'),('602bFcdb1Fof8HImMWxYvp','Guns','2SlUrJAcTYbWR8GcmB9IEi'),('60hUnkVj448FpCUPbvCjGn','DSGIS','6rYEqmajzlhGVaayOJ2bpJ'),('60xcVwuQJAOyu11xf9mObS','ASCEND','45eNHdiiabvmbp4erw26rg'),('61NNWRxokNUQx0aYysBL76','So Far Gone','3TVXtAsR1Inumwj472S9r4'),('621OhgnZJ7Pz8iUazct1In','Cherry Bomb','4V8LLVI7PbaPR0K2TGSxFF'),('63WdJvk8G9hxJn8u5rswNh','Take Care (Deluxe)','3TVXtAsR1Inumwj472S9r4'),('6400dnyeDyD2mIFHfkwHXN','Pablo Honey','4Z8W4fKeB5YxbusRsdQVPb'),('653wRjqO0GOZPQPcXpeAXD','Be the Cowboy','2uYWxilOVlUdk4oV9DvwqK'),('66at85wgO2pu5CccvqUF6i','Some Rap Songs','3A5tHz1SfngyOZM2gItYKu'),('67vmBAu5bzXKL13wbYGfb7','A Different State of Mind','5CXdWANGwYYRPClH6hhC0P'),('684W6NpKllEexqQlGqetCi','thank u, next','66CXWjxzNUsdJxJ2JdwvnR'),('68ZGCwTDtJGbC3E3gL6d48','Living Room','6s22t5Y3prQHyaHWUN1R1C'),('69MkRYEzxiZ84QmgmPJqdY','b-sides and rarities','6A43Djmhbe9100UwnI7epV'),('69P9Ro0W286yLFgYwrGVN0','Elton John','3PhoLpVuITZKcymswpck5b'),('69Pj3ce9XFZUi3XuQylLKf','Night & Day (Night Edition)','7gAppWoH7pcYmphCVTXkzs'),('6AFLOkpJjFF652jevcSOZX','Morrison Hotel','22WZ7M8sxp5THdruNY3gXt'),('6AOaqWipm2Zk0oBp0uUey2','Soft Sounds from Another Planet','7MoIc5s9KXolCBH1fy9kkw'),('6aVImmebOn6ecY0VeUe8lu','You Broke','0A0FS04o6zMoto8OKPsDwY'),('6bbL6fIixWFp4lX2Hc1WQB','Who Dat','6l3HvQ5sa6mXTsMTB19rO5'),('6Cfe6KeJNBqa0vb6ABPQ4R','Joy, Departed','7jXQfCP0xRnnind08ie0zT'),('6cgyMrFiZf5J9RIbwyX7WL','Schemin Up (feat. Drake and P. Reign)','4thGcsymOK5oc43gJVtAqZ'),('6cKBoHXh7dKn2gVsGniZ58','ERYS (Deluxe)','0xOeVMOz2fVg5BJY3N6akT'),('6ClbIS023wjWiysMJsc4mQ','Keep Running','6GktICKX3ztnngGl4WPCNV'),('6cSlODoo4uSPxXfyGwcY9I','My Thoughts on You','6d4jrmreCmsenscuieJERc'),('6cxtdOwHNx4UjOCroOHhmh','Fight Test-EP','16eRpMNXSQ15wuJoeqguaB'),('6dbuCjj3cjh1jyHogN0XtR','Won\'t Go Home Without You','04gDigrS5kc9YWfZHwBETP'),('6deiaArbeoqp1xPEGdEKp1','By the Way (Deluxe Edition)','0L8ExT028jH3ddEcZwqJJ5'),('6DEjYFkNZh67HP7R9PSZvv','reputation','06HL4z0CvFAxyc27GXpf02'),('6DExt1eX4lflLacVjHHbOs','Pronounced\' Leh-\'Nerd \'Skin-\'Nerd','4MVyzYMgTwdP7Z49wAZHx0'),('6dgQDrfjCOe7E8ruh1ruWa','TMRW','787bCXOIvGeBw0Bc4kEjhD'),('6DnxZc9FT5qSMKKFDdviO2','Do You Love Her Now / He','53wZLCnhshZKDRs3uopFBc'),('6DX4K0afv5l01Pf6lymJuB','Orphans / Arabesque','4gzpq5DPGxSnKTe4SA8HAU'),('6dzxWdAnluek7QJ3EEj21O','So Polite','3MATPJ9tYbcMhw5VOZrRU6'),('6eBxAS4PTwclA7xyiij9PW','No One Here','3OfiFNgFbJAwuQnVvOL2bh'),('6Eo5EkmdLvZrONzi046iC2','Com Lag: 2+2=5','4Z8W4fKeB5YxbusRsdQVPb'),('6fb7z9rBdrjzpBTg1R1Bwp','Eyes Open','3rIZMv9rysU7JkLzEaC5Jp'),('6FIFqclBriPCb0SjWDaHIk','Veckatimest','2Jv5eshHtLycR6R8KQCdc4'),('6fqDwkVt4E4Kbg4CHMHs45','Let My People Go','4JfFdF9Row7UXtdsKtT6tc'),('6fQElzBNTiEMGdIeY0hy5l','Hunky Dory (2015 Remastered Version)','0oSGxfWSnnOXhD2fKuz2Gy'),('6Fr2rQkZ383FcMqFyT7yPr','Purpose (Deluxe)','1uNFoZAHBGtllmzznpCI3s'),('6GphKx2QAPRoVGWE9D7ou8','Pet Sounds (Original Mono & Stereo Mix Versions)','3oDbviiivRWhXwIE8hxkVV'),('6HEMA5Jovh1s1zUhtqwJL3','The Odyssey','5ub3FIyxtEth9Z9CIq2j9l'),('6HiGOyRSF5SiFh5Yv5mEu5','This Isn\'t The Album','5G9kmDLg3OeUyj8KVBLzbu'),('6hm2ALx7WLhe08ghG1fcVa','Kids','2IDLDx25HU1nQMKde4n61a'),('6hpiZXzsZxlkTXY8zavu3N','The Click','6s22t5Y3prQHyaHWUN1R1C'),('6htgf3qv7vGcsdxLCDxKp8','Night Visions','53XhwfbYqKCa1cC15pYq2q'),('6J2BJd3FQDDlh2ZjL6QIpF','Raditude (Deluxe)','3jOstUTkEu2JkjvRdBA5Gu'),('6j62lF3YXsygj6xTjAyRG5','Sexual Healing (Kygo Remix)','3koiLjNrgRTNbOwViDipeA'),('6j6Zgm7vzAZegr48UppFVT','Drops Of Jupiter','3FUY2gzHeIiaesXtOAdB7A'),('6JdSCUch3Ic4oCV6lj9GeG','TRXYE','3WGpXCj9YhhfX11TToZcXP'),('6jTUmLtY779ZNYsyugOq2q','Fleetwood Mac (2017 Remaster)','08GQAI4eElDnROBrJRGE0X'),('6k3vC8nep1BfqAIJ81L6OL','An Awesome Wave','3XHO7cRUPCLOr6jwp8vsx5'),('6kf46HbnYCZzP6rjvQHYzg','American Teen','6LuN9FCkKOj5PcnpouEgny'),('6kPOXxCYCdXBzEbb9dqE90','Fashion Nugget','6A43Djmhbe9100UwnI7epV'),('6KT8x5oqZJl9CcnM66hddo','Free Spirit','6LuN9FCkKOj5PcnpouEgny'),('6L4gtDcKB0RBRpx2DhHrsQ','EP (2011 Re-Release)','73sIBHcqh3Z3NyqHKZ7FOL'),('6ltLI77XvUOwApSWpZbUGE','Someday Somewhere','5Q81rlcTFh3k6DQJXPdsot'),('6mm1Skz3JE6AXneya9Nyiv','Oracular Spectacular','0SwO7SWeDHJijQ3XNS7xEE'),('6N8uPmDqbgXD3ztkCCfxoo','Just As I Am','1ThoqLcyIYvZn7iWbj8fsj'),('6ngx8qruRt2McKmWzpywRq','Rich Bitch Juice','5HvKzBgj4yphQfBJjBJrhL'),('6nkmtyFpZHm7piIFJgsxxa','Face to Face (Deluxe Edition)','1SQRv42e4PjEYfPhS0Tk9E'),('6nSxfyk0wt8bi63wHYPbQE','Jace Tape','0vaKiuLwFJLVU664A8GTjE'),('6ohX7moZZnF1FwYrli1OJ6','In Utero - 20th Anniversary - Deluxe Edition','6olE6TJLqED3rqDCT0FyPh'),('6oU298pdPTCQnMx1PYwyUA','Point Of Know Return','2hl0xAkS2AIRAu23TVMBG1'),('6ozp33PI3p9AdddB6ZL3xQ','(What\'s The Story) Morning Glory? (Deluxe Edition) [Remastered]','2DaxqgrOhkeH0fpeiQq2f4'),('6oZWFy4LwuK1ECilI2XTcX','Champagne Champion','0Pb8ZfFfE2O0pvsFdwVUYl'),('6P5QHz4XtxOmS5EuiGIPut','Led Zeppelin III (Remastered)','36QJpDe2go2KgaRleHCDTp'),('6PBZN8cbwkqm1ERj2BGXJ1','good kid, m.A.A.d city','2YZyLoL8N0Wb9xBt1NhZWg'),('6PMuXABPVPf11EgTxrjroO','All Day','5K4W6rqBFWDnAN6FQUkS6x'),('6pwuKxMUkNg673KETsXPUV','KIDS SEE GHOSTS','2hPgGN4uhvXAxiXQBIXOmE'),('6QaVfG1pHYl1z15ZxkvVDW','Sgt. Pepper\'s Lonely Hearts Club Band (Remastered)','3WrFJ7ztbogyGnTHbHJFl2'),('6qIBaopvx9STCAa7ud8PRZ','Right Hand','3TVXtAsR1Inumwj472S9r4'),('6QVn3X0VlX6XynvzgQVPi0','I Got A Name','1R6Hx1tJ2VOUyodEpC12xM'),('6RhSCF1Z3g95Q1rZWqpUdT','Phone Numbers','6USv9qhCn6zfxlBQIYJ9qs'),('6SivmmHM5n3CCsU99XDFYi','Everything You Need','6MxlVTY6PmY8Nyn16fvxtb'),('6StNTJJ7Yq3Hf121kLvPBz','Weezer (White Album)','3jOstUTkEu2JkjvRdBA5Gu'),('6svTt5o2lUgIrgYDKVmdnD','I Might Be Wrong','4Z8W4fKeB5YxbusRsdQVPb'),('6t7956yu5zYf5A829XRiHC','The Marshall Mathers LP','7dGJo4pcD2V6oG8kP0tJRR'),('6tGEWfRhonWuuQikgOnYhN','Bambi','1btWGBz4Uu1HozTwb2Lm8A'),('6TYkTDE0UnV2FAtVIII6ER','High Tolerance','7kIbB1pdDyehFj8aNgfzfH'),('6u8THlUp0wtKQA8TJA13IG','Signs and Wonders','3XTDF3ka1IRLXu61qd36zK'),('6uEgPlkfgRwWwEa4w62ZC2','Silent Steeples','6v4jPZO3UIDNJIgdxRxtr9'),('6UHnrutbXsSuSiQJf8jBdI','I Never Liked Your Friends','4PjHNisXpQqSDXOJBFRK8p'),('6UixeNUSjrBnxeYV0ZuGHR','The Eternal Dance','4QQgXkCYTt3BlENzhyNETg'),('6uydhBMXBy4YLpEsWEaWde','I\'m on Fire','6kVxCBUNiNjVcpj1ODhViy'),('6v8wNjiQDhDijoapXXZ9mZ','Weezer (Red Album)','3jOstUTkEu2JkjvRdBA5Gu'),('6V9YnBmFjWmXCBaUVRCVXP','Amnesiac','4Z8W4fKeB5YxbusRsdQVPb'),('6VTxfTTsn6eAbwA43VYXGR','preHISTORIC Till Death','2NjfafEappzvGGGDdMRJMP'),('6vuykQgDLUCiZ7YggIpLM9','A Moon Shaped Pool','4Z8W4fKeB5YxbusRsdQVPb'),('6wi40lIjhukePWyXRKY7qO','ARIZONA BABY','07EcmJpfAday8xGkslfanE'),('6WrxgVbi9Q96gV8tZMq3FH','French Exit','0Y6dVaC9DZtPNH4591M42W'),('6Wsai43KQmmKlN29AWlXFr','Leak 04-13 (Bait Ones)','53wZLCnhshZKDRs3uopFBc'),('6WWXMhWEmIM9SaAyZCFvYL','OUTTA MY MIND','6NgYKD0TKGjwtRFqTyyqKF'),('6XeL8rkWXe5pUdg2uGqmak','single.','00TKPo9MxwZ0j4ooveIxWZ'),('6XIm98oFtEgIN0VPdzoKvu','Retired from Sad, New Career in Business','2uYWxilOVlUdk4oV9DvwqK'),('6xJC9AbMpm4ebrTWz6Fd5S','#BitchImTheShit','5LHRHt1k9lMyONurDHEdrp'),('6XnLSCbiS4TzjTFL2W9979','Caution (Radio Edit)','0C0XlULifJtAgn6ZNCW2eu'),('6y4W6T5HCkRXCfsRu5KnC3','Utopian','3v9wPA58IVrX2dg6AjSPgi'),('6YabPKtZAjxwyWbuO9p4ZD','Highway 61 Revisited','74ASZWbe4lXaubB36ztrGX'),('6YCcGxz3l1shgr3F7XbNee','Gassed Up','5lCY3tqdQxbeg5igSlObaT'),('6yEuIwTQpciH1qtj7mP5GK','Out Of Time (25th Anniversary Edition)','4KWTAlx2RvbpseOGMEmROg'),('6YFBWwUDdot8IjBZSYOacB','Head In The Clouds','1AhjOkOLkbHUfcHDSErXQs'),('6ymZBbRSmzAvoSGmwAFoxm','Doolittle','6zvul52xwTWzilBZl6BUbT'),('6yZInDYmAnQvbMe4de39Hw','For the Hopeful','0daqkBcaVRoQwHAPZ5Pp9l'),('6Z1zv6Hw9bdvSoxI5uYk2h','The 1975','3mIj9lX2MWuHmhNCA7LSCW'),('6z7gk9b9fQoyfGvR42Rcoo','Peepers','22rVIFpjlQGme9i7lMnfQx'),('6ZB8qaR9JNuS0Q0bG1nbcH','Funeral','3kjuyTCjPG1WMFCiyc5IuB'),('6ZG5lRT77aJ3btmArcykra','Parachutes','4gzpq5DPGxSnKTe4SA8HAU'),('6ZksrxRWlJ7ExylPyJwfLJ','In Tongues (Deluxe)','3MZsBdqDrRTJihTHQrO6Dq'),('70lQYZtypdCALtFVlQAcvx','Led Zeppelin II','36QJpDe2go2KgaRleHCDTp'),('70p5NvBOkvaxU1UeIxhE1Z','Quarter Past Midnight','7EQ0qTo7fWT7DPxmxtSYEc'),('716fnrS2qXChPC3J2X73pK','The English Riviera','54QMjE4toDfiCryzYWCpXX'),('71clfVkkopYLrgweVj2cow','Beautiful Girls','6S0dmVVn4udvppDhZIWxCr'),('71g0cSWJ5QNtGffr0nqnKU','Runaway (Deluxe)','0gadJ2b9A4SKsB1RFkBb66'),('71HM1CMYWeZzws8pyiEn46','The Predator','3Mcii5XWf6E0lrY3Uky4cA'),('71RGak4YY6gzttupLNiVUC','Castaways and Cutouts','7ITd48RbLVpUfheE7B86o2'),('72olNArm75vOycSziqIX9Y','Away From The Sun','2RTUTCvo6onsAnheUk3aL9'),('72qA6s4fjF8Y2VX1UDMfp2','GEMINI','3JhNCzhSMTxs9WLGJJxWOY'),('732gud2ZvQiD9nHSi8qMtA','Grim Meets Evil','2NjfafEappzvGGGDdMRJMP'),('73aMxGDYsynv1PQDo74X5P','Good Good','5ScrzldePz9D405XGPLaQ4'),('73TNMu44lT0m1h1Nn6Bfiq','Sail Out','5ZS223C6JyBfXasXxrRqOk'),('73utg7N85G6LQUZLJ9ErPJ','Don\'t Blame the Youth','1NGIcWzf6Ucy1PTZvxA1vm'),('74Ewey3td9g8nCtt0Q3bz7','Iron','44TGR1CzjKBxSHsSEy7bi9'),('74pSWus8BPsJruK4zEYeS4','Slow Mo','3YpKkSd9uluZRtrh2oUsVn'),('75kX486cBBkuaLkZGjBptl','The Martin Garrix Collection','60d24wfXkVzDSfLS6hyCjZ'),('76FXHQhTuT4QMIxfL09gX8','The Heist','5BcAKTbp20cv7tC5VqPFoC'),('77dc8fS3O8FaQjhbNASpgM','Icky Thump','4F84IBURUo98rz4r61KF70'),('77eKpEVxmSr1RhqMlirlTF','Trouble Deluxe Edition','0z4gvV4rjIZ9wHck67ucSV'),('788rHiWVrWzM8dF7IiumCB','Yamborghini High','7yO4IdJjCEPz7YgZMe25iS'),('78EicdHZr5XBWD7llEZ1Jh','Happier','64KEffDW9EtZ1y2vBYgq8T'),('79xPI2Muc3XARkbCRYVS4y','She Belongs to the Game (feat. Young Lito) - Single','3cvKNz7BwIY404XtZ5tpUW'),('7A186wgjFKohuXALsrR0m4','Hear This','1iwseab2dozTUHoF5taAdf'),('7A8fZ2jjiu5heq7wNCutKN','VHS','3NPpFNZtSTHheNBaWC82rB'),('7ait6chB3O3C1fMGUDJhtu','Anthology: Through The Years','4tX2TplrkIP4v05BNC903e'),('7bHQuWjDkBQc4cU0jOTBa1','Nothing in Return','6NgYKD0TKGjwtRFqTyyqKF'),('7BlWNRjwKnLrf7yf0VdSvg','A Special Episode - EP','5CuU6SRJjbbZL926nSGGxX'),('7BYMJZFCYuGKi2jblMhyxg','Shadows Collide With People','7rN3Agir6FaZNfhf5V7mfN'),('7CCwkPweMxKq8yWkVerH6T','Antisocialites','3kzwYV3OCB010YfXMF0Avt'),('7CUczABBlsbd5fqng9mjxo','Malibu','5YGY8feqx7naU7z4HrwZM6'),('7Cz0XcQzoxUi7L7sfgXLml','Journals','1uNFoZAHBGtllmzznpCI3s'),('7D2NdGvBHIavgLhmcwhluK','Yeezus','5K4W6rqBFWDnAN6FQUkS6x'),('7DkzymHZTu4YgXRexqzuGe','Rise Of An Empire (Deluxe Edition)','5OrB6Jhhrl9y2PK0pSV4VP'),('7DmNwRBDJRUEFUlk3oa2Aj','Deadringer: Deluxe','1O3ZOjqFLEnbpZexcRjocn'),('7DMyQuDPe8xzjC0UDSDa96','Late Nights: The Album','3KV3p5EY4AvKxOlhGHORLg'),('7dRdaGSxgcBdJnrOviQRuB','Life After Death (2014 Remastered Edition)','5me0Irg2ANcsgc93uaYrpb'),('7dsRPSHjkP14QmLZ5rbSNm','Selfish','3v9wPA58IVrX2dg6AjSPgi'),('7dxKtc08dYeRVHt3p9CZJn','OK Computer','4Z8W4fKeB5YxbusRsdQVPb'),('7DzgEGHg8oFmciCalWm9xV','Pretty Boy Swag','6GMYJwaziB4ekv1Y6wCDWS'),('7Et3bSTLLqdABO1qCxUplS','Oxymoron (Deluxe)','5IcR3N7QB1j6KBL8eImZ8m'),('7eyQXxuf2nGj9d2367Gi5f','In Rainbows','4Z8W4fKeB5YxbusRsdQVPb'),('7f9KDGqY7X2VLBM5aA66KM','Doggystyle','7hJcb9fa4alzcOq3EaNPoG'),('7FuhgOwoael0fsg9zjZxog','Day & Age','0C0XlULifJtAgn6ZNCW2eu'),('7GhFQWuWMkeK90aBHhj4cs','Wavez - Single','0i2MkQSmpTQjsT5NZs7jOX'),('7gS8ozSkvPW3VBPLnXOZ7S','Houses of the Holy (Deluxe Edition)','36QJpDe2go2KgaRleHCDTp'),('7gskILm9UyDvFlmmAoqn2g','All That You Can\'t Leave Behind','51Blml2LZPmy7TTiAg47vQ'),('7gsWAHLeT0w7es6FofOXk1','The Life Of Pablo','5K4W6rqBFWDnAN6FQUkS6x'),('7ibEo7IK9E9mi2sU5rJNDC','The OF Tape Vol. 2','5xpkLC1MxiPRiIJUDEzuVm'),('7ijgeLAW3W3vZ9jf6tozFq','Mr. Wonderful','7BMccF0hQFBpP6417k1OtQ'),('7K6JtyaSSVr7HidQsCHun0','Odessey and Oracle','2jgPkn6LuUazBoBk6vvjh5'),('7KpuGjIfduSD45wl5IQc7G','100 gecs','6PfSUFtkMVoDkx4MQkzOi3'),('7KwmLNyTalfOnU7i3fwMO5','The Bean Kicked In','1UH80jhsYsFztK0anu2FNS'),('7KyvfoQhqlNLPNb98yY0pf','Pink Moon','5c3GLXai8YOMid29ZEuR9y'),('7L4ZwpSwKQCerDQv9C4O1M','Wanted on Voyage','2ysnwxxNtSgbb9t1m2Ur4j'),('7l6fTSFvlumnPFpOSrbnDV','I Like Me Better','5JZ7CnR6gTvEMKX4g70Amv'),('7mgdTKTCdfnLoa1HXHvLYM','Lil Uzi Vert vs. The World','4O15NlyKLIASxsJ0PrXPfz'),('7MH5ah4TuR5b7ENaloxEtr','Up For Days','0FOWNUFHPnMy0vOw1siGqi'),('7mTf6AXzDt1q7Iy4Vig1U5','Next Thing','0x4xCoWaOFd3WsKarzaxnW'),('7mxpMxmMM8RN39YRlo08v7','Hell Can Wait','68kEuyFKyqrdQQLLsmiatm'),('7MZzYkbHL9Tk3O6WeD4Z0Z','Relapse: Refill','7dGJo4pcD2V6oG8kP0tJRR'),('7n4I46opbAXOFThq7Gr2PS','Karaoke - Rock For Boys Vol.59','5aEMARkjW3SYYnGLTLgCks'),('7p2aWivr9OLXocSTTKtG9B','St. Elsewhere','5SbkVQYYzlw1kte75QIabH'),('7pPVcx3O9eZrPCgBmpW5HV','Show Me Love (feat. Chance The Rapper, Moses Sumney and Robin Hannibal) [Skrillex Remix]','108ugtkRFQzP9nGgNiyERO'),('7r36rel1M4gyBavfcJP6Yz','The Essential Billy Joel','6zFYqv1mOsgBRQbae3JJ9e'),('7rqgm1BnAZ8I4d6hukpkdg','American Beauty','4TMHGUX5WI7OOm53PqSDAT'),('7sdz6zUhXNwbwzqVRskzj9','Motorcade of Generosity','6A43Djmhbe9100UwnI7epV'),('7sh2Z8jj1iySpHRAnGd9w5','F♯ A♯ ∞','4svpOyfmQKuWpHLjgy4cdK'),('7tbgPQub8dUigxMdkYDfOb','Kamikaze','6vbY3hOaCAhC7VjucswgdS'),('7uCNoYBYMJaobQWKt3SySv','Lately (Prod. by Mic Kellogg)','1m8lFDTBhbsYPvaN553kbP'),('7uo0oJVjhuw0fIGltmSPcs','Longwave','0AL8XXRh7fUrHAMLoDv9rn'),('7v4kEpVtppoMm80m43lGzt','Fire of Unknown Origin','00tVTdpEhQQw1bqdu8RCx2'),('7vEJAtP3KgKSpOHVgwm3Eh','1 (Remastered)','3WrFJ7ztbogyGnTHbHJFl2'),('7vgnnPWflv8g0vQYOberLn','The Beyond / Where the Giants Roam','4frXpPxQQZwbCu3eTGnZEw'),('7viNUmZZ8ztn2UB4XB3jIL','2014 Forest Hills Drive','6l3HvQ5sa6mXTsMTB19rO5'),('7w19PFbxAjwZ7UVNp9z0uT','18 Months','7CajNmpbOovFoOoasH2HaY'),('7wOOA7l306K8HfBKfPoafr','In Utero - 20th Anniversary Remaster','6olE6TJLqED3rqDCT0FyPh'),('7xl50xr9NDkd3i2kBbzsNZ','Stadium Arcadium','0L8ExT028jH3ddEcZwqJJ5'),('7xnZ539lh8x6de9jzlpCJp','The Sweet Escape','4yiQZ8tQPux8cPriYMWUFP'),('7xVWQ20VZLAZsCuOEJV0r4','Torch','5ESC2OBZSCOrkV9iNUdpOa'),('7ycBtnsMtyVbbwTfJwRjSP','To Pimp A Butterfly','2YZyLoL8N0Wb9xBt1NhZWg'),('7yTjsInNdNQJAlXAboi1nh','Making Movies','0WwSkZ7LtFUFjGjMZBMt6T'),('7yVx5zJONB6MO8zL1jHN7i','Wilder Mind','3gd8FJtBJtkRxdfbTu19U2'),('7zGD82QhpIr53zomHTS4Be','Mornings','6Vf4rmMsQbAwiCG00YeEI7');
/*!40000 ALTER TABLE `albums` ENABLE KEYS */;
UNLOCK TABLES;

--
-- Table structure for table `artists`
--

DROP TABLE IF EXISTS `artists`;
/*!40101 SET @saved_cs_client     = @@character_set_client */;
/*!50503 SET character_set_client = utf8mb4 */;
CREATE TABLE `artists` (
  `artist_id` varchar(50) NOT NULL,
  `artist_name` varchar(50) NOT NULL,
  PRIMARY KEY (`artist_id`)
) ENGINE=InnoDB DEFAULT CHARSET=utf8mb4 COLLATE=utf8mb4_0900_ai_ci;
/*!40101 SET character_set_client = @saved_cs_client */;

--
-- Dumping data for table `artists`
--

LOCK TABLES `artists` WRITE;
/*!40000 ALTER TABLE `artists` DISABLE KEYS */;
INSERT INTO `artists` VALUES ('00TKPo9MxwZ0j4ooveIxWZ','Loote'),('00tVTdpEhQQw1bqdu8RCx2','Blue Öyster Cult'),('027TpXKGwdXP7iwbjUSpV8','The Walters'),('02kJSzxNuaWGqwubyUba0Z','G-Eazy'),('04gDigrS5kc9YWfZHwBETP','Maroon 5'),('06HL4z0CvFAxyc27GXpf02','Taylor Swift'),('07EcmJpfAday8xGkslfanE','Kevin Abstract'),('07QEuhtrNmmZ0zEcqE9SF6','Owl City'),('07YZf4WDAMNwqr4jfgOZ8y','Jason Derulo'),('07ZhipyrvoyNoJejeyM0PQ','Higher Brothers'),('08F3Y3SctIlsOEmKd6dnH8','Yusuf / Cat Stevens'),('08GQAI4eElDnROBrJRGE0X','Fleetwood Mac'),('08yf5A2nS4XEeNvabDXqyg','Billy Talent'),('09hVIj6vWgoCDtT03h8ZCa','A Tribe Called Quest'),('0A0FS04o6zMoto8OKPsDwY','YG'),('0AL8XXRh7fUrHAMLoDv9rn','Bonny Doon'),('0B3N0ZINFWvizfa8bKiz4v','James TW'),('0C0XlULifJtAgn6ZNCW2eu','The Killers'),('0c173mlxpT3dSFRgMO8XPh','Big Sean'),('0cGUm45nv7Z6M6qdXYQGTX','Kehlani'),('0daqkBcaVRoQwHAPZ5Pp9l','Azad'),('0du5cEVh5yTK9QJze8zA0C','Bruno Mars'),('0e9H8oaYYRCKFXOVv848nt','Bad Books'),('0ECwFtbIWEVNwjlrfc6xoL','Eagles'),('0EdvGhlC1FkGItLOWQzG4J','Sublime'),('0epOFNiUfyON9EYx7Tpr6V','The Strokes'),('0FOWNUFHPnMy0vOw1siGqi','Belly'),('0g9vAlRPK9Gt3FKCekk4TW','Ab-Soul'),('0gadJ2b9A4SKsB1RFkBb66','Passenger'),('0hCNtLu0JehylgoiP8L4Gh','Nicki Minaj'),('0hEurMDQu99nJRq8pTxO14','John Mayer'),('0i2MkQSmpTQjsT5NZs7jOX','Ripp Flamez'),('0id62QV2SZZfvBn9xpmuCl','Aloe Blacc'),('0JdGPxHeRGfOyZg3EHwp2g','Alex Wiley'),('0Je74SitssvJg1w4Ra2EK7','4 Non Blondes'),('0k17h0D3J5VfsdmQ1iZtE9','Pink Floyd'),('0K1q0nXQ8is36PzOKAMbNe','Spoon'),('0L8ExT028jH3ddEcZwqJJ5','Red Hot Chili Peppers'),('0LklyUMMUhpIjMgYHlV0hN','Chicano Batman'),('0nCiidE5GgDrc5kWN3NZgZ','Emerson, Lake & Palmer'),('0OdUWJ0sBjDrqHygGUXeCF','Band of Horses'),('0ojcq9LJQWMawQdFDw3M0L','Donnie Trumpet & The Social Experiment'),('0ONHkAv9pCAFxb0zJwDNTy','Pusha T'),('0oSGxfWSnnOXhD2fKuz2Gy','David Bowie'),('0Pb8ZfFfE2O0pvsFdwVUYl','Wes Period'),('0pwyD6DhbFWn8uVSz2Fr0w','The Summer Set'),('0QHgL1lAIqAw0HtD7YldmP','DJ Khaled'),('0qT79UgT5tY4yudH9VfsdT','Sum 41'),('0siBQaURCli5wn2lqv8WZg','DPR LIVE'),('0SwO7SWeDHJijQ3XNS7xEE','MGMT'),('0TcYeHEK9sBtv7xPbKhzHz','Chumbawamba'),('0TImkz4nPqjegtVSMZnMRq','TLC'),('0uGk2czvcpWQA383Im6ajf','Maggie Lindemann'),('0vaKiuLwFJLVU664A8GTjE','Jace'),('0vZPnViZ1Xz1XLRbzvdwid','Tru Heru'),('0W498bDDNlJIrYMKXdpLHA','Roberta Flack'),('0WwSkZ7LtFUFjGjMZBMt6T','Dire Straits'),('0X2BH1fck6amBIoJhDVmmJ','Ellie Goulding'),('0x4xCoWaOFd3WsKarzaxnW','Frankie Cosmos'),('0xOeVMOz2fVg5BJY3N6akT','Jaden'),('0Y4inQK6OespitzD6ijMwb','Freddie Gibbs'),('0Y5tJX1MQlPlqiwlOH1tJY','Travis Scott'),('0Y6dVaC9DZtPNH4591M42W','TV Girl'),('0z4gvV4rjIZ9wHck67ucSV','Akon'),('0zGRuj0aQ3mM6i2dQoO8h0','Mid-Air Thief'),('1020a42xVklY6c56imNcaa','Slum Village'),('108ugtkRFQzP9nGgNiyERO','Hundred Waters'),('10AY17ALos2o3akPqrPydw','Father'),('10exVja0key0uqUkk6LJRT','Vance Joy'),('12Chz98pHFMPJEknJQMWvI','Muse'),('12PSlydMSjEHzSCj9X5qv7','Baby Bash'),('12qS7lypMdpvASeNnFXtmN','Hoops'),('13ubrt8QOOCPljQ2FL1Kca','A$AP Rocky'),('15UsOTVnJzReFVN1VCnxy4','XXXTENTACION'),('16eRpMNXSQ15wuJoeqguaB','The Flaming Lips'),('17lzZA2AlOHwCwFALHttmp','2 Chainz'),('18CgXERtYfAn0GMXOU6ekW','Hip Hop Beats'),('1AeC9AuzqGc3IXMC2T5xny','Zakk Wylde'),('1AhjOkOLkbHUfcHDSErXQs','88rising'),('1AHWalyPZ4Zx1s7BampY8C','Sitcom'),('1AWNf5CLnHH4oM1hcHiVeV','The Cool Kids'),('1Bl6wpkWCQ4KVgnASpvzzA','BROCKHAMPTON'),('1btWGBz4Uu1HozTwb2Lm8A','Hippo Campus'),('1cNDP5yjU5vjeR8qMf4grg','YNW Melly'),('1Cs0zKBU1kc0i8ypK3B9ai','David Guetta'),('1CYsQCypByMVgnv17qsSbQ','Crosby, Stills, Nash & Young'),('1dTBAtLZBUB8Ir4PmJYw9t','Hala'),('1dWEYMPtNmvSVaDNLgB6NV','Saint Motel'),('1Eie0tY91rpi7Y0jtIOXzI','Wingtip'),('1g1yxsNVPhMUl9GrMjEb2o','Plain White T\'s'),('1G9G7WwrXka3Z1r7aIDjI7','OutKast'),('1GAS0rb4L8VTPvizAx2O9J','Atmosphere'),('1GlMjIezcLwV3OFlX0uXOv','Lea Salonga'),('1GQx6SUIHxDC1mRIFIpslD','The O\'My\'s'),('1gRNBaI4yn6wCCTvRhGWh8','Don McLean'),('1Hsdzj7Dlq2I7tHP7501T4','Niall Horan'),('1iwseab2dozTUHoF5taAdf','Jarami'),('1KCSPY1glIKqW2TotWuXOR','P!nk'),('1KY0eY53AvJZFk8otORW3u','The Cotones'),('1LeVJ5GPeYDOVUjxx1y7Rp','Unknown Mortal Orchestra'),('1LOB7jTeEV14pHai6EXSzF','Cash Cash'),('1luOe8HkZQ7zwuaO2wuJqI','[Alexandros]'),('1lZvg4fNAqHoj6I9N8naBM','The Presidents Of The United States Of America'),('1m8lFDTBhbsYPvaN553kbP','WebsterX'),('1Mxqyy3pSjf8kZZL4QVxS0','Frank Sinatra'),('1NGIcWzf6Ucy1PTZvxA1vm','Mike Floss'),('1nJvji2KIlWSseXRSlNYsC','The Velvet Underground'),('1O3ZOjqFLEnbpZexcRjocn','RJD2'),('1PbBg2aYjWLKRk84zJK15x','Echosmith'),('1R6Hx1tJ2VOUyodEpC12xM','Jim Croce'),('1SQRv42e4PjEYfPhS0Tk9E','The Kinks'),('1ThoqLcyIYvZn7iWbj8fsj','Bill Withers'),('1tttI1iC4FsS6BM5l38oe5','Marmalade'),('1UH80jhsYsFztK0anu2FNS','Zack Fox'),('1uNFoZAHBGtllmzznpCI3s','Justin Bieber'),('1UNVJFSDvwWjoRoQGDgorD','B the Star'),('1vCWHaC5f2uS3yhpwWbIA6','Avicii'),('1Xyo4u8uXC1ZmMpatF05PJ','The Weeknd'),('1Y8cdNmUJH7yBTd9yOvr5i','Destiny\'s Child'),('1yxSLGMDHlW21z4YXirZDS','Black Eyed Peas'),('1YzCsTRb22dQkh9lghPIrp','Billie Holiday'),('1yZwlOVsfrp4wb6d29KkGM','DJ Luke Nasty'),('1ZwdS5xdxEREPySFridCfh','2Pac'),('20JZFwl6HVl6yg8a4H3ZqK','Panic! At The Disco'),('21mKp7DqtSNHhCAU2ugvUw','ODESZA'),('22282KfMxDo2PMjnBc82I4','Biz Markie'),('22bE4uQ6baNwSHPVcDxLCe','The Rolling Stones'),('22rVIFpjlQGme9i7lMnfQx','Polar Bear'),('22WZ7M8sxp5THdruNY3gXt','The Doors'),('23fqKkggKUBHNkbKtXEls4','Kygo'),('246dkjvS1zLTtiykXe5h60','Post Malone'),('26T3LtbuGT1Fu9m0eRq5X3','Cage The Elephant'),('27FGXRNruFoOdf1vP8dqcH','Cassie'),('29kkCKKGXheHuoO829FxWK','Boston'),('2ACqE9WWv2W4mUeQXREvbE','Sports Theme Team'),('2BvzbqWWwLN11XGBYgDZzx','Terror Squad'),('2cFrymmkijnjDg9SS92EPM','blackbear'),('2cGwlqi3k18jFpUyTrsR84','The Verve'),('2cnMpRsOVqtPMfq7YiFE6K','Van Halen'),('2DaxqgrOhkeH0fpeiQq2f4','Oasis'),('2FjkZT851ez950cyPjeYid','Bobby McFerrin'),('2FXC3k01G6Gw61bmprjgqS','Hozier'),('2gbT6GPXMis0OAkZbEQCYB','Pinegrove'),('2h93pZq0e7k5yf4dywlkpM','Frank Ocean'),('2hCU6EhDEmPjpqe8cAHAcm','Birgir'),('2Hkut4rAAyrQxRdof7FVJq','Rush'),('2hl0xAkS2AIRAu23TVMBG1','Kansas'),('2hPgGN4uhvXAxiXQBIXOmE','KIDS SEE GHOSTS'),('2IDLDx25HU1nQMKde4n61a','Rich Brian'),('2iE18Oxc8YSumAU232n4rW','The Jackson 5'),('2iEvnFsWxR0Syqu2JNopAd','Smash Mouth'),('2iojnBLj0qIMiKPvVhLnsH','Trey Songz'),('2IZJAHPJlxaFgij188N4eS','Erk Tha Jerk'),('2jFXKAH9A9H8lVnJkkLxXl','Omega'),('2jgPkn6LuUazBoBk6vvjh5','The Zombies'),('2JRvXPGWiINrnJljNJhG5s','The Meters'),('2Jv5eshHtLycR6R8KQCdc4','Grizzly Bear'),('2jzc5TC5TVFLXQlBNiIUzE','a-ha'),('2l35CQqtYRh3d8ZIiBep4v','MKTO'),('2lrtGWxNXWjd0JzDLKXubI','Berner'),('2NjfafEappzvGGGDdMRJMP','Azizi Gibson'),('2NqgE99Ll5vOTvmbN7O2R6','Boy & Bear'),('2ooIqOf4X2uz4mMptXCtie','Neutral Milk Hotel'),('2oX42qP5ineK3hrhBECLmj','Andy Grammer'),('2PnETbh55Irnv3VAFBALfd','Dot Hacker'),('2QsynagSdAqZj3U9HgDzjD','Bob Marley & The Wailers'),('2rc78XDH9zuJP6bm78lU8Z','Derek & The Dominos'),('2RTUTCvo6onsAnheUk3aL9','3 Doors Down'),('2sil8z5kiy4r76CRTXxBCA','The Goo Goo Dolls'),('2SlUrJAcTYbWR8GcmB9IEi','Quelle Chris'),('2Tk0pWxTuQgnE5nsUexrLr','Jean Knight'),('2uYWxilOVlUdk4oV9DvwqK','Mitski'),('2UZMlIwnkgAEDBsw1Rejkn','Tom Petty'),('2y8Jo9CKhJvtfeKOsYzRdT','Rod Stewart'),('2ysnwxxNtSgbb9t1m2Ur4j','George Ezra'),('2YZyLoL8N0Wb9xBt1NhZWg','Kendrick Lamar'),('2ziB7fzrXBoh1HUPS6sVFn','Audioslave'),('2zxL0SRuNRr96NkgDo7p1o','Ultimate Tribute Stars'),('30C5wgn4celhRP3Tytv7R6','Mez'),('31TPClRtHm23RisEBtV3X7','Justin Timberlake'),('34UhPkLbtFKRq3nmfFgejG','Mogwai'),('36Hd8M3GV2FLpHUEDH6bCz','ONE'),('36QJpDe2go2KgaRleHCDTp','Led Zeppelin'),('39vtb2iiz3079nqfL5nfFc','billy woods'),('3A5tHz1SfngyOZM2gItYKu','Earl Sweatshirt'),('3AA28KZvwAUcZuOKwyblJQ','Gorillaz'),('3ayds6VIVBx3CU5NSNCDbq','Jacques Dutronc'),('3Ayl7mCk0nScecqOzvNp6s','Jimmy Eat World'),('3BBCgZVbXFRzcnT1ewVfRt','TEMPOREX'),('3ceQN2NVlLg1hgTzljDE4n','Half Moon Run'),('3cvKNz7BwIY404XtZ5tpUW','Troy Ave'),('3fMbdgg4jU18AjLCKBhRSm','Michael Jackson'),('3FUY2gzHeIiaesXtOAdB7A','Train'),('3gd8FJtBJtkRxdfbTu19U2','Mumford & Sons'),('3Gm5F95VdRxW3mqCn8RPBJ','Aminé'),('3grHWM9bx2E9vwJCdlRv9O','Kenny Chesney'),('3hozsZ9hqNq7CoBGYNlFTz','OK Go'),('3ipn9JLAPI5GUEo4y4jcoi','Ludacris'),('3JhNCzhSMTxs9WLGJJxWOY','Macklemore'),('3jOstUTkEu2JkjvRdBA5Gu','Weezer'),('3JsMj0DEzyWc0VDlHuy9Bx','Supertramp'),('3kjuyTCjPG1WMFCiyc5IuB','Arcade Fire'),('3koiLjNrgRTNbOwViDipeA','Marvin Gaye'),('3KV3p5EY4AvKxOlhGHORLg','Jeremih'),('3kzwYV3OCB010YfXMF0Avt','Alvvays'),('3l0CmX0FuQjFxr8SK7Vqag','Clairo'),('3lLHpTOJ11tWiUNGYN14gt','Rejjie Snow'),('3MATPJ9tYbcMhw5VOZrRU6','Summer Salt'),('3mC1KCuZZSOlN8Z0M56VsV','Dobie Gray'),('3Mcii5XWf6E0lrY3Uky4cA','Ice Cube'),('3mIj9lX2MWuHmhNCA7LSCW','The 1975'),('3MZsBdqDrRTJihTHQrO6Dq','Joji'),('3nf2EaHj8HikLNdaiW3v73','Injury Reserve'),('3nFkdlSjzX9mRTtwJOzDYB','JAY-Z'),('3nnQpaTvKb5jCQabZefACI','Jeff Buckley'),('3NPpFNZtSTHheNBaWC82rB','X Ambassadors'),('3oDbviiivRWhXwIE8hxkVV','The Beach Boys'),('3OfiFNgFbJAwuQnVvOL2bh','The 88'),('3oHjuEyaFp7MddhOXddXbx','Audio Push'),('3PhoLpVuITZKcymswpck5b','Elton John'),('3PyJHH2wyfQK3WZrk9rpmP','Ashnikko'),('3q7HBObVc0L8jNeTe5Gofh','50 Cent'),('3qDMrpZHtZEtVl5i1l7hP3','Nightly'),('3qm84nBOXUEQ2vnTfUTTFC','Guns N\' Roses'),('3r1XkJ7vCs8kHBSzGvPLdP','slowthai'),('3rIZMv9rysU7JkLzEaC5Jp','Snow Patrol'),('3rWZHrfrsPBxVy692yAIxF','WILLOW'),('3sFhA6G1N0gG1pszb6kk1m','Wings'),('3Sz7ZnJQBIHsXLUSo0OQtM','Mac DeMarco'),('3tQx1LPXbsYjE9VwN1Peaa','Marc E. Bassy'),('3TVXtAsR1Inumwj472S9r4','Drake'),('3V4S3LBWwZCQ0UkKClucoW','Ghetto Sage'),('3v9wPA58IVrX2dg6AjSPgi','Virginia To Vegas'),('3vbKDsSS70ZX9D2OcvbZmS','Beck'),('3WbeZvDk1COiO2dEokZqn7','Roy Ayers Ubiquity'),('3WGpXCj9YhhfX11TToZcXP','Troye Sivan'),('3WrFJ7ztbogyGnTHbHJFl2','The Beatles'),('3XHO7cRUPCLOr6jwp8vsx5','alt-J'),('3XTDF3ka1IRLXu61qd36zK','Animal Kingdom'),('3y24n3XhZ96wgwRXjvS17T','Coolio'),('3YpKkSd9uluZRtrh2oUsVn','The Spacies'),('3YQKmKGau1PzlVlkL1iodx','Twenty One Pilots'),('3Z8Ab6lOrrOzIekUwxLxI0','Bobby Charles'),('3zXefhSXvdPat7oeahOXJI','Zach Farache'),('41DGOfz7IFMVvf9wKAzeZS','Jalen Santoy'),('41X1TR6hrK8Q2ZCpp2EqCz','bbno$'),('42UrF25gDVhovYn4Dd422d','Sam Lachow'),('44TGR1CzjKBxSHsSEy7bi9','Woodkid'),('4596e2d3KmYzAeVenjCxfj','Free Nationals'),('45eNHdiiabvmbp4erw26rg','ILLENIUM'),('462T0buQ5ScBUQCRpodDRf','Charles Bradley'),('46CitWgnWrvF9t70C2p1Me','Daughter'),('46gyXjRIvN1NL1eCB8GBxo','All Time Low'),('47qrgNNbZRRCAK0ZrKcuZV','Reaper'),('4ApdWjZjftqD77Vh6qDbCr','Pedro The Lion'),('4BbbGJDciJfVkh08qpxU1N','Seth Kay'),('4bEcyz1RWDU8f6XnEb1Fay','The Native Architects'),('4bthk9UfsYUYdcFyqxmSUU','Tears For Fears'),('4cUkGQyhLFqKHBtL58HYVp','Channel Tres'),('4DMSJzGjw2SMkKAT5EEE5u','HOMESHAKE'),('4ehtJnVumNf6xzSCDk8aLB','Martin Jensen'),('4F84IBURUo98rz4r61KF70','The White Stripes'),('4frXpPxQQZwbCu3eTGnZEw','Thundercat'),('4gkhq1EjcLZjP60fbvOyJT','emune'),('4GvEc3ANtPPjt1ZJllr5Zl','Bazzi'),('4gzpq5DPGxSnKTe4SA8HAU','Coldplay'),('4j56EQDQu5XnL7R3E9iFJT','Young the Giant'),('4JfFdF9Row7UXtdsKtT6tc','Darondo'),('4jk4lxjwNCDVIwHyCrUmlk','Mariahlynn'),('4jU68Hm8np6WNZXMqi7rz3','Big Grams'),('4kI8Ie27vjvonwaB2ePh8T','Portugal. The Man'),('4KTcOig7tLcB9mBqfeD6Si','Icarus Himself'),('4KWTAlx2RvbpseOGMEmROg','R.E.M.'),('4kYSro6naA4h99UJvo89HB','Cardi B'),('4LG4Bs1Gadht7TCrMytQUO','The Shins'),('4LLpKhyESsyAXpc4laK94U','Mac Miller'),('4MCBfE4596Uoi2O4DtmEMz','Juice WRLD'),('4MVyzYMgTwdP7Z49wAZHx0','Lynyrd Skynyrd'),('4mwjQrVYIJEfZYB8VizFqZ','Jimmy and the Parrots'),('4nDoRrQiYLoBzwC5BhVJzF','Camila Cabello'),('4O15NlyKLIASxsJ0PrXPfz','Lil Uzi Vert'),('4Ol9S3QuVEVdbXfSjM6ZdQ','The Shouting Matches'),('4PjHNisXpQqSDXOJBFRK8p','The Federal Empire'),('4qBgvVog0wzW75IQ48mU7v','KYLE'),('4QQgXkCYTt3BlENzhyNETg','Earth, Wind & Fire'),('4QTVePrFu1xuGM9K0kNXkk','Dexys Midnight Runners'),('4sb7rZNN93BSS6Gqgepo4v','Too $hort'),('4STHEaNw4mPZ2tzheohgXB','Paul McCartney'),('4sv6VJ2QZlaSosz3kFlxQH','Mac Dre'),('4svpOyfmQKuWpHLjgy4cdK','Godspeed You! Black Emperor'),('4Sw0SFu1fFdYXdAEVdrqnO','Mount Eerie'),('4thGcsymOK5oc43gJVtAqZ','OB OBrien'),('4TMHGUX5WI7OOm53PqSDAT','Grateful Dead'),('4tpUmLEVLCGFr93o8hFFIB','Blondie'),('4tX2TplrkIP4v05BNC903e','Tom Petty and the Heartbreakers'),('4u4Sj6ODtb8mAZ0wuadeqG','Joey Fatts'),('4ub2v80S4RIceZRGnlhjTr','Jakob Ogawa'),('4UXqAaa6dQYAk18Lv7PEgX','Fall Out Boy'),('4V8LLVI7PbaPR0K2TGSxFF','Tyler, The Creator'),('4xRYI6VqpkE3UwrDrAZL8L','Logic'),('4yiQZ8tQPux8cPriYMWUFP','Gwen Stefani'),('4Z6WehLCUZYmz0RJL8CXCw','ProSource Karaoke'),('4Z8W4fKeB5YxbusRsdQVPb','Radiohead'),('50co4Is1HCEo8bhOyUWKpn','Young Thug'),('50JJSqHUf2RQ9xsHs0KMHg','Jon Bellion'),('50NoVNy9GU1lCrDV8iGpyu','Ol\' Dirty Bastard'),('51Blml2LZPmy7TTiAg47vQ','U2'),('51Pn4gGnZuyOMDfIT1Zy3N','The Underachievers'),('51YACffgZvQwjs8J4ZVDQF','Warm Brew'),('52lUXCmpmAIVsgNd1uADOy','Moosh & Twist'),('53A0W3U0s8diEn9RhXQhVz','Keane'),('53wZLCnhshZKDRs3uopFBc','Jai Paul'),('53XhwfbYqKCa1cC15pYq2q','Imagine Dragons'),('540vIaP2JwjQb9dm3aArA4','DJ Snake'),('54QMjE4toDfiCryzYWCpXX','Metronomy'),('55Aa2cqylxrFIXC767Z865','Lil Wayne'),('55TH3aMMK1u2VsR8DPGC6D','Mistah F.A.B.'),('56ZTgzPBDge0OvCGgMO3OY','Beach House'),('57WHJIHrjOE3iAxpihhMnp','Louis Tomlinson'),('57XxYitjM17AFJJSfLJpDR','Honoraries'),('5aEMARkjW3SYYnGLTLgCks','Karaoke - Ameritz'),('5AvLrnWWlRzzKvHfEO6CiA','Hit Tunes'),('5BcAKTbp20cv7tC5VqPFoC','Macklemore & Ryan Lewis'),('5bgfj5zUoWpyeVatGDjn6H','K CAMP'),('5BvJzeQpmsdsFp4HGUYUEx','Vampire Weekend'),('5c3GLXai8YOMid29ZEuR9y','Nick Drake'),('5CuU6SRJjbbZL926nSGGxX','Open Mike Eagle'),('5CXdWANGwYYRPClH6hhC0P','Kid Bloom'),('5DIi2JWfQPTKffaVBlIYRn','Sik-K'),('5DYAABs8rkY9VhwtENoQCz','Gavin DeGraw'),('5ESC2OBZSCOrkV9iNUdpOa','Two Fresh'),('5EvFsr3kj42KNv97ZEnqij','Shaggy'),('5G9kmDLg3OeUyj8KVBLzbu','Mike Stud'),('5HvKzBgj4yphQfBJjBJrhL','Alice Longyu Gao'),('5IcR3N7QB1j6KBL8eImZ8m','ScHoolboy Q'),('5iUnvXddCpOrbWKm7QMr6o','Vegyn'),('5J81VungUjSVHxlPpTI9KG','Mild High Club'),('5j93hwFBNo29RJMsWvtzj8','Zelooperz'),('5jh7sgXW2njALiIh0aPXjB','Show Me the Body'),('5JZ7CnR6gTvEMKX4g70Amv','Lauv'),('5K4W6rqBFWDnAN6FQUkS6x','Kanye West'),('5lCY3tqdQxbeg5igSlObaT','Nebu Kiniza'),('5LHRHt1k9lMyONurDHEdrp','Tyga'),('5M0lbkGluOPXLeFjApw8r8','DRAM'),('5MbNzCW3qokGyoo9giHA3V','EARTHGANG'),('5me0Irg2ANcsgc93uaYrpb','The Notorious B.I.G.'),('5MouCg6ta7zAxsfMEbc1uh','OMI'),('5OrB6Jhhrl9y2PK0pSV4VP','Young Money'),('5oRnbmgqvvq7fVlgk4vcEa','Gary Jules'),('5PbpKlxQE0Ktl5lcNABoFf','Car Seat Headrest'),('5PjekOABtfU2Kwo0AHVmci','Guy Sebastian'),('5pKCCKE2ajJHZ9KAiaK11H','Rihanna'),('5pUo3fmmHT8bhCyHE52hA6','Liam Payne'),('5Pwc4xIPtQLFEnJriah9YJ','OneRepublic'),('5Q81rlcTFh3k6DQJXPdsot','Mura Masa'),('5RADpgYLOuS2ZxDq7ggYYH','Death Grips'),('5Rl15oVamLq7FbSb0NNBNy','5 Seconds of Summer'),('5RXVxV5eWWhzou4tkjawRy','The Boys'),('5SbkVQYYzlw1kte75QIabH','Gnarls Barkley'),('5ScrzldePz9D405XGPLaQ4','YAC-YAN Da Biznessman'),('5T0MSzX9RC5NA6gAI6irSn','Estelle'),('5ub3FIyxtEth9Z9CIq2j9l','Boys Age'),('5V0MlUE1Bft0mbLlND7FJz','Ella Fitzgerald'),('5wPoxI5si3eJsYYwyXV4Wi','N.E.R.D'),('5WUlDfRSoLAfcVSX1WnrxN','Sia'),('5xeBMeW0YzWIXSVzAxhM8O','of Montreal'),('5xpkLC1MxiPRiIJUDEzuVm','Odd Future'),('5xUf6j4upBrXZPg6AI4MRK','Soundgarden'),('5YGY8feqx7naU7z4HrwZM6','Miley Cyrus'),('5ZS223C6JyBfXasXxrRqOk','Jhené Aiko'),('5ZsFI1h6hIdQRw2ti0hz81','ZAYN'),('60d24wfXkVzDSfLS6hyCjZ','Martin Garrix'),('610EjgFatGvVPtib97jQ8G','NEEDTOBREATHE'),('64KEffDW9EtZ1y2vBYgq8T','Marshmello'),('64MoApwh8MFMHUarm13lrv','Chuck Inglish'),('66CXWjxzNUsdJxJ2JdwvnR','Ariana Grande'),('67ea9eGLXYMsO2eYQRui3w','The Who'),('67zR9a98QqWJwpO7wBrGog','Sonny & The Sunsets'),('68kEuyFKyqrdQQLLsmiatm','Vince Staples'),('69GGBxA162lTqCwzJG5jLp','The Chainsmokers'),('6A43Djmhbe9100UwnI7epV','Cake'),('6aaMZ3fcfLv4tEbmY7bjRM','Isaiah Rashad'),('6aiFCgyKNwF9Rv5TOxnE8E','IDK'),('6aLDS9oOXpit8wJTtueP8g','Ameritz - Karaoke'),('6d47Z08T4snK50HgTEHo5Z','Sage The Gemini'),('6d4jrmreCmsenscuieJERc','The Band CAMINO'),('6DCIj8jNaNpBz8e5oKFPtp','The Cars'),('6DIS6PRrLS3wbnZsf7vYic','WALK THE MOON'),('6eUKZXaKkcviH0Ku9w2n3V','Ed Sheeran'),('6fC2AcsQtd9h4BWELbbire','Peach Pit'),('6fOMl44jA4Sp5b9PpYCkzz','NF'),('6fxyWrfmjcbj5d12gXeiNV','Denzel Curry'),('6g8AmloI8egfrr3dm3SnUL','TWENTY88'),('6GI52t8N5F02MxU0g5U69P','Santana'),('6GkJh85o22LfD2vgL9DP6f','Dirty Heads'),('6GktICKX3ztnngGl4WPCNV','Rhythm Spectacle'),('6GMYJwaziB4ekv1Y6wCDWS','Soulja Boy'),('6HpIVA13SPof8sYuXRUfxj','Leyla Blue'),('6icQOAFXDZKsumw3YXyusw','Lil Yachty'),('6ignRjbPmLvKdtMLj9a5Xs','Ichiko Aoba'),('6jddkwDLW1TOlqdjfK4ywk','Dynamite Hack'),('6jJ0s89eD6GaHleKKya26X','Katy Perry'),('6JMHws5haIO6V35YNYDnDw','Atomic Kitten'),('6kACVPfCOnqzgfEF5ryl0x','Johnny Cash'),('6kBDZFXuLrZgHnvmPu9NsG','Aphex Twin'),('6KImCVD70vtIoJWnq6nGn3','Harry Styles'),('6kVxCBUNiNjVcpj1ODhViy','Riley Smith'),('6l3HvQ5sa6mXTsMTB19rO5','J. Cole'),('6L3x3if9RVimruryD9LoFb','King Lil G'),('6L95H90mXRQPcFar4Q7tAm','Hardcastle'),('6LuN9FCkKOj5PcnpouEgny','Khalid'),('6MDME20pz9RveH9rEXvrOM','Clean Bandit'),('6MxlVTY6PmY8Nyn16fvxtb','Slightly Stoopid'),('6NgYKD0TKGjwtRFqTyyqKF','Monsune'),('6nxWCVXbOlEVRexSbLsTer','Flume'),('6O2zJ0tId7g07yzHtX0yap','Mobb Deep'),('6olE6TJLqED3rqDCT0FyPh','Nirvana'),('6OqhFYFJDnBBHas02HopPT','Kero Kero Bonito'),('6PAt558ZEZl0DmdXlnjMgD','Eric Clapton'),('6PfSUFtkMVoDkx4MQkzOi3','100 gecs'),('6pwHWKweuoCyx3OoFaD0Q5','The Weepies'),('6PXS4YHDkKvl1wkIl4V8DL','Fetty Wap'),('6qgnBH6iDM91ipVXv28OMu','KAYTRANADA'),('6qqNVTkY8uBg9cP3Jd7DAH','Billie Eilish'),('6R664N4cEza3eORSqKSgO4','Colony House'),('6rYEqmajzlhGVaayOJ2bpJ','Yasin'),('6S0dmVVn4udvppDhZIWxCr','Sean Kingston'),('6s22t5Y3prQHyaHWUN1R1C','AJR'),('6S2OmqARrzebs0tKUEyXyp','Demi Lovato'),('6T5tfhQCknKG4UnH90qGnz','DNCE'),('6tsUXFsa7L3tIMCjzOEEdP','Big Tone'),('6U1dV7aL68N7Gb0Naq34V5','REI AMI'),('6USv9qhCn6zfxlBQIYJ9qs','Dominic Fike'),('6v4jPZO3UIDNJIgdxRxtr9','Dispatch'),('6v8FB84lnmJs434UJf2Mrm','Neil Young'),('6vbY3hOaCAhC7VjucswgdS','Twista'),('6Vf4rmMsQbAwiCG00YeEI7','RICEWINE'),('6vVztIuqdDHvYWxOEXCzjN','SALES'),('6vWDO969PvNqNYHIOW5v0m','Beyoncé'),('6vXTefBL93Dj5IqAWq6OTv','French Montana'),('6yJ6QQ3Y5l0s0tn7b0arrO','JPEGMAFIA'),('6YMeCrTjUKwsXh9yhQJjEV','Kitty'),('6yPEOdG1RrtchjBRdnu8tu','Patrick Carney'),('6zFYqv1mOsgBRQbae3JJ9e','Billy Joel'),('6ZUjdwG0NvY6MT7vvmluhV','Young Rising Sons'),('6zVFRTB0Y1whWyH7ZNmywf','Tash Sultana'),('6zvul52xwTWzilBZl6BUbT','Pixies'),('70BYFdaZbEKbeauJ670ysI','Shinedown'),('70cRZdQywnSFp9pnc2WTCE','Simon & Garfunkel'),('70ZTdbPEcEugBNay4MvxfL','Bread'),('738wLrAtLtCtFOLvQBXOXp','Major Lazer'),('73sIBHcqh3Z3NyqHKZ7FOL','Childish Gambino'),('73sSFVlM6pkweLXE8qw1OS','Ricky Nelson'),('74ASZWbe4lXaubB36ztrGX','Bob Dylan'),('74oJ4qxwOZvX6oSsu1DGnw','Cream'),('776Uo845nYHJpNaStv1Ds4','Jimi Hendrix'),('77tT1kLj6mCWtFNqiOmP9H','Daryl Hall & John Oates'),('787bCXOIvGeBw0Bc4kEjhD','Luke Christopher'),('78xUyw6FkVZrRAtziFdtdu','The Roots'),('7aA592KWirLsnfb5ulGWvU','Danny Brown'),('7AC976RDJzL2asmZuz7qil','Yes'),('7AQzXO3NPNQsI7oNu5rC3r','Marcy Playground'),('7BMccF0hQFBpP6417k1OtQ','Action Bronson'),('7bqV6iQWSJDJBeZH5lhoeh','Fantasy Guys'),('7bXCYbXleEMprSweKHFs9T','HOT 100'),('7c0XG5cIJTrrAgEC3ULPiq','Ty Dolla $ign'),('7CajNmpbOovFoOoasH2HaY','Calvin Harris'),('7CCjtD0hCK005Bvg2WG1a7','Carnage'),('7dGJo4pcD2V6oG8kP0tJRR','Eminem'),('7EBy1PkMgjQ9H5qroSGC8P','Brothers From Another'),('7ENzCHnmJUr20nUjoZ0zZ1','Snarky Puppy'),('7EQ0qTo7fWT7DPxmxtSYEc','Bastille'),('7EWU4FhUJM1sZQgQKdENeT','Hopsin'),('7FBcuc1gsnv6Y1nwFtNRCb','My Chemical Romance'),('7G1GBhoKtEPnP86X2PvEYO','Nina Simone'),('7gAppWoH7pcYmphCVTXkzs','The Vamps'),('7gOdHgIoIKoe4i9Tta6qdD','Jonas Brothers'),('7hAolICGSgXJuM6DUpK5rp','Chairlift'),('7hJcb9fa4alzcOq3EaNPoG','Snoop Dogg'),('7Hvq85OU8T7Hsd63zNBwaL','black midi'),('7ihHolAdjjtkPQNBV3dwwX','Ameritz Digital Karaoke'),('7ITd48RbLVpUfheE7B86o2','The Decemberists'),('7jefIIksOi1EazgRTfW2Pk','Electric Light Orchestra'),('7jVv8c5Fj3E9VhNjxT4snq','Lil Nas X'),('7jXQfCP0xRnnind08ie0zT','Sorority Noise'),('7kIbB1pdDyehFj8aNgfzfH','Ameer Vann'),('7MoIc5s9KXolCBH1fy9kkw','Japanese Breakfast'),('7n2wHs1TKAczGzO7Dd2rGr','Shawn Mendes'),('7n2Ycct7Beij7Dj7meI4X0','TWICE'),('7o7mC95EDbJKTcPAAs8C3r','Big Gigantic'),('7ohlPA8dRBtCf92zaZCaaB','Crowded House'),('7oPftvlwr6VrsViSDV7fJY','Green Day'),('7pbDxGE6nQSZVfiFdq9lOL','Rex Orange County'),('7qG3b048QCHVRO5Pv1T5lw','Enrique Iglesias'),('7rN3Agir6FaZNfhf5V7mfN','John Frusciante'),('7sjttK1WcZeyLPn3IsQ62L','Noel Gallagher\'s High Flying Birds'),('7xEFii6utZmQ61kX59HmLH','FRENSHIP'),('7yO4IdJjCEPz7YgZMe25iS','A$AP Mob'),('7z5WFjZAIYejWy0NI5lv4T','Dan + Shay'),('7zmuMr74dNGqjq74uibncO','Kool John'),('7zyObVag8rUjItn71SkIrh','Survive Said The Prophet');
/*!40000 ALTER TABLE `artists` ENABLE KEYS */;
UNLOCK TABLES;

--
-- Table structure for table `playlist_songs`
--

DROP TABLE IF EXISTS `playlist_songs`;
/*!40101 SET @saved_cs_client     = @@character_set_client */;
/*!50503 SET character_set_client = utf8mb4 */;
CREATE TABLE `playlist_songs` (
  `song_id` varchar(50) NOT NULL,
  `playlist_id` varchar(50) NOT NULL,
  PRIMARY KEY (`song_id`,`playlist_id`),
  KEY `playlist_songs_fk_playlists` (`playlist_id`),
  CONSTRAINT `playlist_songs_fk_playlists` FOREIGN KEY (`playlist_id`) REFERENCES `playlists` (`playlist_id`) ON DELETE CASCADE ON UPDATE RESTRICT,
  CONSTRAINT `playlist_songs_fk_songs` FOREIGN KEY (`song_id`) REFERENCES `songs` (`song_id`) ON DELETE CASCADE ON UPDATE RESTRICT
) ENGINE=InnoDB DEFAULT CHARSET=utf8mb4 COLLATE=utf8mb4_0900_ai_ci;
/*!40101 SET character_set_client = @saved_cs_client */;

--
-- Dumping data for table `playlist_songs`
--

LOCK TABLES `playlist_songs` WRITE;
/*!40000 ALTER TABLE `playlist_songs` DISABLE KEYS */;
INSERT INTO `playlist_songs` VALUES ('0bAM9qivrntXnHyklRRx39','608'),('152lZdxL1OR0ZMW6KquMif','608'),('1wjzFQodRWrPcQ0AnYnvQ9','608'),('2EEeOnHehOozLq4aS0n6SL','608'),('2Ex5M7OjJhkH38JvCUzwXR','608'),('2QCndYqRherBtKjBpyySC6','608'),('2rmq49FcJ4U3wh1Z7C9UxE','608'),('39exKIvycQDgs4T6uXdyu0','608'),('4FquNAgja6onlomj4QLNvH','608'),('4j6lDQ7Nl4ClcTtur36CMN','608'),('4KANJH1baadr3U7XsVbM17','608'),('4VC5nFbYO4avKksJ9jN4pY','608'),('5ma71INSTL8sY1HzjVBj2g','608'),('5QsghN74Cu1xxu1rTYJUzU','608'),('5sCvipEhpAhVhu3K6kzm1P','608'),('6GmUVqe73u5YRfUUynZK6I','608'),('6ORqU0bHbVCRjXm9AjyHyZ','608'),('6qjHgp6jR9c0VJqOw6XBlY','608'),('6wo37KVqFJhtuxPTpLCcfe','608'),('7CcoUAtUcYhUfBsmtn0ajO','608'),('045sp2JToyTaaKyXkGejPy','785'),('0zXDEhxZ02tdfIyAYAf4QL','785'),('172rW45GEnGoJUuWfm1drt','785'),('1bSpwPhAxZwlR2enJJsv7U','785'),('1y9g5UW31xBqvOi10tcXGX','785'),('2hiaVH6pb8cmDDIHy98sJY','785'),('3aJW8kThBaB8rr8canVEod','785'),('3bNNk3657B2DoKewtTqYj3','785'),('3c1NaLIIBoFof2nrDeUlc1','785'),('3VdFW8GKw88ILB1Ezf1tqE','785'),('3zXhvJaLpxefYIxBE0cnB0','785'),('4ywWJqYKOwaVVh9xXARWUS','785'),('5HAjss9faCAowGY8dM24r6','785'),('5nIu0VwPOsjkF61zfevLKh','785'),('5ZGaGCHi0YrSvsjj6QwETb','785'),('62zuXt6X5B6YQOBNFV2eXG','785'),('6vy95NfrMeUfaXpaTm4O53','785'),('72Qo3U5apeuv91j9BEqJBM','785'),('75YUnz58ajMo2VIIuUFvOV','785'),('7FCiDC7ojdm19CJePq6QAe','785'),('0EA2RhRHL4KWeNa7JfD1Yw','88'),('0Ii6Ec7qLQqniKG4Bgfl8J','88'),('12PlslqAWQUtiLoObNaj8a','88'),('16qzGrIMWoxerw2gnW0zuv','88'),('16umSNZfofRpDqTvf8DIAo','88'),('2gtLeE3ZAfKiJKsFKwUdql','88'),('2j2n2VGCMIyFaQ6ToEC0Cy','88'),('3A9vIxzGBjEfqmDK7H9exS','88'),('3ls9lmPJ7xROR2VL5Kv1Gz','88'),('3WTfYNzWm899ocajxIGPTw','88'),('49fueUd2ik003xurF75RB6','88'),('4gT3mNJA8lnlkYFqGZ8IA2','88'),('4Qosj8bJfXBlXi35ukPiGi','88'),('4ukHl5HFRNARRnIWc4Oj83','88'),('5DO1SazQppcsKQ1c1JpyQz','88'),('5ikBZVTjSz8refDMxllN4c','88'),('5olWalQH1oVza5D6xJg4oX','88'),('62KeM7jbmYvzT5FycdiQeS','88'),('6EuE9M1viu9gkdFSafia9o','88'),('6oMBDrzwGG1BzCoZyPyGuG','88'),('01TnVDiet1DFTsyWKUKovl','938'),('01VGA34ATxwp0Xo1ldduo2','938'),('01wKNvjjbeyUMcEQFmdb0m','938'),('01wsKcJ8ptqUmatpJlEGYj','938'),('01z2fBGB8Hl3Jd3zXe4IXR','938'),('02LAK7qT1wya0klSeNO96f','938'),('02pf9lLM8Nb8l4u4ts1GWb','938'),('02tvc9CFnTyHuSRlGeNv9w','938'),('03GSskFw5AAKkwlOfiUMpR','938'),('03ImchswSXPA2KzLrc9hAL','938'),('03L2AoiRbWhvt7BDMx1jUB','938'),('03oACQmo4rDPHGNOAj75Hj','938'),('03TsSYvCy8hxdThRdiCP74','938'),('045sp2JToyTaaKyXkGejPy','938'),('049V1aSofNvW906vGZgFsD','938'),('05oETzWbd4SI33qK2gbJfR','938'),('05uGBKRCuePsf43Hfm0JwX','938'),('05v5mPkLAOoa7M5tnXXOwq','938'),('05XKLYOAsDeZyA5983IHno','938'),('068XDWvE8tDnQsKo8J3x1Z','938');
/*!40000 ALTER TABLE `playlist_songs` ENABLE KEYS */;
UNLOCK TABLES;

--
-- Table structure for table `playlists`
--

DROP TABLE IF EXISTS `playlists`;
/*!40101 SET @saved_cs_client     = @@character_set_client */;
/*!50503 SET character_set_client = utf8mb4 */;
CREATE TABLE `playlists` (
  `playlist_id` varchar(50) NOT NULL,
  `creator` varchar(50) NOT NULL,
  `playlist_name` varchar(50) NOT NULL,
  `date_created` date NOT NULL,
  `playlist_description` varchar(100) DEFAULT 'Playlist created with Spotify Music Selector',
  PRIMARY KEY (`playlist_id`,`creator`),
  KEY `playlists_fk_users` (`creator`),
  CONSTRAINT `playlists_fk_users` FOREIGN KEY (`creator`) REFERENCES `users` (`user_id`) ON DELETE CASCADE
) ENGINE=InnoDB DEFAULT CHARSET=utf8mb4 COLLATE=utf8mb4_0900_ai_ci;
/*!40101 SET character_set_client = @saved_cs_client */;

--
-- Dumping data for table `playlists`
--

LOCK TABLES `playlists` WRITE;
/*!40000 ALTER TABLE `playlists` DISABLE KEYS */;
INSERT INTO `playlists` VALUES ('608','12176798410','My New Playlist','2020-04-14','Playlist created on 2020-04-14'),('785','1252205107','My New Playlist','2020-04-14','Playlist created on 2020-04-14'),('88','1252205107','My New Playlist','2020-04-14','Playlist created on 2020-04-14'),('938','1252205107','My New Playlist','2020-04-14','Playlist created on 2020-04-14');
/*!40000 ALTER TABLE `playlists` ENABLE KEYS */;
UNLOCK TABLES;

--
-- Table structure for table `songs`
--

DROP TABLE IF EXISTS `songs`;
/*!40101 SET @saved_cs_client     = @@character_set_client */;
/*!50503 SET character_set_client = utf8mb4 */;
CREATE TABLE `songs` (
  `song_id` varchar(50) NOT NULL,
  `song_name` varchar(50) NOT NULL,
  `album` varchar(50) NOT NULL,
  `acousticness` float NOT NULL,
  `danceability` float NOT NULL,
  `energy` float NOT NULL,
  `instrumentalness` float NOT NULL,
  `track_key` float NOT NULL,
  `liveness` float NOT NULL,
  `loudness` float NOT NULL,
  `modality` int NOT NULL,
  `speechiness` float NOT NULL,
  `tempo` float NOT NULL,
  `valence` float NOT NULL,
  PRIMARY KEY (`song_id`),
  KEY `songs_fk_albums` (`album`),
  CONSTRAINT `songs_fk_albums` FOREIGN KEY (`album`) REFERENCES `albums` (`album_id`) ON DELETE CASCADE
) ENGINE=InnoDB DEFAULT CHARSET=utf8mb4 COLLATE=utf8mb4_0900_ai_ci;
/*!40101 SET character_set_client = @saved_cs_client */;

--
-- Dumping data for table `songs`
--

LOCK TABLES `songs` WRITE;
/*!40000 ALTER TABLE `songs` DISABLE KEYS */;
INSERT INTO `songs` VALUES ('01TnVDiet1DFTsyWKUKovl','NUMB','2Ti79nwTsont5ZHfdxIzAm',0.1,0.414,0.416,0.179,11,0.131,-8.024,0,0.0251,159.91,0.196),('01VGA34ATxwp0Xo1ldduo2','Note to Self','7viNUmZZ8ztn2UB4XB3jIL',0.855,0.652,0.455,0,8,0.171,-8.673,1,0.115,83.151,0.325),('01wKNvjjbeyUMcEQFmdb0m','All The Time','1HMw6LQLUfP2wxseAtdnfz',0.0249,0.654,0.817,0.000018,0,0.123,-4.802,0,0.217,108.161,0.608),('01wsKcJ8ptqUmatpJlEGYj','Ready to Start','3DrgM5X3yX1JP1liNLAOHI',0.12,0.282,0.932,0.0335,9,0.0692,-4.701,1,0.0387,190.08,0.536),('01z2fBGB8Hl3Jd3zXe4IXR','Come Back to Earth','5wtE5aLX5r7jOosmPhJhhk',0.89,0.272,0.238,0.00925,2,0.275,-12.148,0,0.0349,83.507,0.119),('023OVLNzXhX0j7CxswUt6D','Cheerleader - Felix Jaehn Remix Radio Edit','1QwWTLYn9dntAj7l9FRJwY',0.141,0.78,0.68,0.000012,4,0.138,-6.081,1,0.0305,118.026,0.594),('029B34AzPVXzOQCyaJpkdH','Changes','26atyI9OPdSCDkNjsOEJBW',0.452,0.532,0.455,0,2,0.237,-8.366,1,0.156,148.182,0.204),('02LAK7qT1wya0klSeNO96f','RoboCop','3WFTGIO6E3Xh4paEOBY9OU',0.157,0.698,0.447,0.00564,5,0.405,-8.04,0,0.102,133.776,0.407),('02pf9lLM8Nb8l4u4ts1GWb','My Nigga','4F6GGyqtJoF4EOxDgsKzsB',0.0933,0.673,0.464,0,10,0.21,-6.864,0,0.201,171.043,0.762),('02tvc9CFnTyHuSRlGeNv9w','Corduroy Dreams','32wYrmt3fg2c8maA80Ioc2',0.653,0.61,0.305,0,4,0.103,-14.037,1,0.053,113.818,0.222),('0385HqYimoTQaHZP17KwG1','We Found Love (feat. Rihanna)','7w19PFbxAjwZ7UVNp9z0uT',0.0234,0.738,0.776,0.0018,1,0.0775,-4.808,1,0.0392,127.984,0.608),('03GSskFw5AAKkwlOfiUMpR','Pink as Floyd','582BvSmU6StxTJ4PmTR79j',0.0287,0.407,0.493,0,0,0.137,-7.324,0,0.0299,78.929,0.168),('03ImchswSXPA2KzLrc9hAL','Backpackers','4q5E2s5u5X5HT4UMJpbMKE',0.29,0.547,0.865,0,5,0.0874,-5.778,0,0.446,170.651,0.528),('03L2AoiRbWhvt7BDMx1jUB','U With Me?','40GMAhriYJRO1rsY4YdrZb',0.337,0.429,0.43,0.0000118,2,0.138,-11.373,1,0.165,174.984,0.125),('03oACQmo4rDPHGNOAj75Hj','Meet The Flockers','4F6GGyqtJoF4EOxDgsKzsB',0.0149,0.756,0.426,0,1,0.096,-8.109,0,0.203,85.166,0.387),('03TsSYvCy8hxdThRdiCP74','Cameras / Good Ones Go Interlude - Medley','63WdJvk8G9hxJn8u5rswNh',0.255,0.441,0.403,0.0000127,2,0.13,-11.18,0,0.147,139.92,0.158),('045sp2JToyTaaKyXkGejPy','Fake Plastic Trees','500FEaUzn8lN9zWFyZG5C2',0.167,0.454,0.229,0.102,2,0.202,-12.592,1,0.0297,73.552,0.134),('049V1aSofNvW906vGZgFsD','Get On Your Knees','5ooCuPIk58IwSo6DRr1JCu',0.31,0.653,0.445,0,0,0.116,-7.183,0,0.0413,144.02,0.176),('04DwTuZ2VBdJCCC5TROn7L','In the Name of Love','75kX486cBBkuaLkZGjBptl',0.0592,0.49,0.485,0,4,0.337,-6.237,0,0.0406,133.889,0.196),('05oETzWbd4SI33qK2gbJfR','Rhiannon','5VIQ3VaAoRKOEpJ0fewdvo',0.111,0.723,0.49,0.0946,9,0.0923,-14.745,0,0.0296,129.012,0.795),('05uGBKRCuePsf43Hfm0JwX','Brain Damage','4LH4d3cOWNNsVw41Gqt2kv',0.0726,0.322,0.265,0.34,2,0.366,-13.398,1,0.0302,133.577,0.207),('05v5mPkLAOoa7M5tnXXOwq','Time','5SEQL40XcXX1FUHtiqa8PG',0.518,0.46,0.771,0.000197,9,0.0774,-7.088,0,0.328,88.83,0.296),('05XKLYOAsDeZyA5983IHno','This Is the Place','1jWKVgnHX8nwR551hQNx5K',0.002,0.611,0.732,0,9,0.12,-4.137,0,0.0347,113.451,0.475),('064tgRK6FYBwikCdxaHFV1','Comeback','1Uf67JAtkVWfdydzFFqNF2',0.0913,0.55,0.553,0,0,0.111,-7.34,1,0.0403,145.009,0.185),('068XDWvE8tDnQsKo8J3x1Z','Best Life','4G3BRVsGEpWzUdplFJ1VBl',0.12,0.702,0.764,0.000307,1,0.146,-6.189,1,0.347,85.991,0.471),('06isZAG9Bgm4jhPj7V0Rhx','The World Has Turned And Left Me Here','1xpGyKyV26uPstk1Elgp9Q',0.000399,0.455,0.918,0.0134,6,0.323,-5.724,1,0.0352,99.078,0.56),('06UZYUYbMqpaawLgoKwSw9','Doing It Wrong','63WdJvk8G9hxJn8u5rswNh',0.841,0.397,0.172,0.0000678,6,0.108,-15.698,0,0.0445,101.275,0.123),('06WD650Zt5MQ55kFMP2f3r','Fire Fly','4q5E2s5u5X5HT4UMJpbMKE',0.16,0.624,0.881,0,11,0.27,-3.696,0,0.282,87.268,0.529),('06wTEKL2rSrSaOjFtgG8fj','Slow Cheetah','7xl50xr9NDkd3i2kBbzsNZ',0.082,0.39,0.344,0.000141,1,0.0715,-7.804,1,0.0376,178.102,0.244),('06zwpJMkq4Rgh2YWz0dBfB','Still Got Love For You','16SMGvTZrwtiJ132g69toP',0.0449,0.726,0.896,0,1,0.0674,-4.927,1,0.169,120.001,0.635),('0725YWm6Z0TpZ6wrNk64Eb','Super Rich Kids','392p3shh2jkxUxY2VHvlH8',0.219,0.739,0.419,0,3,0.196,-8.241,0,0.0854,60.493,0.58),('076K8Jg7xmjCMn816yZboV','Letter Home','4q5E2s5u5X5HT4UMJpbMKE',0.484,0.253,0.385,0.0000773,0,0.153,-9.787,0,0.0346,81.153,0.293),('078C2jXg7XsMgW78Gfx1JA','SMUCKERS (feat. Lil Wayne & Kanye West)','621OhgnZJ7Pz8iUazct1In',0.0149,0.452,0.85,0.00367,10,0.153,-2.945,0,0.342,79.453,0.554),('07NI6CCv57IbIqzy10ddd7','Nobody\'s Perfect','4skqOUXyBUnzxVPNPxrGWV',0.0974,0.793,0.498,0.0000126,8,0.13,-11.208,0,0.17,119.988,0.427),('07oiSjg6TiehyOS3pRJo0l','I Like Tuh','44cXGGKLjDCExEc0aAMZK3',0.337,0.598,0.564,0,1,0.379,-3.89,0,0.0684,174.909,0.546),('08auB3LvJQJcasevC2nkPc','Guns','602bFcdb1Fof8HImMWxYvp',0.117,0.47,0.74,0,11,0.103,-5.439,0,0.356,70.472,0.762),('08Tbfp1GXta9Gb4RhoTuoX','Don\'t You','5igNThTeWvB5yHQHH7ywYo',0.1,0.932,0.442,0,11,0.122,-8.434,0,0.169,95.001,0.603),('08xsXR637CEqbxJmpFcuSA','Badge','2tVc8PhqDSRkpgiGOw7Ukb',0.449,0.596,0.575,0.000104,4,0.0839,-14.254,0,0.04,107.573,0.745),('09B19bcADQ9U0efD7WtfSI','Zeptune Rule','6VTxfTTsn6eAbwA43VYXGR',0.174,0.691,0.599,0,8,0.586,-8.721,1,0.372,78.868,0.429),('09W3YKEDiMFsX7QxWJm2zX','M.P.A.','4OoNqHBpbgDoqtN3u1IdiC',0.322,0.513,0.619,0,2,0.309,-9.248,0,0.441,168.848,0.379),('0aAk9KMmPChiS2EG9Fg7IX','Never Been','5dOpbgAmJeyoakKQ0QLWkR',0.11,0.664,0.795,0.00000453,10,0.575,-6.083,0,0.0448,101.079,0.64),('0afhq8XCExXpqazXczTSve','Galway Girl','3T4tUhGYeRNVUGevb0wThu',0.0735,0.624,0.876,0,9,0.327,-3.374,1,0.1,99.943,0.781),('0AfMo75qcGbttJ9l18YTGH','Mischeif (feat. DJ Paul)','2wxO6auSkzsTuSua9PqZop',0.137,0.547,0.579,0.00000158,4,0.0682,-8.485,0,0.118,67.901,0.479),('0aFObVR01JzPbBMjze4xPV','No Church In The Wild','1YwzJz7CrV9fd9Qeb6oo1d',0.246,0.654,0.751,0.0179,8,0.167,-7.508,0,0.105,92.781,0.568),('0aoOzL2OjoBn7rg2YCu5um','She Will Be Loved','6dbuCjj3cjh1jyHogN0XtR',0.0595,0.7,0.715,0,0,0.142,-5.45,0,0.0296,102.04,0.561),('0aym2LBJBk9DAYuHHutrIl','Hey Jude - Remastered 2015','7vEJAtP3KgKSpOHVgwm3Eh',0.0112,0.386,0.607,0.0000138,10,0.088,-7.7,1,0.0261,147.207,0.532),('0azC730Exh71aQlOt9Zj3y','This Is What You Came For','3pEgGUv379EDinvg1TN7Kt',0.199,0.63,0.928,0.124,9,0.148,-2.787,0,0.0331,123.963,0.465),('0B5QveFYJv8jpcJe2G5wcF','My Body\'s Made of Crushed Little Stars','16i5KnBjWgUtwOO7sVMnJB',0.0000218,0.202,0.744,0.0000513,7,0.493,-8.248,1,0.0641,81.914,0.316),('0B8QzDH7YWih85V5SEMnyJ','Money Longer','7mgdTKTCdfnLoa1HXHvLYM',0.0541,0.795,0.568,0,5,0.108,-7.817,0,0.142,136.173,0.478),('0BahRq8ZRCnlg40YfrVIvL','Here I Dreamt I Was an Architect','71RGak4YY6gzttupLNiVUC',0.101,0.411,0.754,0.00000283,7,0.141,-6.515,1,0.0294,189.9,0.602),('0bAM9qivrntXnHyklRRx39','World Spins Madly On','0ZF4upbGbPnqw6JApHiHQ1',0.614,0.501,0.312,0.0000396,1,0.129,-13.421,1,0.0285,107.611,0.402),('0bcCgRudYZ4kiOHZNZfqxU','Keisha\'s Song (Her Pain)','13WjgUEEAQp0d9JqojlWp1',0.429,0.465,0.854,0,7,0.618,-7.564,1,0.377,85.126,0.199),('0BCPKOYdS2jbQ8iyB56Zns','Clocks','0RHX9XECH8IVI3LNgWDpmQ',0.599,0.577,0.749,0.0112,5,0.183,-7.215,0,0.0279,130.969,0.261),('0bMvFOj5bztaD5kUCZhPiS','Toast','1SQZ0SSOxnsJ99vEKFQ6eC',0.73,0.577,0.572,0,9,0.11,-8.562,0,0.0477,99.973,0.318),('0bsDJFV8d8kiPxD8xsxdzp','Look What You\'ve Done','63WdJvk8G9hxJn8u5rswNh',0.485,0.495,0.351,0,3,0.0967,-14.669,0,0.34,134.369,0.271),('0BvV6bfJrzUgmT18lAgpeA','Late Night In Kauai','5GBcqixIFDPEom7AUNbFiM',0.75,0.792,0.416,0.211,7,0.109,-14.206,1,0.288,91.909,0.341),('0CjJqkWOpIUXdem5hUcxAk','Momma','7ycBtnsMtyVbbwTfJwRjSP',0.254,0.615,0.743,0,1,0.665,-4.58,1,0.325,111.914,0.515),('0CkSF2TAqIu8TJaVwwAOnT','If You Only Knew','320IHgTaLRjvcRhyfmYbk7',0.000347,0.449,0.956,0,9,0.325,-4.011,0,0.0398,97.011,0.321),('0COiZ7ncho2yi4HotbzgPv','Motion Picture Soundtrack','19RUXBFyM4PpmrLRdtqWbp',0.921,0.134,0.129,0.697,7,0.13,-16.128,1,0.0341,93.668,0.0435),('0cv2LgkvEoQiGgFWcZaAMA','We Turn Red','43otFXrY0bgaq5fB3GrZj6',0.116,0.61,0.872,0.147,2,0.152,-5.428,0,0.0422,164.038,0.842),('0d8ONGx43ZprlHlmLZODpD','Analog 2','7ibEo7IK9E9mi2sU5rJNDC',0.229,0.599,0.673,0.0000377,1,0.066,-8.363,1,0.566,148.044,0.262),('0Dc7J9VPV4eOInoxUiZrsL','Don\'t Tell \'Em','7DMyQuDPe8xzjC0UDSDa96',0.392,0.856,0.527,0,2,0.11,-5.225,1,0.0997,98.052,0.386),('0De8H4o9xzPtjRp9dns0L5','Boyish','6AOaqWipm2Zk0oBp0uUey2',0.0979,0.227,0.457,0.000447,2,0.189,-7.459,1,0.0299,106.727,0.371),('0Dg5AhpQSFvwErd0uhXu7Q','Stamina (feat. Lil Uzi Vert)','5QoEfDDOaOSkBdmedtx1KO',0.0186,0.771,0.693,0,7,0.271,-6.239,0,0.0805,123.039,0.731),('0dRRNtK7aeF37E8BcnCHdM','She Wish She Was','4nwd6ernojhNIIRifDJoRz',0.0113,0.889,0.404,0,1,0.183,-6.733,1,0.38,93.009,0.0392),('0DXzKuTYVys7VE4vbGhCPS','Somebody','5FWZm9haAG0NhY6WmdS4oW',0.325,0.746,0.633,0,6,0.127,-6.488,1,0.0456,92.822,0.848),('0EA2RhRHL4KWeNa7JfD1Yw','So It Goes','5wtE5aLX5r7jOosmPhJhhk',0.812,0.576,0.556,0.125,0,0.0943,-6.474,1,0.231,148.173,0.294),('0EH6BeGSEWtbETiOAYr3sN','Do I Have to Talk You Into It','25Z3GFmKx6ntosMpCSngnI',0.112,0.692,0.9,0.0000544,0,0.173,-4.273,1,0.0972,79.038,0.931),('0eJ9S6WTtq7yf3nEcMHuu8','FREE THE HOMIES INTERLUDE','3u3C0J0FIiZi75ZfXbSijo',0.98,0.665,0.41,0,10,0.564,-11.674,1,0.428,133.844,0.897),('0EMmVUYs9ZZRHtlADB88uz','Come On Eileen','0QNluXFRHFyRVDiBHXmstK',0.648,0.45,0.658,0.00000314,2,0.264,-7.064,1,0.0472,106.799,0.781),('0ESdtt9cjGZUkUbaubSrv2','Goodbye Blue Sky','5Dbax7G8SWrP9xyzkOvy2F',0.879,0.638,0.0811,0.00315,7,0.314,-22.646,1,0.0335,109.152,0.0502),('0eSuBkGm5URmCu6OymIv8x','Get Em High','3ff2p3LnR6V7m6BinwhNaQ',0.198,0.604,0.652,0,11,0.493,-5.665,0,0.373,93.181,0.635),('0eYmkWPJqioxUgSh9pVzS5','I Will','472GvzwE3EZ0i2EEaly5mX',0.0538,0.533,0.306,0.39,2,0.11,-13.659,1,0.0355,137.983,0.261),('0F4ZzkeDa1rNMxvijsXmua','Painting','1HT8zTMIromrZOA4wnbGdV',0.588,0.682,0.554,0.00102,0,0.125,-4.26,1,0.0423,87.97,0.441),('0fcQczCqmgsuuwwFVrehP4','Bompton','4F6GGyqtJoF4EOxDgsKzsB',0.0768,0.658,0.575,0,10,0.0768,-6.765,1,0.0331,95.004,0.0892),('0fDf7lTJ6A6uzGWUEJHcCq','The New Workout Plan','3ff2p3LnR6V7m6BinwhNaQ',0.00925,0.702,0.774,0,2,0.379,-4.682,1,0.208,117.993,0.624),('0FDzzruyVECATHXKHFs9eJ','A Sky Full of Stars','2G4AUqfwxcV1UdQjm2ouYr',0.00713,0.551,0.636,0.00203,6,0.217,-7.125,1,0.0281,124.996,0.153),('0fIdptEaBDh3FZii3PRwtt','Platinum And Wood','4Nlbt2EuXedr6UqaeXEI4c',0.754,0.597,0.588,0,9,0.195,-8.432,0,0.408,133.772,0.439),('0FMjqbY3aWo1QDbo3GwXib','Always in My Head','2G4AUqfwxcV1UdQjm2ouYr',0.0128,0.499,0.502,0.687,5,0.068,-9.307,1,0.0254,97.544,0.0397),('0fOv9Usm5mbJ0H1EQ7zrIQ','Kush Ups (feat. Wiz Khalifa)','0TDrWBqGYPnJEd3DZpNnIx',0.0163,0.599,0.858,0,1,0.297,-2.848,1,0.0794,149.448,0.61),('0ftpc9EOGzCOFzeTioekK3','BBC','0OTjYdGtP7AbwOwbYsGhyi',0.0945,0.802,0.783,0,11,0.169,-5.512,1,0.149,118.018,0.892),('0fv2KH6hac06J86hBUTcSf','NEW MAGIC WAND','5zi7WsKlIiUXv09tbGLKsE',0.0967,0.621,0.73,0.000131,5,0.673,-5.414,0,0.107,139.566,0.464),('0fYVliAYKHuPmECRs1pbRf','Renegades','7A8fZ2jjiu5heq7wNCutKN',0.0144,0.526,0.862,0.0597,2,0.229,-6.003,1,0.0905,90.052,0.528),('0FZmAvivvifvtN3pZScbw1','Drunk in Love Remix (feat. Jay-Z & Kanye West)','2UJwKSBUz6rtW4QLK74kQu',0.161,0.514,0.763,0,10,0.118,-3.58,0,0.052,139.748,0.474),('0GRvnYqlnh7ttq9NS6s3Ta','Desecration Smile','7xl50xr9NDkd3i2kBbzsNZ',0.178,0.575,0.788,0.0000472,2,0.11,-3.66,1,0.0228,91.853,0.436),('0h2gzJQBt6duqZD6kWiz4s','Moby Dick','70lQYZtypdCALtFVlQAcvx',0.025,0.492,0.446,0.874,7,0.566,-17.181,1,0.064,112.818,0.356),('0H4fQFdmbkARxfqEUVAXPY','Metallic Taste','44byRkiG5AmHjfrBuodMzp',0.356,0.665,0.384,0.00000542,7,0.099,-6.379,1,0.0659,109.596,0.274),('0hHJVyzLAARBLZl5vqKlCf','No One Here','6eBxAS4PTwclA7xyiij9PW',0.989,0.556,0.0458,0.00000415,7,0.208,-14.103,1,0.0445,84.775,0.184),('0Hj5n2RMrcpa1NhamwCTuk','Chapel Perilous','1qMDN9zRQreK81cJ9G1hed',0.266,0.506,0.428,0.0835,1,0.0975,-10.08,1,0.0518,117.842,0.166),('0hjK7BtkiGm3HLTuCxAqne','DEEPER THAN RAP','3u3C0J0FIiZi75ZfXbSijo',0.0684,0.63,0.416,0,8,0.293,-9.856,1,0.502,126.579,0.0765),('0hKRSZhUGEhKU6aNSPBACZ','A Day In The Life - Remastered 2009','6QaVfG1pHYl1z15ZxkvVDW',0.29,0.364,0.457,0.000106,4,0.922,-14.162,0,0.0675,163.219,0.175),('0HMCdlOPJkAGlB0MlSWIcO','I Am A God','7D2NdGvBHIavgLhmcwhluK',0.0366,0.506,0.532,0.000783,4,0.165,-7.403,0,0.0713,111.829,0.303),('0HxIzAPhbR9aAc5azPc6EB','Won\'t Go Home Without You','6dbuCjj3cjh1jyHogN0XtR',0.0134,0.734,0.614,0,3,0.112,-3.78,1,0.0322,110.009,0.446),('0i1qCBWE1JbfbCBPAofuHT','Häagen Dazs','3de7JZommOaihUk442MYPl',0.281,0.56,0.537,0,0,0.144,-7.099,1,0.383,79.094,0.639),('0I3q5fE6wg7LIfHGngUTnV','Ms. Jackson','2tm3Ht61kqqRZtIYsBjxEj',0.142,0.843,0.805,0,4,0.0771,-5.946,0,0.269,94.946,0.615),('0IabpxMpUV7waD7U4uDIMJ','Impossible','4PWBTB6NYSKQwfo79I3prg',0.398,0.507,0.464,0.0000262,3,0.603,-8.531,0,0.171,147.984,0.277),('0ibG3XCJ32Qq9maUY4AViR','How Can I Forget','4CzC68DHIUlP0Hc6UGczhx',0.69,0.796,0.53,0,8,0.0646,-5.967,1,0.0558,105.031,0.754),('0Ii6Ec7qLQqniKG4Bgfl8J','A Burning Hill','16i5KnBjWgUtwOO7sVMnJB',0.785,0.464,0.19,0.00296,2,0.109,-14.978,1,0.0367,132.034,0.104),('0itNMuBHye9fu392b4e9oa','Tell Me Baby','7xl50xr9NDkd3i2kBbzsNZ',0.00177,0.695,0.993,0.00246,0,0.0814,-3.114,1,0.0612,107.951,0.281),('0iTpQYzJnYgh7kIxyq8A2O','Two Weeks','6FIFqclBriPCb0SjWDaHIk',0.289,0.537,0.712,0.00568,5,0.08,-5.597,1,0.0286,159.871,0.704),('0j1VVFif10Ib9s3U59adli','Iron','74Ewey3td9g8nCtt0Q3bz7',0.279,0.642,0.725,0.868,8,0.117,-5.804,1,0.0496,130.069,0.493),('0j35X8cTq543QDYLOyqB8W','Only One','2ar6Yxkh6psvQOrGqk248v',0.939,0.732,0.243,0,0,0.111,-6.023,1,0.0435,102.087,0.106),('0J3ytriezGZ3KCREfHKDOI','Strip My Mind','7xl50xr9NDkd3i2kBbzsNZ',0.0265,0.387,0.653,0.0000344,0,0.111,-5.067,1,0.0333,135.601,0.262),('0j7pdNXDzEVQST5Zcoh5xo','Burn the House Down','1NZBzIrSV5yca91Su4i1MC',0.0364,0.454,0.66,0,0,0.181,-4.357,1,0.168,184.353,0.568),('0JP9xo3adEtGSdUEISiszL','Moonlight','2Ti79nwTsont5ZHfdxIzAm',0.556,0.921,0.537,0.00404,9,0.102,-5.723,0,0.0804,128.009,0.711),('0jWgAnTrNZmOGmqgvHhZEm','What\'s Up?','2P8M5eo4zWFD0JJtH4D0iA',0.161,0.565,0.564,0,2,0.114,-10.044,1,0.0292,134.355,0.454),('0kD5goTrCibAzBcjIHqgro','Date Rape','1sVlvoWbgJwJLGdEoOAz03',0.00519,0.593,0.68,0.000763,4,0.251,-8.968,0,0.151,99.524,0.708),('0kduHyov5fuZu7vwuEtV2s','Eddie\'s Ragga','3k4KtMTnGJsnqTt0AHEmnw',0.0191,0.763,0.521,0.0000782,4,0.286,-8.386,0,0.0329,114.007,0.827),('0kDziEq9KuZSEtCZ2l3rmO','Ass','6VTxfTTsn6eAbwA43VYXGR',0.166,0.683,0.667,0,11,0.193,-9.119,1,0.247,118.056,0.4),('0KKkJNfGyhkQ5aFogxQAPU','That\'s What I Like','4PgleR09JVnm3zY1fW3XBA',0.013,0.853,0.56,0,1,0.0944,-4.961,1,0.0406,134.066,0.86),('0Kojfmpnf0A2yC1zyv39Zx','Buried Alive','1Mk7Lei0Ra3hawezqmad5V',0.0916,0.755,0.83,0.0000381,3,0.298,-6.494,0,0.0613,139.9,0.513),('0kYUrLVQOfx21xuXu7OGrT','All These Things That I\'ve Done','4undIeGmofnAYKhnDclN1w',0.00156,0.557,0.728,0.00000513,6,0.118,-6.181,1,0.0405,118.241,0.216),('0lcnTiDzZpaLwhSydDLRPt','Vámonos','0xYE1K7heDWlp5pOxbpFHe',0.0153,0.736,0.583,0.00000452,2,0.0718,-5.958,1,0.173,145.862,0.4),('0LFqxv7O10lq49g4wpJ1ht','Relapse (feat. Iamsu!)','2KjK2W2EFrzLF3iTRWnKlJ',0.521,0.758,0.476,0.00728,11,0.15,-10.244,1,0.0662,139.976,0.694),('0Ll60pqkEBHqzdeclRHdnl','From the Beginning - 2015 - Remaster','4Swf9iftTTaoEPbPXyxxUQ',0.352,0.617,0.187,0.394,4,0.119,-18.646,0,0.0444,133.216,0.326),('0ll8uFnc0nANY35E0Lfxvg','Somewhere Only We Know','0qsT8HLvlWaSWIq8Rc95BI',0.0794,0.452,0.655,0.00000761,9,0.0849,-4.22,1,0.0259,172.012,0.368),('0LnnRZnr7JqoBLLTVRsNrk','Ain\'t Got a Lot of Money','5FWZm9haAG0NhY6WmdS4oW',0.199,0.78,0.832,0,2,0.0918,-5.133,1,0.044,96.542,0.869),('0LrwgdLsFaWh9VXIjBRe8t','Changes - 2015 Remaster','6fQElzBNTiEMGdIeY0hy5l',0.505,0.547,0.308,0,0,0.109,-11.75,1,0.0377,114.719,0.41),('0Mgu8kdyjgndwRPRrqN67K','Detatched','0oqefS8tHi0qoIzCFHkC7T',0.013,0.813,0.436,0.0000696,10,0.108,-14.458,0,0.108,99.538,0.233),('0mIllpvSLn6pEgBNTkCmKX','This Love','6dbuCjj3cjh1jyHogN0XtR',0.0609,0.714,0.862,0,5,0.093,-4.603,0,0.0363,95.038,0.764),('0mrW7NyeWkWko7VTRu124M','HISTORY','5YF8ms264wRnswVK1YMYmu',0.254,0.508,0.322,0.0000219,1,0.106,-7.767,1,0.0277,132.059,0.336),('0mRWl4amZn1FtRx2cE5jf3','SMS (Bangerz) (feat. Britney Spears)','3RDqXDc1bAETps54MSSOW0',0.0188,0.837,0.914,0.000278,11,0.0969,-4.247,0,0.0511,139.029,0.887),('0MRZ9nMoLc7qQ8Nhovv8C8','Ok Alright (feat. ScHoolboy Q)','4PWBTB6NYSKQwfo79I3prg',0.141,0.53,0.661,0.00018,8,0.123,-5.507,1,0.083,122.482,0.149),('0msrDPXxZpts4FRnoX0bFr','Monks','392p3shh2jkxUxY2VHvlH8',0.0521,0.747,0.758,0,0,0.214,-4.743,0,0.179,102.02,0.601),('0MsrWnxQZxPAcov7c74sSo','Holiday / Boulevard of Broken Dreams','5dN7F9DV0Qg1XRdIgW8rke',0.000659,0.29,0.827,0.00000255,8,0.301,-3.451,1,0.0362,167.086,0.45),('0mtmrbRFsectINNpHdDkUQ','Just Imagine It','1TCiADBOmKJgdxULZPrK2a',0.0466,0.699,0.761,0,10,0.107,-4.337,1,0.0457,120.044,0.443),('0MVUm3Nied9ocRAkDjRWvP','All Things Go','5ooCuPIk58IwSo6DRr1JCu',0.0718,0.751,0.463,0.000016,1,0.105,-10.966,1,0.281,124.009,0.276),('0N3W5peJUQtI4eyR6GJT5O','King Kunta','7ycBtnsMtyVbbwTfJwRjSP',0.00589,0.884,0.657,0,6,0.154,-4.569,0,0.0977,107.059,0.489),('0Nf3vtVBfiayZL7c8r4KBO','Gas Pedal','42geqX2TUPWb48jtAFDjhN',0.0299,0.845,0.54,0,10,0.12,-7.864,0,0.127,97.516,0.443),('0nfkzX4y8O7Jxotd7bCu2C','Research','4Nlbt2EuXedr6UqaeXEI4c',0.216,0.764,0.759,0,8,0.308,-4.494,1,0.244,143.037,0.762),('0NkhsTIoveKdBQAfGDCNBw','Who Dat','6bbL6fIixWFp4lX2Hc1WQB',0.165,0.722,0.813,0,11,0.0459,-5.524,0,0.306,90.029,0.659),('0NSbiBKXoODbsPwjSivfBr','I Could Have Lied','30Perjew8HyGkdSmqguYyg',0.0132,0.56,0.209,0.551,7,0.342,-13.591,1,0.039,140.744,0.407),('0NSwXfEWMG7HIRvXioGu03','Here And Now','0CBezlC6aZNKVf2554t53k',0.0477,0.52,0.841,0,9,0.25,-3.048,1,0.0524,147.963,0.705),('0NTMtAO2BV4tnGvw9EgBVq','Bitch Better Have My Money','4S8F794ucXJcAtycwOZgR9',0.0509,0.781,0.728,0.00000194,1,0.257,-4.981,1,0.0621,102.99,0.395),('0O8Ymlu03OqEX5XU5p8Rw3','In the Backseat','6ZB8qaR9JNuS0Q0bG1nbcH',0.457,0.328,0.546,0.0565,7,0.0725,-10.031,1,0.032,169.975,0.224),('0o995gJCGebaza0LWybToU','Doesn\'t Remind Me','0HQhToIjonHnJRRPN4jeJU',0.169,0.457,0.768,0,9,0.103,-3.592,1,0.0378,99.739,0.232),('0ofbQMrRDsUaVKq2mGLEAb','Havana','5chBPOVY2I0bG5V3igb5QL',0.186,0.768,0.517,0.000038,7,0.104,-4.323,0,0.0312,104.992,0.418),('0OJg8K1N7UX3QM2HafN0L4','Hell Or High Water','71g0cSWJ5QNtGffr0nqnKU',0.00198,0.238,0.737,0.00000981,4,0.374,-5.289,0,0.109,81.901,0.443),('0oTeJt9aDvLv5lNt1ZnMxr','Simple Pages','2OBSz5Nlto0Q5CtYPzPY7c',0.000137,0.402,0.906,0.259,9,0.156,-4.306,1,0.0398,102.603,0.397),('0P6SReGYBtbX9VThg1ERP8','green blood','17Y1VSG80WqmcEiHawiQEo',0.904,0.368,0.828,0.18,3,0.167,-5.33,1,0.0827,130.618,0.44),('0pjCkLjbgSLn5c0Ilwuv8z','The Longest Wave','43otFXrY0bgaq5fB3GrZj6',0.319,0.476,0.511,0.000129,8,0.119,-6.25,1,0.0324,148.158,0.339),('0PN1iUBRQDWUtqwEvVfWfD','Nauseous / Devilish','50156iq4owa0BXegpAf1Mg',0.761,0.646,0.46,0.000153,6,0.115,-9.036,1,0.328,140.038,0.507),('0pN1Ld0Fr9DTUaCGbKRvlF','Make Me Proud','63WdJvk8G9hxJn8u5rswNh',0.00268,0.684,0.486,0.000148,1,0.157,-10.155,1,0.132,131.913,0.355),('0pNeVovbiZHkulpGeOx1Gj','Something - Remastered 2009','0ETFjACtuP2ADo6LFhL6HN',0.198,0.396,0.338,0.00000262,0,0.138,-10.872,1,0.0304,133.522,0.377),('0ppUopIIOTVmoq79vAkDFj','Selfish','7dsRPSHjkP14QmLZ5rbSNm',0.0553,0.684,0.783,0.00000133,8,0.113,-5.38,0,0.0519,102.048,0.355),('0pQGss1ghRRk0dSlRHJF9C','Miss Sweeney','6v8wNjiQDhDijoapXXZ9mZ',0.0144,0.45,0.458,0.0000104,8,0.102,-8.859,1,0.0275,99.684,0.0505),('0pQskrTITgmCMyr85tb9qq','Starman - 2012 Remaster','48D1hRORqJq52qsnUYZX56',0.166,0.486,0.45,0.00000206,5,0.54,-10.298,1,0.0267,100.456,0.55),('0Px86mRlxdB3YqpK6KXWlr','Once an Addict - Interlude','4Wv5UAieM1LDEYVq5WmqDd',0.626,0.548,0.472,0,8,0.119,-8.343,1,0.477,82.36,0.138),('0PywzrV955BnXDC8FHAf0n','Jackie and Wilson','04E0aLUdCHnhnnYrDDvcHq',0.0579,0.555,0.727,0.00000752,6,0.0937,-4.202,1,0.0388,82.142,0.739),('0qdJUhXtk9u7sdSwfBB5XU','Let Me Go','1vbpW28Od2ATmVyAZ0QZ3j',0.0512,0.773,0.641,0.000365,9,0.0791,-8.049,1,0.0456,109.141,0.944),('0qy5D3OJre7SPJNMOL9I71','Broccoli','4mchkmnzdTYIEAnw2FijA3',0.236,0.886,0.525,0,8,0.057,-7.39,1,0.132,145.99,0.708),('0R332cdlS9LyE0Ge2PSlVC','Climbing Up the Walls','7dxKtc08dYeRVHt3p9CZJn',0.0971,0.172,0.655,0.128,11,0.195,-7.476,0,0.042,78.653,0.221),('0r7UEhhOH1DJQYVPJ1NwOQ','Drunk Walk Home','472GvzwE3EZ0i2EEaly5mX',0.0018,0.331,0.358,0.0000154,9,0.189,-7.627,1,0.0339,172.652,0.325),('0rBMP6VVGRgwnzZCLpijyl','Canal St.','3arNdjotCvtiiLFfjKngMc',0.308,0.696,0.583,0,3,0.0964,-9.351,0,0.301,137.079,0.524),('0RLAh3SpNgaKYjLaoSxGlJ','Old Friend','16SMGvTZrwtiJ132g69toP',0.242,0.617,0.82,0,4,0.298,-6.762,0,0.132,91.921,0.2),('0Rn35uVnV5Q1S1DM8NBhSr','Favorite','5ooCuPIk58IwSo6DRr1JCu',0.551,0.672,0.572,0.0000632,4,0.0887,-7.216,0,0.0423,103.075,0.0563),('0rSVWYKiBkirydeEyFevAn','HYFR (Hell Ya Fucking Right)','63WdJvk8G9hxJn8u5rswNh',0.123,0.444,0.627,0,7,0.0795,-8.744,0,0.252,98.21,0.359),('0RuJD7YfBO2gvj6smWkAgR','Spaceship','3ff2p3LnR6V7m6BinwhNaQ',0.513,0.522,0.773,0,5,0.621,-5.327,0,0.22,178.073,0.652),('0RzUwciNNYvMvdixIUtgfB','Crab','2OBSz5Nlto0Q5CtYPzPY7c',0.000237,0.401,0.884,0.000317,0,0.137,-4.864,1,0.041,111.563,0.45),('0S1Fg4r85mh7UaoiH20mUs','Fight Test','6cxtdOwHNx4UjOCroOHhmh',0.0404,0.49,0.985,0.0000177,9,0.304,-2.386,1,0.0639,82.043,0.886),('0sd6BRTa0O96tfEbFGhJF9','Sing About Me, I\'m Dying Of Thirst','6PBZN8cbwkqm1ERj2BGXJ1',0.303,0.654,0.753,0.0000808,11,0.13,-7.556,0,0.395,110.722,0.371),('0SGkqnVQo9KPytSri1H6cF','Bounce Back','0XAIjjN5qxViVS0Y5fYkar',0.104,0.78,0.574,0,1,0.129,-5.628,0,0.141,81.502,0.273),('0SMzXgUFqcAt0WNCsGm3tM','Feasting on the Flowers','43otFXrY0bgaq5fB3GrZj6',0.137,0.67,0.75,0.00000353,6,0.197,-5.502,0,0.0583,82.041,0.88),('0suLngfo7rJoetk7Ub6N8l','Octopus\'s Garden - Remastered 2009','0ETFjACtuP2ADo6LFhL6HN',0.155,0.626,0.512,0.0000465,1,0.215,-9.15,0,0.0247,92.225,0.73),('0t3ZvGKlmYmVsDzBJAXK8C','Goodbyes (feat. Young Thug)','4g1ZRSobMefqF6nelkgibi',0.456,0.548,0.653,0,5,0.103,-3.875,1,0.081,150.068,0.163),('0T5OfSkpotI0fla76KE3Uz','Saved By A Waif','7CCwkPweMxKq8yWkVerH6T',0.0317,0.257,0.807,0.0000285,4,0.432,-5.383,1,0.0617,178.075,0.237),('0tgVpDi06FyKpA1z0VMD4v','Perfect','3T4tUhGYeRNVUGevb0wThu',0.163,0.599,0.448,0,8,0.106,-6.312,1,0.0232,95.05,0.168),('0TiC3GtlMCskf2hIUIBcDV','Crew Love','63WdJvk8G9hxJn8u5rswNh',0.227,0.418,0.546,0,0,0.229,-9.057,0,0.238,160.152,0.294),('0TK2YIli7K1leLovkQiNik','Señorita','2ZaX1FdZCwchXl1QZiD4O4',0.037,0.759,0.54,0,9,0.0945,-6.039,0,0.0287,116.947,0.75),('0TRJSoV6b5zDASVtdMK7oT','Mr. Big Stuff','4oEYZnyz2yqpWjjBcq7xLk',0.293,0.891,0.632,0.0000192,8,0.123,-7.409,1,0.153,93.132,0.966),('0tu5HH23FGMhQiJxHRK3bp','Dirty Laundry','4G3BRVsGEpWzUdplFJ1VBl',0.295,0.555,0.615,0.00000322,2,0.297,-6.477,1,0.287,174.076,0.436),('0tyYpW6eJ2q7Dtfyc3v7rO','Foreign','3pKTKC0AAe3yTcXQLzvpSW',0.0254,0.749,0.643,0,5,0.101,-7.424,0,0.114,123.92,0.651),('0TzIHqhAbvYR6qJKrMMFlk','My Way Home','5ll74bqtkcXlKE7wwkMq4g',0.331,0.595,0.596,0,8,0.0976,-10.488,1,0.0408,86.969,0.775),('0U0p8weaMIbIFMJ0CPlvHV','Sprawl II (Mountains Beyond Mountains)','3DrgM5X3yX1JP1liNLAOHI',0.016,0.518,0.81,0.0013,8,0.115,-6.445,1,0.029,99.968,0.179),('0U4Cy1X77KibvFA0et2Ew8','Still Got It','7xVWQ20VZLAZsCuOEJV0r4',0.539,0.801,0.438,0,10,0.144,-10.175,0,0.263,121.974,0.137),('0ua0Go4NN4Td7l0Zre6Ce3','Flashing Lights','3SZr5Pco2oqKFORCP3WNj9',0.0315,0.634,0.649,0,6,0.482,-7.505,0,0.0486,90.482,0.509),('0UmV17gerlXy4V3wuOUWPo','Bool, Balm & Bollective','4nwd6ernojhNIIRifDJoRz',0.162,0.668,0.656,0,7,0.388,-7.778,1,0.359,95.628,0.468),('0uZ9Cop3w5BIkNrMwy2uOL','Wife','3Y2DBOg3GKXDlsUvh4htsi',0.956,0.376,0.101,0,0,0.382,-14.451,1,0.0333,79.95,0.231),('0vFOzaXqZHahrZp6enQwQb','Money','4LH4d3cOWNNsVw41Gqt2kv',0.0241,0.469,0.537,0.00201,9,0.269,-10.421,1,0.152,124.193,0.783),('0VNzEY1G4GLqcNx5qaaTl6','Vincent','10jsW2NYd9blCrDITMh2zS',0.908,0.419,0.085,0.00000533,7,0.34,-19.387,1,0.0362,91.509,0.458),('0vRFKF7dGdL5XxZMXzpCpF','Someone Else','3RDqXDc1bAETps54MSSOW0',0.03,0.668,0.761,0,9,0.365,-7.093,0,0.0912,133.985,0.34),('0VrQ3dAV7vefMJYb56q0M3','Mississippi','6wi40lIjhukePWyXRKY7qO',0.884,0.688,0.506,0.0306,2,0.108,-9.049,0,0.0697,138.893,0.107),('0VvfILoGGj0QbLTfYkrZNH','Thank God','4F6GGyqtJoF4EOxDgsKzsB',0.00341,0.846,0.3,0,0,0.239,-11.586,0,0.622,93.827,0.147),('0vyVsDtLIJmq3kV3oz66dr','In A Little While','7gskILm9UyDvFlmmAoqn2g',0.458,0.645,0.596,0,2,0.176,-7.071,1,0.0271,92.048,0.52),('0W1M8vt5AoAidBEah3NE0H','Something Against You','2l7RPWC3E6eStJJLBsUeCI',0.00227,0.213,0.821,0.845,1,0.0896,-11.623,1,0.085,190.095,0.266),('0w2piYWj1F2bzUftzGJgK9','Paranoid','3WFTGIO6E3Xh4paEOBY9OU',0.114,0.587,0.611,0.0000983,6,0.0765,-7.408,1,0.106,114.991,0.464),('0wEC0GNF74lAqrEFZJMl1m','PUPPET','5zi7WsKlIiUXv09tbGLKsE',0.00235,0.508,0.557,0.0134,8,0.588,-8.967,0,0.0478,77.572,0.199),('0Wf8czfSUf68GaqkgaeJY9','LIKEY','5ym6E1NaHkmfN25cPGfKwY',0.403,0.716,0.91,0.000406,4,0.13,-1.077,0,0.0341,132,0.447),('0Wi0Pk5bSwM7WEFmDAGzL5','Get Stupid','0PFdNux6i6IxZFjxpiLFyM',0.279,0.844,0.54,0,10,0.0823,-6.1,0,0.306,91.053,0.654),('0WKYRFtH6KKbaNWjsxqm70','Gin And Juice (feat. Dat Nigga Daz)','7f9KDGqY7X2VLBM5aA66KM',0.0285,0.549,0.853,0.000296,7,0.618,-4.293,1,0.188,94.695,0.346),('0wsis8nb0CLqWoRvEPvwiS','Two Coins','0tN2TkilPoLmqN21UJBC77',0.858,0.536,0.305,0.0000029,7,0.101,-8.645,1,0.121,175.184,0.643),('0wwPcA6wtMf6HUMpIRdeP7','Hotline Bling','40GMAhriYJRO1rsY4YdrZb',0.00261,0.891,0.625,0.000176,2,0.0504,-7.861,1,0.0558,134.967,0.548),('0WZZJ0mDKIkLfL0710ssZt','Neighborhood #1 (Tunnels)','6ZB8qaR9JNuS0Q0bG1nbcH',0.0647,0.282,0.738,0.0142,0,0.29,-5.566,1,0.0324,126.914,0.211),('0X8DcetL926BYiPJYstJTc','Lucid Dreams','24X4IZGu9QcQ8pVf9dFAGg',0.349,0.511,0.566,0,6,0.34,-7.23,0,0.2,83.903,0.218),('0Xcy81PsJCOO6mhLZaQyQ4','Perfecto','5wtE5aLX5r7jOosmPhJhhk',0.748,0.599,0.317,0,1,0.111,-11.212,1,0.174,148.09,0.203),('0XJ6tNQcWnFmTVFko1J7YR','JADE','4zETbpGKT1FHsEZq3QFQUR',0.385,0.409,0.259,0.0843,4,0.103,-12.162,1,0.0341,105.861,0.266),('0xMEF2WiqKWTIG7Krjungw','The Distance','57lJNxlrPSin9SySEnerNb',0.00796,0.463,0.749,0.00219,11,0.0558,-8.118,0,0.0891,183.048,0.888),('0xOeB16JDbBJBJKSdHbElT','Rebellion (Lies)','6ZB8qaR9JNuS0Q0bG1nbcH',0.00744,0.401,0.933,0.627,8,0.318,-5.682,1,0.0344,127.193,0.734),('0XWTLNFUHKMfUuTlWqHkeO','hand crushed by a mallet','4CGanXs6KlVuXXdNrf82qE',0.274,0.659,0.473,0,1,0.28,-7.306,0,0.125,84.505,0.788),('0YA2A2cJtfkIopVtIrcIxG','CANT GET INTO KANADA','3u3C0J0FIiZi75ZfXbSijo',0.048,0.836,0.69,0,0,0.125,-6.842,1,0.163,149.975,0.481),('0yc37FvbXRwwFaQxzpxbsd','Somebody To Love','1YjQ5Q5ptRnQcT4P6nSCyt',0.0158,0.401,0.503,0,2,0.134,-8.084,1,0.0437,118.491,0.236),('0yTJtxZJ5VLfBEHhiNUNeY','Silvertongue','3PYk8e7eo2t5CA1Y3AvhaG',0.00975,0.673,0.789,0,0,0.752,-4.288,1,0.0408,100.043,0.841),('0YveezON7jpiaHA8fnUHxN','Roundabout - 2003 Remaster','0dZF93WHyOhTWjz5EWM7yG',0.0682,0.41,0.761,0.0077,4,0.0758,-9.453,0,0.0687,132.889,0.391),('0YzMEu5sGNX0JKr9mdBtzd','The Dead Flag Blues','7sh2Z8jj1iySpHRAnGd9w5',0.743,0.243,0.192,0.777,10,0.0997,-18.237,0,0.0388,104.202,0.036),('0Z1ozhbWc9XPczRSrFYqBb','We Don\'t Care','3ff2p3LnR6V7m6BinwhNaQ',0.0149,0.641,0.743,0,11,0.225,-5.784,0,0.175,83.14,0.612),('0zCm4JTVBuIWSSL8rMUChT','Last Words of a Shooting Star','472GvzwE3EZ0i2EEaly5mX',0.473,0.393,0.167,0.00097,2,0.11,-19.024,1,0.0361,129.955,0.0961),('0ZenaG5GmQrLaW8pjQ4zTr','MOUNTAIN','4zETbpGKT1FHsEZq3QFQUR',0.469,0.407,0.674,0.128,2,0.114,-9.618,1,0.058,140.094,0.303),('0zLClc0emc6qUeV1p5nc99','No More Parties In LA','7gsWAHLeT0w7es6FofOXk1',0.246,0.508,0.921,0,5,0.221,-1.644,1,0.303,93.058,0.681),('0zO8ctW0UiuOefR87OeJOZ','Collard Greens','7Et3bSTLLqdABO1qCxUplS',0.025,0.825,0.575,0.00000994,11,0.205,-4.87,1,0.0633,153.954,0.65),('0zOjLt9kHEfbmOAsK89DNt','Short Stoppin\'','5aaGMlXakEJJVlKCwC5vaR',0.374,0.877,0.402,0.00562,2,0.108,-6.282,1,0.144,147,0.439),('0ZPHHXmmW3nVoDBe3YUdmm','The Middle','1VbyDS3tGhe4iHfIJ7AMtr',0.0358,0.634,0.85,0,2,0.0711,-5.31,1,0.0549,162.166,0.913),('0ZUI0mFegSJZ3lRPO7rPuT','POWER','3u3C0J0FIiZi75ZfXbSijo',0.0112,0.933,0.486,0,1,0.101,-7.963,1,0.0687,100.006,0.417),('0zXDEhxZ02tdfIyAYAf4QL','Carry Me Out','472GvzwE3EZ0i2EEaly5mX',0.0199,0.154,0.382,0.000725,7,0.162,-8.717,1,0.0312,75.495,0.113),('104pmtTQOlmW8Zt2BipGKH','Diane Young','2Qi2SySN2ePZwMLDSv9Krn',0.032,0.419,0.803,0.000037,11,0.206,-5.498,1,0.246,86.958,0.764),('10Nmj3JCNoMeBQ87uw5j8k','Dani California','7xl50xr9NDkd3i2kBbzsNZ',0.0193,0.556,0.913,0.00000859,0,0.346,-2.36,1,0.0437,96.184,0.73),('10VBBaul4zVD0reteuIHM2','From Time','2gXTTQ713nCELgPOS0qWyt',0.626,0.738,0.491,0,1,0.126,-9.726,0,0.413,94.378,0.448),('11kDth1aKUEUMq9r1pqyds','5% TINT','41GuZcammIkupMPKH2OJ6I',0.173,0.712,0.481,0,4,0.241,-5.415,0,0.0487,140,0.062),('11YWR8tzDTR2P4KZ3lAySj','Drift Away','5DJHtJpuoj7VidJ447oD8s',0.325,0.508,0.46,0,11,0.648,-7.662,1,0.0404,75.836,0.565),('12bCgkFnyyTI8B1OmmRhbx','The Spiteful Chant','13WjgUEEAQp0d9JqojlWp1',0.0506,0.596,0.783,0,0,0.181,-4.356,0,0.0313,127.018,0.334),('12d5QFwzh60IIHlsSnAvps','10 Bands','0ptlfJfwGTy0Yvrk14JK1I',0.262,0.825,0.757,0.00000172,11,0.0762,-3.687,0,0.384,172.938,0.89),('12KwQ5UHj6F8HzmAxlXPww','Italian Leather Sofa','6kPOXxCYCdXBzEbb9dqE90',0.299,0.504,0.726,0.00866,0,0.366,-8.025,1,0.0442,104.139,0.493),('12PlslqAWQUtiLoObNaj8a','Time In A Bottle','5M1LRjo6pwaxEBuu7Dbvjb',0.793,0.541,0.251,0,2,0.228,-11.729,1,0.0329,134.041,0.642),('13P5rwmk2EsoFRIz9UCeh9','Cool Kids','1oHY6eQmEG8skElDvFgKz2',0.0372,0.719,0.671,0.00000821,8,0.12,-6.279,1,0.0336,130.027,0.786),('13U48U3VZb2iufNNvSTZLs','Mellow Mood - feat. G. Love','6SivmmHM5n3CCsU99XDFYi',0.644,0.779,0.519,0.0201,7,0.113,-7.752,1,0.092,88.984,0.551),('13uyMAetJNWMWJamO4aynQ','Rococo','3DrgM5X3yX1JP1liNLAOHI',0.281,0.315,0.861,0.295,7,0.266,-5.292,1,0.0377,165.644,0.417),('14JVvyYTdLtd167zqaSvro','Good','6yZInDYmAnQvbMe4de39Hw',0.0123,0.337,0.803,0,0,0.128,-6.779,0,0.125,169.669,0.344),('14Rcq31SafFBHNEwXrtR2B','Hold On, We\'re Going Home','2gXTTQ713nCELgPOS0qWyt',0.00415,0.776,0.413,0.0000268,6,0.0724,-7.438,0,0.0952,100.003,0.287),('152lZdxL1OR0ZMW6KquMif','Location','6kf46HbnYCZzP6rjvQHYzg',0.33,0.736,0.449,0.000162,1,0.0898,-11.462,0,0.425,80.126,0.326),('15drQPizu1vKPrBgAqfR0x','Timeline','5ufzqDK2p7Te64hQBAu35t',0.00569,0.492,0.791,0.0631,9,0.0829,-8.584,1,0.0387,114.674,0.311),('15ea10YpJIl3mJq75yzqsD','Jigsaw Falling Into Place','7eyQXxuf2nGj9d2367Gi5f',0.105,0.461,0.833,0.00419,11,0.0741,-6.082,0,0.0481,165.635,0.808),('15kLz0zNFdtsaJdXKSGmTU','The Drugs Don\'t Work','4uWmfuW68AR0mGFpYlUDjL',0.184,0.442,0.52,0,0,0.154,-8.648,1,0.0261,77.437,0.177),('164al00XRSLWG6h4hc12bD','Skit #1','5ll74bqtkcXlKE7wwkMq4g',0.467,0.799,0.307,0,1,0.146,-12.543,1,0.917,52.165,0.753),('16J9CcYE8XRrjHolbP148Y','Is You Down','1XtTygUdUqtwPyErnZxLbR',0.425,0.86,0.481,0,5,0.0705,-6.684,0,0.303,93.026,0.937),('16qYlQ6koFxYVbiJbGHblz','G.O.M.D.','7viNUmZZ8ztn2UB4XB3jIL',0.331,0.889,0.393,0.00000867,4,0.283,-10.821,0,0.267,128.065,0.304),('16qzGrIMWoxerw2gnW0zuv','Pink Moon','7KyvfoQhqlNLPNb98yY0pf',0.819,0.638,0.256,0.0707,3,0.145,-15.68,1,0.0492,82.479,0.438),('16umSNZfofRpDqTvf8DIAo','Wings','5wtE5aLX5r7jOosmPhJhhk',0.818,0.656,0.33,0.00386,8,0.107,-8.771,1,0.162,119.057,0.349),('16VFadjfLwWo2w9ZtlpMUd','Change','3futuUX8tegbKLVgedn6O4',0.0538,0.775,0.547,0,8,0.613,-10.067,0,0.309,114.055,0.364),('16VhHtoaOjTU4AJBNSBNQ1','Hey Hey What Can I Do - 2012 Remaster','56G9UnPmRifbubzPDJfAyd',0.166,0.468,0.858,0.000304,1,0.0807,-9.639,1,0.0543,77.987,0.526),('16x9bQHw8TBNaGDyULvwad','before I close my eyes','2Ti79nwTsont5ZHfdxIzAm',0.976,0.356,0.143,0.0000189,9,0.111,-15.148,1,0.0388,75.522,0.334),('172rW45GEnGoJUuWfm1drt','Your Best American Girl','16i5KnBjWgUtwOO7sVMnJB',0.0159,0.36,0.257,0.00512,7,0.226,-9.655,1,0.0315,76.972,0.13),('172TyTNb8qVzBx56tyBu5C','All Apologies - 2013 Mix','6ohX7moZZnF1FwYrli1OJ6',0.107,0.418,0.508,0.00000739,1,0.112,-12.464,1,0.0341,112.83,0.293),('17A18khjCRm3uNcd2fFn4I','Bounce','1Mk7Lei0Ra3hawezqmad5V',0.164,0.621,0.631,0,4,0.264,-6.323,0,0.169,157.797,0.282),('17FK4etx1u2NK60cptINMS','100 Bad Days','02tIakRsIFGW8sO4pBtJgj',0.0465,0.626,0.639,0,10,0.161,-5.62,1,0.085,144.009,0.638),('17LndP1IOtgzdzeBS21ytf','Left, Right','4F6GGyqtJoF4EOxDgsKzsB',0.0375,0.776,0.731,0,2,0.681,-8.229,1,0.35,94.974,0.217),('17onAqgx91Bp9MXtF4TvJ8','Heartworks','1HIM724n5CusJzGpfbIBX7',0.127,0.777,0.527,0.0000119,5,0.0897,-7.195,1,0.0291,105.018,0.753),('192boLjFXYWZ0ADjtvhaJT','Porno','2JnOb2SpW5DSOHhbW6GKru',0.136,0.665,0.661,0,10,0.433,-6.353,0,0.388,85.616,0.657),('19a3JfW8BQwqHWUMbcqSx8','Famous','7gsWAHLeT0w7es6FofOXk1',0.0711,0.465,0.735,0,6,0.0975,-3.715,1,0.117,173.935,0.409),('19FsxX4RthRMZGfXkImdCb','Notorious Thugs - 2014 Remaster','7dRdaGSxgcBdJnrOviQRuB',0.121,0.704,0.873,0.00000512,11,0.24,-4.057,0,0.144,154.914,0.742),('19K3lUMJmOdeuOBTrbLm19','Weekend Wars','6mm1Skz3JE6AXneya9Nyiv',0.0964,0.549,0.859,0.0000236,5,0.322,-3.993,1,0.0361,77.013,0.69),('19PBjnRb1MJTsOOMMLlMhP','Momma Speech Intro','51o7e7jwDTbX8r43zbjieM',0.916,0.872,0.335,0,10,0.399,-15.533,1,0.915,132.012,0),('19PtHjgLtiKGsrRoC1f9IF','Big Brother','3SZr5Pco2oqKFORCP3WNj9',0.199,0.531,0.76,0,11,0.0598,-6.198,0,0.29,77.556,0.292),('19Shlms2uTnOjIUg50TXzd','Never Going Back Again - 2004 Remaster','0BwWUstDMUbgq2NYONRqlu',0.858,0.654,0.336,0.385,6,0.0786,-12.825,1,0.0379,176.083,0.947),('19slC7k8bsPOAKDjHYLU2W','Father And Son','1FKScTiXaADVfAp6gTWHKj',0.589,0.499,0.33,0.0000421,7,0.102,-11.467,1,0.0348,135.993,0.395),('19YmvsVCetCBeVj6O2mljR','Still Breathing','5a3LqvNt2nv1B4aRKXmgOV',0.0142,0.54,0.902,0,1,0.0756,-3.577,1,0.0442,75.033,0.692),('1AamNShZqArJpaZMu6wW76','Red & Gold','5u2scbuAgP8wLhsKhMnr50',0.231,0.676,0.908,0,10,0.284,-3.815,1,0.0633,119.031,0.322),('1AawyOAUCnID3AiuXsL5oB','Pearl Diver','3Y2DBOg3GKXDlsUvh4htsi',0.911,0.346,0.152,0,10,0.0957,-11.312,1,0.0388,89.769,0.175),('1Ac5BDsGUMQ3tsW2vnc52x','First Love / Late Spring','472GvzwE3EZ0i2EEaly5mX',0.000813,0.443,0.545,0.0137,0,0.202,-8.196,1,0.0273,99.914,0.104),('1AIaVfRqcGmmnauYX4DvTA','What Are You Doing New Year\'s Eve?','15up0e6AFIYZbmErIVPU3p',0.982,0.352,0.262,0.00000541,3,0.137,-10.301,0,0.0368,135.216,0.288),('1amSa5xo79zINsgrpNlNge','Lotus Flower','1DBkJIEoeHrTX4WCBQGcCi',0.0895,0.721,0.676,0.336,2,0.0826,-8.78,0,0.0321,127.997,0.621),('1bMD1NK0f9hFxqOf5bMz6i','American Problem','6wi40lIjhukePWyXRKY7qO',0.663,0.497,0.55,0.0000518,2,0.206,-6.465,0,0.192,80.938,0.461),('1bQhZOoXYqjXs7u7rFXo0h','You & Me','3GNzXsFbzdwM0WKCZtgeNP',0.203,0.714,0.686,0.00000776,11,0.102,-6.333,1,0.0445,127.015,0.828),('1bSpwPhAxZwlR2enJJsv7U','No Surprises','7dxKtc08dYeRVHt3p9CZJn',0.0577,0.255,0.393,0.00361,5,0.113,-10.654,1,0.0278,76.426,0.118),('1bsQUnczB7JI4YnDzOjFMz','Troubled Times','5a3LqvNt2nv1B4aRKXmgOV',0.000893,0.572,0.883,0,0,0.102,-3.74,1,0.0392,117.915,0.469),('1BTJFZypDtSrvWNooYx9mK','Questionable','6SivmmHM5n3CCsU99XDFYi',0.000116,0.237,0.991,0.635,9,0.327,-3.736,1,0.144,162.092,0.358),('1bxEpNR75Hq3T2oF9AZjt8','u','7ycBtnsMtyVbbwTfJwRjSP',0.26,0.406,0.798,0,11,0.461,-5.585,0,0.432,71.547,0.58),('1C2QJNTmsTxCDBuIgai8QV','Resistance','0eFHYz8NmK75zSplL5qlfM',0.0616,0.467,0.774,0.289,9,0.108,-6.569,0,0.0485,135.006,0.0916),('1cm3a22bsdWVpHlGJO7yl2','Knockdown Dragout','2OBSz5Nlto0Q5CtYPzPY7c',0.000085,0.397,0.928,0.00364,0,0.375,-4.212,1,0.042,138.648,0.575),('1cS0TgbR263ey9jn0MwD2s','River (feat. Ed Sheeran)','0U6ldwLBEMkwgfQRY4V6D2',0.142,0.748,0.749,0,8,0.0713,-5.916,0,0.516,90.09,0.659),('1cXeMu9DUAaa6xjkp39hJJ','Shanghai','5ooCuPIk58IwSo6DRr1JCu',0.203,0.527,0.554,0.000384,1,0.14,-7.613,1,0.393,140.542,0.408),('1D7UBHqaPWDbBHs2S5YXge','Perfect Situation','4D8A8M0NJjEdQhusawyeDz',0.0271,0.47,0.806,0.000142,6,0.2,-4.1,1,0.0328,93.853,0.403),('1DdgqEZk4Hqfpl3drdXJun','No Mistakes','5EBGCvO6upi3GNknMVe9x9',0.039,0.64,0.643,0,10,0.109,-2.442,0,0.0625,80.025,0.335),('1DFwdp24dOEXv47sXoeIGt','QUICKSAND','5YF8ms264wRnswVK1YMYmu',0.00131,0.46,0.682,0.000706,0,0.269,-6.813,1,0.0578,86.265,0.478),('1dK6cNOMYjEP3QGYOfwP6t','Bron-Y-Aur Stomp - Remaster','6P5QHz4XtxOmS5EuiGIPut',0.16,0.525,0.501,0.025,1,0.146,-14.192,1,0.0318,108.291,0.333),('1dmwLTV54sRjGRRC9G2Sbr','That\'s My Bitch','1YwzJz7CrV9fd9Qeb6oo1d',0.237,0.745,0.871,0.000293,7,0.121,-6.291,1,0.113,108.985,0.495),('1DozKkvrqPPLYcXawVxIR2','Low','6ltLI77XvUOwApSWpZbUGE',0.503,0.705,0.509,0.00000337,1,0.234,-12.251,1,0.409,124.913,0.501),('1eEPKr5gzWVSZKiMWIMZYa','You See Me','4q5E2s5u5X5HT4UMJpbMKE',0.051,0.677,0.806,0,2,0.116,-6.393,1,0.507,69.765,0.657),('1eKvwK9l537WTS3j8migp1','Nothin over Me','5FWZm9haAG0NhY6WmdS4oW',0.16,0.423,0.984,0.000113,4,0.0813,-2.95,1,0.356,94.8,0.187),('1eMBtkX7Ae4WHoKyMRn4wQ','Doubt','6tGEWfRhonWuuQikgOnYhN',0.0722,0.64,0.675,0.00000108,9,0.206,-5.011,1,0.0936,80.921,0.698),('1Eolhana7nKHYpcYpdVcT5','Little Wing','3uFZf8rykoHo7XMIQVYW6r',0.181,0.515,0.534,0.00278,6,0.0547,-8.045,1,0.0768,70.776,0.426),('1eQBEelI2NCy7AUTerX0KS','Ultralight Beam','7gsWAHLeT0w7es6FofOXk1',0.62,0.592,0.403,0,0,0.54,-8.768,0,0.414,105.169,0.391),('1etiUDkISHELzQGMY79ryt','Quarter Past Midnight','70p5NvBOkvaxU1UeIxhE1Z',0.275,0.504,0.821,0,8,0.0418,-3.356,1,0.0598,155.131,0.458),('1ett0ayp7e0sad3oWQtJPQ','DSGIS','60hUnkVj448FpCUPbvCjGn',0.00594,0.759,0.625,0.0953,0,0.14,-6.897,1,0.165,76.043,0.228),('1EYwaLwf6fdS3NIlTbUZ3X','O Girlfriend','2OBSz5Nlto0Q5CtYPzPY7c',0.000211,0.394,0.868,0,9,0.0952,-4.209,1,0.0384,113.605,0.364),('1FhbZvzP1zGhIEgtnmX7QN','Champagne Champion','6oZWFy4LwuK1ECilI2XTcX',0.00794,0.515,0.604,0.000405,6,0.298,-7.871,0,0.179,199.977,0.524),('1fifW5EOTQVIeFynbpT751','Welcome To The Jungle','1YwzJz7CrV9fd9Qeb6oo1d',0.0128,0.636,0.93,0.0000037,2,0.18,-5.179,1,0.364,92.899,0.325),('1fLdeDTrJWNkwOeFyAVLvF','Good Life','3SZr5Pco2oqKFORCP3WNj9',0.00376,0.435,0.802,0,1,0.467,-6.871,1,0.324,84.267,0.454),('1fOkmYW3ZFkkjIdOZSf596','Pink Matter','392p3shh2jkxUxY2VHvlH8',0.951,0.392,0.233,0.000322,11,0.106,-11.012,0,0.0587,176.569,0.494),('1fv8SOmc4mzmV6STxsHaK2','Mad','3utWbzZz4YqSW0HGLqyovN',0.0832,0.866,0.493,0,0,0.0916,-6.436,1,0.14,94.021,0.375),('1G391cbiT3v3Cywg8T7DM1','Scar Tissue','2Y9IRtehByVkegoD7TcLfi',0.0779,0.595,0.717,0.00274,0,0.108,-4.803,1,0.0295,88.969,0.547),('1g3WXUEJ53HXHSTgVXDX4u','I Lied','5ooCuPIk58IwSo6DRr1JCu',0.384,0.624,0.388,0.000285,2,0.109,-8.712,0,0.0881,133.972,0.387),('1Ge1bt4DDLMxEE1hcMh5Ar','On One','3utWbzZz4YqSW0HGLqyovN',0.242,0.809,0.306,0.0000531,5,0.0782,-6.704,1,0.465,180.064,0.222),('1GEOSS415bZVHNuXWlCT6b','Mother','5Dbax7G8SWrP9xyzkOvy2F',0.243,0.578,0.15,0.00707,7,0.0825,-17.335,1,0.0334,135.331,0.121),('1gGsNNUfvVMOv4llVMg8Vg','Ps & Qs','7mgdTKTCdfnLoa1HXHvLYM',0.235,0.522,0.428,0.00000235,11,0.278,-11.332,0,0.143,129.829,0.399),('1gHtbcRP4tz1O1NsxPpBea','Niggas','34JNly8P6uZRKTGnmmLNAt',0.041,0.455,0.688,0,8,0.354,-4.747,1,0.113,148.038,0.413),('1gqkRc9WtOpnGIqxf2Hvzr','On Sight','7D2NdGvBHIavgLhmcwhluK',0.487,0.608,0.469,0,9,0.28,-3.182,0,0.325,102.528,0.515),('1GqlvSEtMx5xbGptxOTTyk','Peace of Mind','2QLp07RO6anZHmtcKTEvSC',0.000989,0.421,0.677,0.0000965,4,0.211,-6.183,1,0.0343,127.67,0.683),('1gv1jIEj20oPXhFDl7jyLS','Operator - 2013 Remaster','2UDDZVesmQwA4aYfa55diS',0.0674,0.763,0.535,0.0000412,5,0.0792,-12.503,1,0.041,128.326,0.74),('1gZFRYcPz3wKevEaNYRwfW','Time - Edit','46xdC4Qcvscfs3Ai2RIHcv',0.128,0.665,0.703,0,8,0.115,-3.885,1,0.07,97.968,0.257),('1HDaPtZuixue2q6VGNRdVO','Pound Cake / Paris Morton Music 2','2gXTTQ713nCELgPOS0qWyt',0.139,0.521,0.762,0.0000111,2,0.114,-6.75,1,0.534,164.289,0.264),('1hGy2eLcmC8eKx7qr1tOqx','Beautiful Girls','71clfVkkopYLrgweVj2cow',0.15,0.762,0.661,0,1,0.256,-6.075,0,0.0687,130.009,0.769),('1HNs07uZxZniPNmniw2GTa','Apparently','7viNUmZZ8ztn2UB4XB3jIL',0.564,0.801,0.543,0,5,0.116,-9.236,1,0.091,133.982,0.534),('1HR2CTi0ytRJIcik1QKdOa','Beautiful','7MZzYkbHL9Tk3O6WeD4Z0Z',0.251,0.727,0.696,0,5,0.0726,-4.472,0,0.0706,132.077,0.467),('1hsH4GcMZ4FTGgxxlr7SkZ','Gotham','6VTxfTTsn6eAbwA43VYXGR',0.137,0.546,0.626,0.00617,11,0.491,-7.115,0,0.0684,166.06,0.494),('1hz7SRTGUNAtIQ46qiNv2p','GONE, GONE / THANK YOU','5zi7WsKlIiUXv09tbGLKsE',0.216,0.518,0.492,0.0012,10,0.146,-8.436,0,0.193,78.848,0.471),('1hZk9dktp4yRFTm0TrycuH','If I Lose Myself - Alesso vs OneRepublic','2bbhW5ifCwOYM8DMkqoYBF',0.219,0.523,0.782,0.0000103,2,0.133,-4.846,1,0.041,125.998,0.164),('1i1fxkWeaMmKEB4T7zqbzK','Don\'t Let Me Down','2SByipSK8eZ2pasaIwwzhf',0.157,0.532,0.869,0.00508,11,0.136,-5.094,1,0.172,159.803,0.422),('1Ib5tLTFz8teJPcxZycpj3','Light It Up','2bbhW5ifCwOYM8DMkqoYBF',0.0251,0.46,0.932,0.0761,9,0.184,-5.642,1,0.104,139.95,0.294),('1Ic9pKxGSJGM0LKeqf6lGe','All Apologies','7wOOA7l306K8HfBKfPoafr',0.0793,0.446,0.632,0.000266,1,0.0881,-12.197,1,0.034,113.176,0.359),('1ID1QFSNNxi0hiZCNcwjUC','Legend','0ptlfJfwGTy0Yvrk14JK1I',0.0269,0.712,0.563,0,1,0.0776,-7.573,1,0.071,100.093,0.299),('1iFIZUVDBCCkWe705FLXto','Dosed','6deiaArbeoqp1xPEGdEKp1',0.0101,0.571,0.8,0.0000729,7,0.111,-4.131,1,0.0292,104.377,0.335),('1IGvIN9NsJArwjqBPKCPx0','MAKE IT MINE','2Qqma0MIYf9ZYvkQNbAJJv',0.0848,0.611,0.462,0.0000354,1,0.266,-10.385,1,0.358,143.944,0.541),('1ihIXI2MVklmJdPvIUxExZ','party (Shut Down) [feat. Crush]','48u7IqYux9zf5sUWVb6qcm',0.27,0.702,0.587,0,8,0.0631,-5.816,1,0.122,140.001,0.773),('1ilVhLVjRIzgpsEMJhJDp0','Anything','2wxO6auSkzsTuSua9PqZop',0.00744,0.7,0.706,0,10,0.368,-9.997,0,0.0888,85.008,0.322),('1iseKI8Fyn3IC86O6KceHB','Stay Down','4Nlbt2EuXedr6UqaeXEI4c',0.227,0.65,0.846,0,11,0.0914,-4.551,0,0.482,104.837,0.44),('1J30UAywzkSeB63hl3nYrf','Aphasia','2SmrUzUMMOYQqoPuOhlhjw',0.77,0.309,0.482,0.00000706,6,0.235,-7.991,1,0.0422,66.749,0.349),('1j581GCDFQ9P8xd6fyjgLt','bloodstains','7KpuGjIfduSD45wl5IQc7G',0.182,0.547,0.398,0.000436,10,0.308,-9.142,1,0.541,87.373,0.406),('1J5ZXurCRQdFHWfOiFt12x','Sir Psycho Sexy','30Perjew8HyGkdSmqguYyg',0.00141,0.581,0.7,0.00404,4,0.267,-10.664,1,0.0595,154.98,0.521),('1j6kDJttn6wbVyMaM42Nxm','Lord Pretty Flacko Jodye 2 (LPFJ2)','3arNdjotCvtiiLFfjKngMc',0.0122,0.489,0.718,0,6,0.0546,-5.989,1,0.11,207.986,0.0568),('1JFx9R87En9oJOi4DRH1e9','Nikki','1Mk7Lei0Ra3hawezqmad5V',0.0703,0.669,0.74,0,10,0.152,-7.549,0,0.0354,97.99,0.573),('1JiA9BE3iRNzU2BJG0UHgs','A Martyr for My Love for You','1Mu6HgmdfdiQTOZ8mPEyFU',0.0847,0.364,0.459,0.0624,4,0.0894,-7.608,0,0.039,83.846,0.192),('1JiiNRZhpbusYuby4Xkp2x','Fake AF','14s7UkGvJ7xPf9jiSR9U8a',0.0405,0.952,0.358,0.308,7,0.0868,-5.947,1,0.148,120.013,0.587),('1jJci4qxiYcOHhQR247rEU','Kids','6mm1Skz3JE6AXneya9Nyiv',0.00076,0.451,0.931,0.0049,9,0.361,-3.871,1,0.0719,122.961,0.172),('1jk9c0gZI0wbn5GvAj7PBV','Check','0BsMZIueWsJLWng8A7sE8e',0.0428,0.667,0.581,0,0,0.183,-5.164,0,0.323,110.953,0.368),('1JTrNAEJN6HCviUe9xMpAq','Storm in a Teacup','7xl50xr9NDkd3i2kBbzsNZ',0.0749,0.568,0.977,0.0000151,0,0.0776,-2.599,1,0.0596,102.888,0.349),('1ju7EsSGvRybSNEsRvc7qY','Simple Man','6DExt1eX4lflLacVjHHbOs',0.0366,0.422,0.752,0.000119,6,0.129,-8.682,1,0.0449,120.471,0.403),('1k1Bqnv2R0uJXQN4u6LKYt','Ain\'t No Sunshine','6N8uPmDqbgXD3ztkCCfxoo',0.457,0.479,0.416,0.0000172,4,0.118,-11.451,0,0.124,79.593,0.514),('1kBGeOp1CDUHVdbK4ergqo','Desert Island Disk','6vuykQgDLUCiZ7YggIpLM9',0.868,0.561,0.282,0.529,0,0.11,-13.241,1,0.0286,112.011,0.158),('1kChx0uGraDIIyOVtBVawU','Watch Me Bleed','3sIFpEctox1XOs3FEkqrgr',0.0107,0.49,0.866,0.000636,0,0.106,-6.117,1,0.0297,159.057,0.624),('1KDPWUuA213r6M2WbWUauE','Believe','7yVx5zJONB6MO8zL1jHN7i',0.0253,0.359,0.621,0.0586,11,0.223,-7.482,0,0.0443,113.699,0.422),('1KDYN3odJHnj9pqGHN3FVs','My Body','2ww7MYrkExsljnKhcINDse',0.0011,0.488,0.909,0.0000102,10,0.456,-6.591,1,0.0929,129.774,0.643),('1KGi9sZVMeszgZOWivFpxs','No Scrubs','1CvjjpvqVMoyprsf74bpYW',0.0251,0.743,0.675,0.000717,8,0.0685,-4.267,0,0.0953,92.909,0.59),('1KPufbcPmwUjviOdqfCf7o','They Know','5sI8UQqpC7dckvJLvhPWeL',0.0373,0.551,0.865,0.00076,2,0.483,-3.401,1,0.209,175.994,0.498),('1kxeWHF9PrCVZHvVskv8lg','Love Lockdown','3WFTGIO6E3Xh4paEOBY9OU',0.0542,0.76,0.524,0.5,1,0.112,-7.67,0,0.0323,119.603,0.112),('1lbF3wcYZreycbPrPC4dd6','Lunch Time Cypher (feat. Passionate MC, G-Mo Skee)','16SMGvTZrwtiJ132g69toP',0.312,0.567,0.927,0,11,0.943,-5.497,0,0.403,91.701,0.47),('1LediIxLsOpgbVhjjQ7RB1','Player','732gud2ZvQiD9nHSi8qMtA',0.000908,0.738,0.75,0.0000297,11,0.312,-5.102,0,0.0617,152.106,0.368),('1LeItUMezKA1HdCHxYICed','Say My Name (feat. Zyra)','5SXT6dwhHX56Sos7KMcMF5',0.0041,0.749,0.745,0.395,6,0.0748,-7.367,0,0.0479,115.048,0.347),('1m0narIGhVsm0s7mcnxIW0','Slappin in the Trunk','2bdx6tsTF9R2pJALhcMU5c',0.0331,0.894,0.526,0,2,0.0662,-5.985,1,0.298,98.098,0.712),('1MBM7CyZbwJpVbbZJnHHRg','Summer Love','2scB1uhcCI1TSf6b9TCZK3',0.0756,0.606,0.591,0,0,0.328,-7.228,0,0.087,95.802,0.477),('1mea3bSkSGXuIRvnydlB5b','Viva La Vida','1CEODgTmTwLyabvwd7HBty',0.0941,0.485,0.619,0.00000331,5,0.109,-7.115,0,0.0289,138.017,0.416),('1mFHMzbaECWFaPfoePoEYl','Late','5ll74bqtkcXlKE7wwkMq4g',0.197,0.361,0.843,0.00000395,3,0.295,-5.928,0,0.155,69.814,0.622),('1MJ5f5EYBC92ADD6xcz7nb','Chamber Of Reflection','1l9d1Zj9Iv2eOcdObVhdMy',0.263,0.537,0.558,0.91,11,0.102,-8.678,1,0.0929,131.037,0.505),('1mqWaIqQfQXc43YCoxQUWt','gec 2 Ü','4CGanXs6KlVuXXdNrf82qE',0.0661,0.522,0.72,0.00000191,0,0.0754,-8.942,1,0.264,170.035,0.647),('1mRiY74pNcCrKkWz6NjdYV','85','0lq7zwC6uQiu8pwW5FK3Fb',0.271,0.758,0.806,0,5,0.107,-6.112,1,0.0493,129.918,0.572),('1N883b1C3trjGcx2h4E99B','We\'re Going To Be Friends','0LicnijsvZ3Q7OCU0g9U8Z',0.687,0.533,0.459,0,7,0.0773,-5.499,1,0.0277,97.213,0.386),('1nBbWnGMU6mpTKCptVcpLe','New Friends','2SmrUzUMMOYQqoPuOhlhjw',0.403,0.356,0.675,0.00000501,9,0.11,-6.447,1,0.0362,102.082,0.248),('1NDxZ7cFAo481dtYWdrUnR','Pretty Girl - Cheat Codes X CADE Remix','1XYA8eDvomdYTbQBzk0jT1',0.15,0.703,0.868,0.132,7,0.104,-4.661,0,0.0291,121.03,0.733),('1nf3rTXMYvaAdsocyhO8GX','BIG BANK','3u3C0J0FIiZi75ZfXbSijo',0.00551,0.744,0.348,0,1,0.0878,-7.709,1,0.334,203.896,0.11),('1NhPKVLsHhFUHIOZ32QnS2','Secrets','2pLAOZiilrhOrTQNqrF8qr',0.0717,0.516,0.764,0,2,0.115,-6.223,1,0.0366,148.021,0.376),('1nNPoG2hygEvrFGlHdhvJ9','Bad News','3WFTGIO6E3Xh4paEOBY9OU',0.0288,0.749,0.436,0.201,9,0.114,-11.99,1,0.0393,106.171,0.167),('1NrJYpdAi7uosDRPmSYrsG','Apologize','2KSpGeDoNjqCKg6HL8LAyI',0.363,0.593,0.74,0.0000222,8,0.102,-6.12,1,0.0339,118.008,0.502),('1NtIMM4N0cFa1dNzN15chl','Believer','51s30K7a36ORx6AAaPBRRY',0.0512,0.772,0.78,0,10,0.119,-4.288,0,0.108,124.988,0.719),('1nUrTsXhkHI9e5BKaEP5Sp','Outro','4Nlbt2EuXedr6UqaeXEI4c',0.404,0.657,0.893,0,7,0.315,-2.854,1,0.28,83.709,0.632),('1nUshsShuUStGBbewTNW5H','Senile','7DkzymHZTu4YgXRexqzuGe',0.0208,0.813,0.728,0.0000161,2,0.181,-6.27,1,0.0435,111.999,0.303),('1NV6sCADgcLSW7DG7zSWlq','Ten Years Gone - 1990 Remaster','1lZahjeu4AhPkg9JARZr5F',0.526,0.544,0.4,0.0378,2,0.0716,-12.504,1,0.0439,76.982,0.264),('1nXZnTALNXiPlvXotqHm66','A BOY IS A GUN*','5zi7WsKlIiUXv09tbGLKsE',0.575,0.417,0.689,0,2,0.496,-8.302,0,0.178,79.568,0.505),('1ny5puGJQ4r7sMvazXClsd','Kids','3sABlBpkGohgVYOVN23q8m',0.0159,0.598,0.737,0,2,0.284,-6.169,1,0.0406,99.991,0.2),('1o0kWPueYo94LIjPYOE5Nf','Saint Pablo','7gsWAHLeT0w7es6FofOXk1',0.282,0.461,0.772,0,2,0.178,-3.98,0,0.375,167.018,0.414),('1o5jdqnWybW9Mau4GDWPMa','Problem','2z4c8M8aVzl7CTobIp36KF',0.125,0.872,0.639,0,8,0.144,-5.658,0,0.103,111.968,0.469),('1o6M2GxY3ITaFzOD3XEaFB','Win Again','5ooCuPIk58IwSo6DRr1JCu',0.0957,0.799,0.674,0,0,0.162,-5.589,1,0.0832,119.988,0.422),('1OAh8uOEOvTDqkKFsKksCi','Wild Thoughts (feat. Rihanna & Bryson Tiller)','4JBZ0QHveEpESepanNBG8A',0.0329,0.671,0.672,0,0,0.118,-3.094,0,0.0688,97.98,0.632),('1oFEAWvPHP5TdSlmIs77sV','Conversation Pt. 1','5wtE5aLX5r7jOosmPhJhhk',0.64,0.787,0.472,0.0000522,6,0.11,-10.032,0,0.113,144.998,0.264),('1OHoBC4icbuNhpSxP400sv','Preach','0ptlfJfwGTy0Yvrk14JK1I',0.165,0.605,0.511,0.0000895,11,0.104,-8.094,0,0.475,65.256,0.379),('1Oi2zpmL81Q0yScF1zxaC0','Bills, Bills, Bills','283NWqNsCA9GwVHrJk59CG',0.139,0.845,0.576,0,11,0.0764,-5.15,0,0.153,127.641,0.461),('1OWGLpptXlHLw1yibeHiHa','SHINE','4mwO9qIVmngSe7yR5Ios0I',0.314,0.704,0.517,0.00000636,5,0.174,-7.999,0,0.312,139.857,0.443),('1OXBfwBYtj2AAKi6jom1qT','Stars (Live at Montreux)','1TCONwUgvvjqSYJFPUCUTW',0.936,0.503,0.0586,0,2,0.323,-17.726,1,0.0473,113.26,0.13),('1PdHorDs2MY7Npj8VQynSn','Thug Tears','51WLEfPEEkzAWurvuY6Gco',0.26,0.881,0.79,0.000223,10,0.313,-5.768,0,0.298,138.964,0.779),('1pGPBMbyhGSV5OnkY8cZOd','Two Hoes (Bonus) [feat. Eddie Vanz]','5UxByPt10KPgK6l9IlipmB',0.139,0.903,0.76,0,4,0.324,-7.277,0,0.242,114.021,0.512),('1pHP4JeQV9wDx87D6qH9hD','Here It Goes Again','1qN6qh1gwgrYTCdSq21gov',0.000342,0.537,0.882,0.0000906,0,0.12,-2.306,1,0.0403,145.729,0.81),('1PNGJBI1Lx0h8QCpkHKZLU','Tom Ford','0OTjYdGtP7AbwOwbYsGhyi',0.0501,0.863,0.705,0.0000221,8,0.524,-6.202,1,0.31,145.099,0.599),('1ppuHX1oVMku5LTL0swNZP','Peace Train','2B719vL1xtPTwYs0j5BuAo',0.119,0.61,0.582,0.0000376,0,0.12,-10.422,1,0.044,82.492,0.781),('1PQu8BwTrJNZxqg26E4kou','I Must Be in a Good Place Now','2yfnOvOENB5UvXm7dZolnj',0.898,0.586,0.136,0.000277,5,0.0827,-15.872,1,0.0334,110.129,0.278),('1PS1QMdUqOal0ai3Gt7sDQ','Gold Digger','5ll74bqtkcXlKE7wwkMq4g',0.0192,0.631,0.696,0,1,0.0554,-5.572,0,0.348,92.941,0.621),('1pzSeZfdQODtB9xmkH0Q91','Love Money Party (feat. Big Sean)','3RDqXDc1bAETps54MSSOW0',0.0784,0.792,0.546,0,6,0.341,-7.549,1,0.0916,129.093,0.794),('1Q1vOXBUU9PyJnBS4BmBrV','HANDGUN','3u3C0J0FIiZi75ZfXbSijo',0.0199,0.829,0.551,0,8,0.374,-7.698,1,0.451,159.028,0.449),('1QEEqeFIZktqIpPI4jSVSF','More Than a Feeling','2QLp07RO6anZHmtcKTEvSC',0.000894,0.377,0.682,0.00217,7,0.0504,-8.039,1,0.0299,108.736,0.288),('1qezCC5Fsvs62et9UA1tpm','I\'m on Fire','6uydhBMXBy4YLpEsWEaWde',0.125,0.562,0.839,0,0,0.0954,-5.934,1,0.0434,111.882,0.266),('1qfAWRJXPBq45Z52a8heKp','Rooting for My Baby','3RDqXDc1bAETps54MSSOW0',0.609,0.739,0.53,0,3,0.121,-7.355,1,0.0314,111.939,0.47),('1QWfc0OkQNCJ7QwAO6Uv66','No More Losing The War','5CHtbHytqjRfyRzrmyZgWU',0.743,0.307,0.331,0.198,5,0.117,-12.408,0,0.0306,106.716,0.143),('1qyRvPjbQZbPPwVGtApQ7P','Fell In the Sun','1CFREwS5yzCEpC8slWETgT',0.00326,0.68,0.621,0.0141,9,0.145,-5.451,0,0.0599,149.923,0.786),('1SBj3BmNJ5SNCoC0VtlR9Z','No Vacancy (feat. Amir)','5GFNkpB5E3L6LFlkqpQvQv',0.0602,0.643,0.718,0,5,0.0723,-4.956,1,0.0595,100.152,0.524),('1SDiiE3v2z89VxC3aVRKHQ','Since I\'ve Been Loving You - 1990 Remaster','6P5QHz4XtxOmS5EuiGIPut',0.0021,0.393,0.364,0.0703,5,0.121,-10.945,0,0.0345,118.566,0.308),('1Se0r96r0gnqg67kJPmESc','Parallel Universe','2Y9IRtehByVkegoD7TcLfi',0.00107,0.343,0.983,0.296,0,0.0708,-2.359,0,0.212,124.536,0.186),('1SGt65i9AnXYdDQt1AtDRH','3500 (feat. Future & 2 Chainz)','4PWBTB6NYSKQwfo79I3prg',0.114,0.773,0.595,0.00000247,8,0.13,-6.062,0,0.161,123.968,0.338),('1sme1XYO9GS7AcZhQDEukP','Peepers','6z7gk9b9fQoyfGvR42Rcoo',0.0803,0.762,0.576,0.761,11,0.0649,-4.791,0,0.0516,116.45,0.879),('1szEk0o1RJQMJIOb7lIQ4d','Fire Escape','5CHtbHytqjRfyRzrmyZgWU',0.992,0.261,0.228,0.0283,0,0.0883,-11.247,1,0.0325,179.877,0.227),('1tdc73ozehKPyRWRKs0lja','BPT','4F6GGyqtJoF4EOxDgsKzsB',0.0108,0.614,0.699,0,2,0.721,-7.302,1,0.0374,97.67,0.215),('1TExiMMbxdXMWXxA3iESJQ','Police Get Away Wit Murder','4nwd6ernojhNIIRifDJoRz',0.0335,0.681,0.81,0,4,0.14,-5.348,0,0.256,88.117,0.401),('1TKTiKp3zbNgrBH2IwSwIx','Us and Them','4LH4d3cOWNNsVw41Gqt2kv',0.863,0.356,0.302,0.546,2,0.634,-14.528,1,0.0346,72.623,0.126),('1u1VcXquBfZfu7dc8PVYVc','Lemme Know','4Csoz10NhNJOrCTUoPBdUD',0.00733,0.723,0.525,0.164,6,0.222,-10.187,1,0.0552,156.122,0.668),('1u6GCyU5atrzrAqwC55og1','#GETITRIGHT','3RDqXDc1bAETps54MSSOW0',0.0581,0.844,0.614,0.00000699,5,0.0769,-6.19,1,0.0708,116.034,0.714),('1uDjaezEbalGyGnuH80zDK','Who Do You Love?','4F6GGyqtJoF4EOxDgsKzsB',0.0281,0.676,0.415,0,9,0.0915,-9.752,1,0.508,193.206,0.146),('1UGD3lW3tDmgZfAVDh6w7r','Devil In A New Dress','20r762YmB5HeofjMCiPMLv',0.0175,0.433,0.76,0,8,0.158,-4.935,0,0.0726,79.789,0.205),('1UImyGhodlbYnnqAennkGb','Buried Alive Interlude','63WdJvk8G9hxJn8u5rswNh',0.412,0.711,0.543,0,0,0.505,-12.692,1,0.112,102.01,0.801),('1uKzAldJYlwje9HstlwTie','See You Soon','3MVb2CWB36x7VwYo5sZmf2',0.657,0.369,0.295,0.0000154,4,0.107,-12.779,1,0.0351,92.226,0.211),('1UL8GkVAs6UcWF6BZ3DYZt','Closer to the Sun','5FWZm9haAG0NhY6WmdS4oW',0.203,0.572,0.728,0.00263,7,0.231,-5.534,1,0.0275,75.179,0.535),('1UMKquW1olreYO1LlLmTqi','Gas Pedal','5udw4f9l9vwuJVkrbRFy3j',0.0273,0.843,0.538,0,1,0.124,-8.028,1,0.0833,97.49,0.428),('1UqhkbzB1kuFwt2iy4h29Q','Cough Syrup','2ww7MYrkExsljnKhcINDse',0.0343,0.534,0.721,0.00000624,11,0.115,-7.307,0,0.0417,128.978,0.225),('1uRxyAup7OYrlh2SHJb80N','Daydreaming','6vuykQgDLUCiZ7YggIpLM9',0.968,0.299,0.263,0.857,9,0.126,-13.207,0,0.0323,137.848,0.113),('1uvcNjAEUEuA0kPqHVrmw3','Made In America','1YwzJz7CrV9fd9Qeb6oo1d',0.043,0.71,0.729,0.0000588,11,0.224,-7.01,0,0.219,165.899,0.55),('1UyHKeQGn55FpfwIm8H5cM','Ripple - 2001 Remaster','3qzvxfhCWUYsJuVSOSv0AP',0.321,0.608,0.483,0.0000644,7,0.556,-11.395,1,0.0328,126.648,0.717),('1v12eTtcotARrkqV0YoLpr','Little Bird','3m67IYWE82EKX3nX9N7fhX',0.483,0.272,0.777,0.905,1,0.099,-7.742,1,0.0488,160.259,0.454),('1V2K6ftpUhL9sLEoceuzoY','She Sets The City On Fire','4cQroVXGDa7ikTp8l5ZJ64',0.0131,0.615,0.612,0,4,0.0821,-6.413,1,0.0522,125.882,0.59),('1VBcGsab5bnDFr319bzSWO','SNOWCONE','4niafdNQY4a0pNDNFQq4vv',0.533,0.755,0.609,0.00397,8,0.343,-7.507,1,0.0844,128.969,0.565),('1VuBmEauSZywQVtqbxNqka','Beautiful Day','7gskILm9UyDvFlmmAoqn2g',0.014,0.539,0.926,0.00136,2,0.36,-6.495,1,0.0499,136.279,0.454),('1w8gsT5RBrFfTrLYhDRJIk','Surf Wax America','1xpGyKyV26uPstk1Elgp9Q',0.000345,0.405,0.916,0.172,6,0.274,-7.557,1,0.0953,164.961,0.332),('1WCfoTz1BUn1t8PrO6wtvu','Ahh Shit Gah Damn!','4OgescNnfgytnmEgiavDu6',0.193,0.793,0.641,0,7,0.509,-7.13,1,0.222,97.985,0.637),('1wHZx0LgzFHyeIZkUydNXq','Antidote','4PWBTB6NYSKQwfo79I3prg',0.00767,0.713,0.526,0.000148,1,0.124,-5.046,1,0.032,131.05,0.131),('1wI3UvluGGKUeFeVFsP9do','Best Friend - Remix','27GrIQPCPtPyEUxONxAcRe',0.368,0.545,0.64,0,10,0.111,-3.529,0,0.308,181.733,0.574),('1wjzFQodRWrPcQ0AnYnvQ9','I Like Me Better','7l6fTSFvlumnPFpOSrbnDV',0.535,0.752,0.505,0.00000255,9,0.104,-7.621,1,0.253,91.97,0.419),('1Wsbr1d2BouNGk2q92mIj7','Pt. 2','7gsWAHLeT0w7es6FofOXk1',0.552,0.674,0.752,0,11,0.787,-4.073,1,0.333,145.076,0.236),('1WT11QmhZutciEv1NsHt1R','Mortal Man','7ycBtnsMtyVbbwTfJwRjSP',0.665,0.567,0.525,0,10,0.708,-9.043,0,0.75,86.935,0.416),('1x1R6gaNOufyamNGBkJcOI','Slide (feat. Miguel)','2tng2xqRw92yl1pTG6hb0Q',0.0173,0.633,0.833,0,2,0.3,-4.856,1,0.0624,82.482,0.249),('1X3rIaLi9dB8QA9jXBz6lk','Les cactus','2nGL73TqdduRKepdcwJvdm',0.00036,0.454,0.884,0.003,4,0.0356,-4.241,1,0.0568,123.014,0.819),('1x5sYLZiu9r5E43kMlt9f8','Symphony (feat. Zara Larsson)','4b13SJlne61y53KSEwuQtD',0.259,0.707,0.629,0.000016,0,0.138,-4.581,0,0.0563,122.863,0.457),('1X8Ga59KB8npOs0whTWhIp','Party Man','6VTxfTTsn6eAbwA43VYXGR',0.129,0.453,0.898,0,1,0.378,-7.663,0,0.298,140.015,0.327),('1XaL1OWGibGlPqLUW9MnCX','Sister Morphine - Remastered','29m6DinzdaD0OPqWKGyMdz',0.0943,0.395,0.579,0.0925,9,0.176,-7.565,0,0.0341,90.443,0.218),('1XDusI9Tc8F0gjPlKYYzez','Bag of Bones','3Y2DBOg3GKXDlsUvh4htsi',0.936,0.429,0.24,0,0,0.126,-13.338,1,0.0369,84.084,0.323),('1xHflEg6AlgDQJUtAJ4BS1','Why I Love You','1YwzJz7CrV9fd9Qeb6oo1d',0.0261,0.481,0.805,0,5,0.269,-4.132,1,0.0419,123.441,0.373),('1Xi28qSSoARTXiqMwb8Srg','The Palisades','5GBcqixIFDPEom7AUNbFiM',0.00725,0.738,0.718,0,8,0.127,-5.905,1,0.0606,100.055,0.491),('1XMQ4v75bj65rHBCDwaBGc','I Had a Real Good Lover','0n2DviOOZZeNwgCSPQrFMp',0.408,0.491,0.382,0.0128,4,0.156,-14.021,1,0.0724,142.555,0.251),('1xMT0HHQbQFmGJXDq1ApgX','Drunk and Hot Girls','3SZr5Pco2oqKFORCP3WNj9',0.0564,0.662,0.443,0.0000138,10,0.15,-7.31,0,0.0307,82.787,0.285),('1XQhZctQWzkznclbmbE7FQ','Everything I Am','3SZr5Pco2oqKFORCP3WNj9',0.461,0.587,0.631,0.00000154,1,0.138,-6.811,1,0.308,80.108,0.733),('1XXA4Lok0sIaeHdCPkkCxD','Jobless Monday','472GvzwE3EZ0i2EEaly5mX',0.00106,0.433,0.442,0.0136,5,0.123,-11.217,1,0.03,100.019,0.203),('1xYpVRspgaLxdJLOTQkTjg','STOP TRYING TO BE GOD','41GuZcammIkupMPKH2OJ6I',0.221,0.588,0.567,0,4,0.135,-3.738,0,0.0628,150.009,0.113),('1XzzHgGGmul65gGyjlmxBj','WASTELAND','5YF8ms264wRnswVK1YMYmu',0.0258,0.677,0.603,0.0266,7,0.104,-6.954,1,0.0237,106.028,0.601),('1y9g5UW31xBqvOi10tcXGX','305 To My City','2gXTTQ713nCELgPOS0qWyt',0.0567,0.419,0.494,0,4,0.144,-8.782,0,0.345,67.622,0.134),('1YI0uK36eupTmw9F8kHysr','Sunday Morning','1Rv9WRKyYhFaGbuYDaQunN',0.0745,0.607,0.76,0,0,0.0595,-5.229,1,0.0482,88.059,0.805),('1yKu2MhpwzDXXH2tzG6xoa','Beverly Hills','4D8A8M0NJjEdQhusawyeDz',0.0932,0.693,0.823,0,5,0.328,-3.761,1,0.0726,87.904,0.741),('1YKy9m6mpAxJTM3fDLbKAm','Square','6XIm98oFtEgIN0VPdzoKvu',0.922,0.277,0.198,0.0000132,0,0.123,-12.21,1,0.0393,111.748,0.106),('1yqrRceF7VaEM3N1Qwc9nJ','Boyz In The Hood','03SR9iQIkt1duJ26TMvh9c',0.484,0.684,0.419,0.000264,9,0.307,-7.009,1,0.0577,81.424,0.435),('1YR9iNGXtsbrd8deR9ULDD','Jesus Is The One (I Got Depression)','4M8vfAVCrE4H0Qg25TyYyz',0.215,0.857,0.446,0,1,0.0964,-12.778,1,0.902,100.122,0.327),('1zCHsS5wqf3Ou3dqlsT6Yp','Ricky','7BYMJZFCYuGKi2jblMhyxg',0.123,0.422,0.875,0.000693,11,0.174,-4.049,1,0.0346,104.732,0.319),('1zCi4cVFqe6ja16MeGZKRN','Poetic Justice','6PBZN8cbwkqm1ERj2BGXJ1',0.157,0.779,0.572,0,6,0.246,-9.985,0,0.378,135.956,0.647),('1ZHYJ2Wwgxes4m8Ba88PeK','Monster','20r762YmB5HeofjMCiPMLv',0.00244,0.628,0.692,0.013,2,0.668,-5.64,1,0.202,124.791,0.0964),('1zi7xx7UVEFkmKfv06H8x0','One Dance','40GMAhriYJRO1rsY4YdrZb',0.00776,0.792,0.625,0.00188,1,0.329,-5.609,1,0.0536,103.967,0.37),('1ZnA4VYOlYIShuGt60LmCs','Siiiiiiiiilver Surffffeeeeer Intermission','7gsWAHLeT0w7es6FofOXk1',0.982,0.788,0.409,0.000203,9,0.11,-11.917,1,0.881,72.623,0.925),('1Znlc3UZAbSodFaMBjdpsX','love yourself (interlude)','2Ti79nwTsont5ZHfdxIzAm',0.674,0.746,0.338,0.000375,11,0.529,-13.472,0,0.109,120.053,0.469),('1ZPMK5UTafelYEQXmckRgN','The Hunter','43otFXrY0bgaq5fB3GrZj6',0.538,0.256,0.523,0.00832,8,0.0849,-5.175,1,0.0294,78.385,0.318),('1ZRqVJjwzlNNxWKfpTpUKJ','My Little Japanese Cigarette Case','3k4KtMTnGJsnqTt0AHEmnw',0.148,0.834,0.575,0.0104,7,0.0863,-8.716,1,0.0427,117.859,0.9),('1ZS5HBMAmZk3gjFcedts66','Sway - Remastered','29m6DinzdaD0OPqWKGyMdz',0.221,0.33,0.895,0.737,5,0.408,-3.435,1,0.0399,144.945,0.54),('1zuGHW5axtzu3NNrEr4vvY','She Belongs to the Game','79xPI2Muc3XARkbCRYVS4y',0.0185,0.656,0.393,0.000604,9,0.0903,-9.19,0,0.416,93.978,0.535),('1ZX8sOGnVyE5FZBh1oKzZa','I Just Wanna Party','4F6GGyqtJoF4EOxDgsKzsB',0.00956,0.798,0.492,0,11,0.166,-7.715,1,0.2,95.177,0.129),('1zXX9sBeDiUDy4ugl8HrW5','Dreams / Nightmares','7zGD82QhpIr53zomHTS4Be',0.523,0.732,0.694,0.116,0,0.136,-6.67,1,0.0519,96.045,0.306),('1ZzehTXQaSjL0okOGJBVPB','Pitchfork Kids','68ZGCwTDtJGbC3E3gL6d48',0.0111,0.424,0.778,0.00000192,11,0.281,-4.041,0,0.0433,82.072,0.122),('1zZvPumuScWPZKZOCC6yq0','Knock Me Down - Remastered','1oOkcBu5bgkUzZTvKD1m8z',0.00246,0.56,0.969,0.00000278,0,0.214,-3.629,1,0.054,123.954,0.585),('1zZXXOfcYKJbUh494VmGVB','Rip Your Heart Out (feat. Tech N9ne)','16SMGvTZrwtiJ132g69toP',0.29,0.669,0.827,0,1,0.291,-5.937,0,0.319,79.223,0.164),('20F9XLcFdWcI2yS74hHQ99','Who Shot Me?','4nwd6ernojhNIIRifDJoRz',0.0752,0.8,0.523,0,11,0.124,-9.613,0,0.426,89.097,0.179),('20MuVazoNMv6xjKPnRFOxG','WAKE UP','41GuZcammIkupMPKH2OJ6I',0.192,0.741,0.645,0,11,0.163,-5.116,0,0.0963,149.07,0.488),('20r94xA0bsYNLtYSiOE6r3','Frank\'s Track','7gsWAHLeT0w7es6FofOXk1',0.976,0.655,0.179,0,11,0.105,-6.903,1,0.0722,140.687,0.758),('20wR5XQpaL1uvVY8gmc4uY','Can\'t Get Enough','4skqOUXyBUnzxVPNPxrGWV',0.139,0.768,0.62,0,2,0.521,-7.399,1,0.0658,132.035,0.589),('21fq2CKL93mfnYHItpitxg','What You Wanted','2bbhW5ifCwOYM8DMkqoYBF',0.00243,0.554,0.85,0.172,0,0.108,-7.428,1,0.0401,120.011,0.244),('21j1PsCiTaO8ZW88UZrh3A','Shine On You Crazy Diamond (Pts. 6-9)','0bCAjiUamIFqKJsekOYuRw',0.577,0.287,0.485,0.898,7,0.322,-13.155,0,0.0498,135.86,0.127),('21L1dVOTGhvAKvBXXnTIHj','Stop','5Dbax7G8SWrP9xyzkOvy2F',0.917,0.555,0.0193,0.00136,9,0.0658,-29.867,0,0.0432,76.112,0.309),('21PmKbhk8SsEgIEfDCDjvw','Cabaret','2wxO6auSkzsTuSua9PqZop',0.0295,0.832,0.497,0.000167,4,0.171,-9.144,1,0.079,94.981,0.444),('21TdkDRXuAB3k90ujRU1et','Cold (feat. Future)','1Jmq5HEJeA9kNi2SgQul4U',0.118,0.697,0.716,0,9,0.0424,-6.288,0,0.113,99.905,0.506),('228nYWqXzsBS9Ha0SIpM7q','Wool','3wUv2IjD5hPrqlPakpczQa',0.347,0.732,0.473,0,1,0.366,-7.197,1,0.271,47.811,0.394),('22DKsoYFV5npPXmnPpXL7i','Watch Out','1DnLeDyEWJqfJSJVHQaaSo',0.826,0.899,0.504,0,8,0.052,-6.758,0,0.5,129.89,0.537),('22L7bfCiAkJo5xGSQgmiIO','All Of The Lights','20r762YmB5HeofjMCiPMLv',0.0796,0.541,0.803,0.0000171,1,0.176,-3.284,1,0.0738,142.135,0.221),('22mek4IiqubGD9ctzxc69s','How Deep Is Your Love','3cG32DOXJoYlOHMmJIaQsm',0.0389,0.738,0.868,0.00171,11,0.388,-4.373,0,0.0731,122.003,0.336),('22UDw8rSfLbUsaAGTXQ4Z8','American Boy','5y4Ikuc4sLtNOpanoKKqwo',0.171,0.727,0.729,0,0,0.07,-2.99,1,0.326,117.932,0.512),('22VdIZQfgXJea34mQxlt81','Can\'t Feel My Face','0P3oVJBFOv3TDXlYRhGL7s',0.112,0.705,0.769,0,9,0.105,-5.526,0,0.0426,107.939,0.59),('23khhseCLQqVMCIT1WMAns','Magic','2G4AUqfwxcV1UdQjm2ouYr',0.0262,0.738,0.483,0.616,6,0.106,-8.915,0,0.0403,93.458,0.355),('23luOrEVHMfoX0AhfbQuS6','FEAR.','4eLPsYPBmXABThSJ821sqY',0.604,0.588,0.479,0.0000072,1,0.527,-7.039,1,0.281,150.414,0.434),('23pDpzEXA6JKYzzAcAGHMt','Crumbling Together','4n9J61IrlrEFswxTu0MJIo',0.774,0.478,0.479,0.21,2,0.108,-9.592,1,0.0296,105.348,0.144),('23QNeWdV1uiLA8OyZ60mee','Rich Bitch Juice','6ngx8qruRt2McKmWzpywRq',0.0747,0.864,0.54,0,1,0.329,-5.964,1,0.18,144.959,0.609),('23SZWX2IaDnxmhFsSLvkG2','Gorgeous','20r762YmB5HeofjMCiPMLv',0.0207,0.603,0.713,0.000179,1,0.431,-3.625,0,0.0317,91.953,0.12),('24YmWQgunJGAU8El3ndkyn','In the Flesh?','5Dbax7G8SWrP9xyzkOvy2F',0.416,0.294,0.489,0.348,9,0.0537,-14.578,1,0.0399,152.115,0.268),('25fqrbEPDnqe9Bf8RLL7an','Take Me Home','0NTYMm0B7adXejff1phD3F',0.129,0.81,0.794,0,11,0.0525,-4.848,0,0.205,131.058,0.834),('25K9cWrxNv991UYiOzBJqR','Bring Me Down','5ll74bqtkcXlKE7wwkMq4g',0.00575,0.386,0.692,0,6,0.595,-6.919,0,0.0898,111.266,0.351),('26PwuMotZqcczKLHi4Htz3','Redemption Song','321q9p7PELvzcFAWxml7VX',0.608,0.671,0.256,0,7,0.0737,-10.743,1,0.0387,115.871,0.694),('26ZXwyyui0YVpWZchlmB9h','F.U.T.W.','0OTjYdGtP7AbwOwbYsGhyi',0.0308,0.576,0.646,0,1,0.179,-8.097,0,0.23,88.057,0.323),('27a1mYSG5tYg7dmEjWBcmL','CAN\'T SAY','41GuZcammIkupMPKH2OJ6I',0.201,0.702,0.708,0,10,0.118,-5.366,0,0.0547,147.98,0.713),('27eO3EGKIUU7yug1eOxUZu','Good Morning','3SZr5Pco2oqKFORCP3WNj9',0.0913,0.577,0.646,0.0000418,0,0.17,-5.902,1,0.13,169.769,0.575),('27GmP9AWRs744SzKcpJsTZ','Jumpman','1ozpmkWcCHwsQ4QTnxOOdT',0.0563,0.852,0.553,0,1,0.332,-7.286,1,0.187,142.072,0.656),('27REOQk3qsqXWTVLn400EW','Anjela','6WrxgVbi9Q96gV8tZMq3FH',0.0404,0.733,0.585,0.0303,11,0.129,-7.02,1,0.0393,95.403,0.781),('282L6SR4Y8Rs0VUgtEy1Zw','She Knows (feat. Amber Coffman & Cults)','1NfrmcXk8xNennyxQ57JcW',0.0192,0.766,0.739,0.0794,1,0.229,-10.364,1,0.0805,118.005,0.185),('28cnXtME493VX9NOw9cIUh','Hurt','2BlL4Gv2DLPu8p58Wcmlm9',0.649,0.534,0.392,0.000227,9,0.0948,-7.636,0,0.0267,90.379,0.163),('28eTONaWJyd0Jbnkb7xaDO','Forest Whitaker','4HimCXZJ1qrzMGNbHwj97y',0.331,0.719,0.718,0.0000439,11,0.107,-5.482,1,0.0426,113.965,0.91),('28OkLLntKaxV9Fxk79sQkD','Officer','6SivmmHM5n3CCsU99XDFYi',0.559,0.722,0.868,0.000779,4,0.447,-4.523,1,0.109,95.021,0.633),('29rK5iNto6z2Qd78YgWb8B','The Real Her','63WdJvk8G9hxJn8u5rswNh',0.166,0.567,0.309,0,8,0.12,-14.254,1,0.385,65.041,0.509),('2aibwv5hGXSgw7Yru8IYTO','Snow (Hey Oh)','7xl50xr9NDkd3i2kBbzsNZ',0.116,0.427,0.9,0.0000175,11,0.119,-3.674,1,0.0499,104.655,0.599),('2akjLHnHjDGsgqxuf48VYs','The Bay','716fnrS2qXChPC3J2X73pK',0.587,0.803,0.47,0.091,6,0.0723,-7.232,0,0.0387,121.226,0.887),('2AOia1qwgGdQFD4yQ8DpIB','Digging Holes','45Vo8fWnEVU1SwzWekdlfR',0.672,0.527,0.218,0.0291,4,0.0907,-10.238,1,0.0257,87.618,0.176),('2aOPvzjpMwikBgngKcxsA9','Introduction (instructions)','2Ti79nwTsont5ZHfdxIzAm',0.868,0.678,0.481,0,10,0.431,-20.18,0,0.92,88.828,0.0684),('2Aqc48sn8He26hmTvQ2BMj','Hey','6ymZBbRSmzAvoSGmwAFoxm',0.000877,0.59,0.317,0.000867,7,0.0745,-15.014,1,0.0307,99.81,0.33),('2AxCeJ6PSsBYiTckM0HLY7','Voodoo Child (Slight Return)','5z090LQztiqh13wYspQvKQ',0.48,0.214,0.91,0.00839,8,0.0517,-6.662,1,0.389,175.561,0.447),('2b3KgzISdjZVNPJJ1945nw','Rigamortus','13WjgUEEAQp0d9JqojlWp1',0.24,0.52,0.807,0.00257,2,0.199,-6.281,1,0.409,178.012,0.628),('2BFeLCEDQBecReNuLbOHoQ','Blue Hunnids','5PYpthagjwOjL17AqVxbKq',0.0228,0.901,0.249,0.00408,11,0.107,-8.694,1,0.218,144.006,0.132),('2bkyTJ4bAnc8a5ly3dg9DX','Pills N Potions','5ooCuPIk58IwSo6DRr1JCu',0.00812,0.391,0.604,0.00000518,2,0.0443,-8.104,1,0.212,169.658,0.168),('2BuBXn15gj4MNYZydyWgrk','Come Back Baby','07bIdDDe3I3hhWpxU6tuBp',0.0487,0.874,0.485,0,0,0.299,-3.026,1,0.171,92.001,0.322),('2C1C4QjjMmru4mYrPSQzWs','Chapter Ten','13WjgUEEAQp0d9JqojlWp1',0.0355,0.515,0.738,0.000373,11,0.287,-6.391,0,0.215,135.772,0.541),('2C1nOw1nRxJaBWb9I1x05A','Smoke & Mirrors','7DmNwRBDJRUEFUlk3oa2Aj',0.11,0.587,0.523,0.765,9,0.107,-9.947,1,0.0288,95.004,0.0457),('2C5uGQlz0WO1v8SBR4cfX2','Angel Pussy','2wxO6auSkzsTuSua9PqZop',0.5,0.752,0.402,0.000928,6,0.138,-6.517,0,0.339,145.066,0.743),('2CHmgtK8OCL28WtIK96u4N','30 Hours','7gsWAHLeT0w7es6FofOXk1',0.0359,0.823,0.813,0,7,0.0886,-6.71,1,0.288,95.012,0.373),('2csLe4BoU50n8TtzKQF5yB','Netflix Trip','6hpiZXzsZxlkTXY8zavu3N',0.0426,0.492,0.688,0,7,0.136,-5.309,1,0.0403,94.962,0.445),('2ctvdKmETyOzPb2GiJJT53','Breathe (In the Air)','4LH4d3cOWNNsVw41Gqt2kv',0.391,0.431,0.375,0.721,11,0.143,-15.142,0,0.0347,128.153,0.258),('2cx10hB95ygrUp2RsZW7Oh','Connect','2gXTTQ713nCELgPOS0qWyt',0.408,0.683,0.488,0,6,0.132,-9.473,0,0.135,75.039,0.469),('2cYqizR4lgvp4Qu6IQ3qGN','BUTTERFLY EFFECT','41GuZcammIkupMPKH2OJ6I',0.0531,0.763,0.628,0,11,0.114,-5.85,1,0.05,140.958,0.193),('2cYZpcIV39X48RnOFM7w2V','All Falls Down','3ff2p3LnR6V7m6BinwhNaQ',0.184,0.643,0.717,0,8,0.152,-4.876,0,0.506,90.893,0.46),('2d4VlnTyBVserhtyH3b9BZ','Atop a Cake','4PrBMzWzzoMOwm55Bfo3dt',0.334,0.284,0.837,0.51,4,0.346,-3.864,1,0.0529,167.393,0.457),('2D5Dd3clzZGTv6H9mtAAQq','I. Pink Toes','0zi2TaQkYxfXIBvl2yTjQJ',0.0554,0.367,0.673,0.000216,7,0.539,-8.46,1,0.111,77.773,0.308),('2dgFqylK6gyILa4HY65u0y','I\'m Ready','68ZGCwTDtJGbC3E3gL6d48',0.0108,0.628,0.867,0,9,0.308,-3.555,1,0.0913,78.043,0.597),('2DgMxFMUQRPthW4ROhjen1','SWEET','0XnqQzdSFAml08XZoRt1St',0.543,0.718,0.628,0,10,0.116,-6.007,0,0.223,92.107,0.722),('2dgrYdgguVZKeCsrVb9XEs','What\'s the Use?','5wtE5aLX5r7jOosmPhJhhk',0.736,0.759,0.492,0.00989,1,0.107,-10.338,0,0.12,104.974,0.561),('2DHgvPQD1jApRnT1DBZdrS','High Speed','6ZG5lRT77aJ3btmArcykra',0.396,0.493,0.525,0.00736,7,0.0961,-9.342,0,0.0301,154.448,0.248),('2DHNCWZYmVr1Lv08q5b0kB','Roses','5ll74bqtkcXlKE7wwkMq4g',0.258,0.715,0.465,0.000027,3,0.108,-6.455,0,0.0926,97.714,0.508),('2dJ4rGtsOHOgvTQawsCRtg','Pray 4 Love (feat. The Weeknd)','4PWBTB6NYSKQwfo79I3prg',0.2,0.629,0.578,0,1,0.151,-4.704,1,0.0428,79.94,0.211),('2doQ4LEtEDbL3cIPEeHP1E','High to Death','20U1UWeGcGq7JVW0tf8yfH',0.13,0.479,0.424,0.0234,0,0.103,-11.321,1,0.0405,104.042,0.164),('2dpaYNEQHiRxtZbfNsse99','Happier','78EicdHZr5XBWD7llEZ1Jh',0.191,0.687,0.792,0,5,0.167,-2.749,1,0.0452,100.015,0.671),('2DUkbddNcFTVwLvzvj7lUV','Pretty Pink Ribbon','5OCg9OWnL1PY4tW2ON8ssj',0.335,0.74,0.671,0.297,11,0.127,-6.229,1,0.0312,123.004,0.894),('2durxb17bXcmQJHSt8JAdO','No Tellin\'','0ptlfJfwGTy0Yvrk14JK1I',0.543,0.823,0.467,0,0,0.135,-10.394,0,0.301,95.024,0.618),('2DVI5bxoh3qXVYA1XmraN8','Real Nega','51WLEfPEEkzAWurvuY6Gco',0.00788,0.61,0.952,0.00324,5,0.172,-2.501,0,0.315,140.065,0.332),('2dxjKgT0li4qBI3QwuN9Ih','Touch The Sky','5ll74bqtkcXlKE7wwkMq4g',0.0114,0.524,0.846,0,9,0.309,-4.912,1,0.347,98.385,0.551),('2DxKSe9ZWmZUXGdbXCcPET','Playing Around Before The Party Starts','0zi2TaQkYxfXIBvl2yTjQJ',0.995,0.262,0.13,0.928,7,0.267,-21.593,0,0.037,169.819,0.0731),('2E5qfu2Bz1gevYJDIQXbZ6','Unchanging','1PT0NLoWqX9YKC5bzXthTU',0.449,0.622,0.334,0.000393,6,0.147,-9.471,0,0.0316,81.579,0.378),('2EEeOnHehOozLq4aS0n6SL','iSpy (feat. Lil Yachty)','15qLmAABocTCRBSbWWqL7K',0.378,0.746,0.653,0,7,0.229,-6.745,1,0.289,75.016,0.672),('2EIEJ1zpvjpHuL6eWKGDZ8','Modern Man','3DrgM5X3yX1JP1liNLAOHI',0.296,0.681,0.699,0.0301,9,0.117,-7.307,1,0.0329,122.254,0.601),('2EKJww1RnfmsukgV57gAK0','Grim Guide','6VTxfTTsn6eAbwA43VYXGR',0.213,0.598,0.412,0,8,0.105,-11.157,0,0.424,199.734,0.274),('2EoOZnxNgtmZaD8uUmz2nD','Black Hole Sun','29sTacnS0qA9xri6YS8xLA',0.000217,0.35,0.828,0.000161,6,0.0774,-5.373,1,0.041,105.435,0.147),('2Ex5M7OjJhkH38JvCUzwXR','I Bet My Life','4aSQ4ysFo30Sp09QnvsPeu',0.183,0.564,0.675,0.000371,1,0.347,-8.035,1,0.0394,108.072,0.544),('2f1xAoQG7MAi4HTM3gOhW9','Dark Sky (Skyscrapers)','4Nlbt2EuXedr6UqaeXEI4c',0.515,0.694,0.748,0,8,0.251,-6.102,1,0.264,142.183,0.662),('2FTGmG9PvlXEERkb1sYBE3','Ab-Souls Outro','13WjgUEEAQp0d9JqojlWp1',0.116,0.471,0.839,0,5,0.658,-6.852,0,0.379,115.79,0.639),('2Fve7wrBmRvouBLtL1A6xf','Good Good','73aMxGDYsynv1PQDo74X5P',0.166,0.746,0.921,0,5,0.0942,-4.874,0,0.0563,87.026,0.602),('2Fxmhks0bxGSBdJ92vM42m','bad guy','0S0KGZnfBGSIssfF54WSJh',0.328,0.701,0.425,0.13,7,0.1,-10.965,1,0.375,135.128,0.562),('2fz1oSWtnrPYSmwgStV7VG','Head Out','1qMDN9zRQreK81cJ9G1hed',0.409,0.457,0.236,0.00133,9,0.11,-14.1,0,0.0306,78.682,0.52),('2FZK25BWAi4qu7sMQPvGGG','Robin Hood','6VTxfTTsn6eAbwA43VYXGR',0.00493,0.557,0.61,0.0000589,5,0.168,-9.909,1,0.108,113.939,0.0848),('2GGMabyHXnJmjY6CXhhB2e','Money','2drqVzCt52KiDxKgl0Rq0P',0.00534,0.95,0.59,0,8,0.11,-6.508,0,0.29,130.003,0.219),('2GKbtXbDgF1Nks1HQm7JVC','JAY Z Blue','0OTjYdGtP7AbwOwbYsGhyi',0.0196,0.736,0.605,0.00825,0,0.198,-7.549,1,0.353,84.776,0.33),('2GLxvCiSUGu94wJFbojwWg','Sugar Magnolia - 2001 Remaster','3qzvxfhCWUYsJuVSOSv0AP',0.166,0.589,0.62,0.00000812,1,0.153,-9.259,0,0.0431,154.621,0.65),('2gSh6B45bWv4gDOhawR8C2','Part II (On The Run)','0OTjYdGtP7AbwOwbYsGhyi',0.279,0.6,0.636,0,8,0.451,-5.732,1,0.0939,86.997,0.351),('2gtLeE3ZAfKiJKsFKwUdql','Enemies','6VTxfTTsn6eAbwA43VYXGR',0.78,0.681,0.607,0,9,0.27,-7.45,0,0.0416,104.946,0.129),('2gws1v6aAT0mYxHVISMTph','Till the Morning Comes - 2013 Remaster','2UDDZVesmQwA4aYfa55diS',0.123,0.629,0.455,0,9,0.141,-12.332,1,0.0291,134.536,0.852),('2Gy7qnDwt8Z3MNxqat4CsK','Wouldn\'t It Be Nice - Stereo Mix','6GphKx2QAPRoVGWE9D7ou8',0.718,0.392,0.629,0.00000376,5,0.129,-7.056,1,0.0335,124.511,0.72),('2gZUPNdnz5Y45eiGxpHGSc','POWER','20r762YmB5HeofjMCiPMLv',0.0162,0.543,0.915,0,0,0.744,-4.746,0,0.113,153.998,0.577),('2H2V8zM6H5RUg8dXfIhpNf','Country Feedback','6yEuIwTQpciH1qtj7mP5GK',0.0861,0.274,0.567,0.0461,7,0.398,-5.98,1,0.0276,144.713,0.29),('2habSXqcJGExM6JJyskY7O','Malibu','7CUczABBlsbd5fqng9mjxo',0.0577,0.565,0.782,0.0000416,8,0.0757,-6.413,1,0.0506,140.004,0.4),('2HbKqm4o0w5wEeEFXm2sD4','Money Trees','6PBZN8cbwkqm1ERj2BGXJ1',0.0703,0.716,0.531,0,7,0.224,-7.355,1,0.122,71.994,0.344),('2hiaVH6pb8cmDDIHy98sJY','Pops Hot Intro','2eYQlGEvc3b1ahYVdqN49M',0.444,0,0.0176,0,4,0.165,-20.68,1,0,0,0),('2hitsKa8SthKhRJBXUHbIv','Our House','5bHkK1X4WEOzNvRhehvOcb',0.896,0.593,0.205,0.0000546,9,0.119,-14.601,1,0.0479,140.279,0.377),('2hiuiI3ac0I5kJWtkeGHEL','I Can Tell','4PWBTB6NYSKQwfo79I3prg',0.000819,0.696,0.8,0,2,0.0954,-5.68,1,0.0324,110.013,0.0635),('2HjukRh8jwoQm3MAuqwpib','Home at Last','0mWXQOrqbigpDUGfnbW7ez',0.294,0.55,0.473,0.505,9,0.087,-8.931,0,0.032,85.514,0.299),('2hKdd3qO7cWr2Jo0Bcs0MA','Drops of Jupiter','6j6Zgm7vzAZegr48UppFVT',0.154,0.468,0.64,0,0,0.154,-5.862,1,0.0275,79.297,0.499),('2HLtRAcBAWd4y7TfVVoIpm','Let It Pass','0sq2X96utAWNbhvRZU1oxe',0.0803,0.586,0.614,0.0000194,4,0.152,-7.275,1,0.0307,88.222,0.301),('2hnMS47jN0etwvFPzYk11f','Santeria','14eK347GdWO4mBBx78tsut',0.0268,0.682,0.765,0.0000342,1,0.188,-5.021,0,0.0395,90.807,0.567),('2HUIm4ZmwC5aIEQQakmgO4','Townie','472GvzwE3EZ0i2EEaly5mX',0.0000113,0.31,0.884,0.00000333,1,0.121,-3.484,1,0.0567,137.755,0.276),('2iaCM7WvOknQI1230hA9eK','Homecoming','3SZr5Pco2oqKFORCP3WNj9',0.323,0.679,0.754,0,8,0.126,-6.965,1,0.186,86.993,0.905),('2iGasQ2ci0qQ0lw03hfjNw','Trini Dem Girls','5ooCuPIk58IwSo6DRr1JCu',0.214,0.84,0.736,0.00711,1,0.0808,-6.797,1,0.228,109.982,0.323),('2IgbYlOlFpiSFYnsqB39lM','Jasmine','2J4lOWOjWUYBRJoShrhAGk',0.331,0.597,0.486,0,8,0.14,-5.893,1,0.0986,137.68,0.397),('2Ii1GRrLqdZCmMLLsxKhlG','New Day','1YwzJz7CrV9fd9Qeb6oo1d',0.389,0.561,0.645,0.0000705,10,0.142,-6.809,0,0.0705,91.005,0.359),('2Im64pIz6m0EJKdUe6eZ8r','Lost In The World','20r762YmB5HeofjMCiPMLv',0.115,0.609,0.746,0.0087,5,0.427,-5.249,0,0.184,117.072,0.277),('2IOT1BjoNs1vLs6Asngqqf','Movie','73utg7N85G6LQUZLJ9ErPJ',0.0551,0.786,0.809,0,5,0.161,-5.795,0,0.418,105.334,0.641),('2iUXsYOEPhVqEBwsqP70rE','Youngblood','2D0Hi3Jj6RFnpWDcSa0Otu',0.0169,0.596,0.854,0,7,0.124,-5.114,0,0.463,120.274,0.152),('2j2n2VGCMIyFaQ6ToEC0Cy','Like Spinning Plates (Live)','6svTt5o2lUgIrgYDKVmdnD',0.807,0.277,0.384,0.0134,1,0.97,-9.853,1,0.035,141.637,0.0997),('2jdAk8ATWIL3dwT47XpRfu','Slow Dancing in a Burning Room','1Xsprdt1q9rOzTic7b9zYM',0.573,0.668,0.361,0.00506,1,0.0805,-8.69,0,0.0273,134.15,0.288),('2JdzB67NvIa90K4gEZPLeX','Lump','5xxeAo8AVneH1OKO5vR604',0.00468,0.499,0.873,0,6,0.165,-3.902,1,0.0386,142.726,0.864),('2JhIaeltCDCcp02K936tgx','Change','3sIFpEctox1XOs3FEkqrgr',0.0867,0.61,0.801,0.299,9,0.238,-5.979,0,0.0301,125.257,0.835),('2jiHZ8s0uWDzSkFm86NeuG','Changed','0LKyqACx30dgjpYZXeBSsl',0.192,0.568,0.755,0,5,0.352,-6.94,0,0.473,154.987,0.526),('2jlUvPJnpAubdY0o5k0zCY','Genevieve - Unfinished','6Wsai43KQmmKlN29AWlXFr',0.000788,0.395,0.725,0.000147,4,0.191,-7.63,1,0.204,158.074,0.117),('2JmFRXaJrkAUD2cs6U20KG','Jet Fuel','5wtE5aLX5r7jOosmPhJhhk',0.54,0.791,0.557,0,7,0.103,-9.622,0,0.0698,119.973,0.284),('2JO1rrmxZ3ssbQsMacJUNi','This Land Is Your Land','3JQ1MAsTJ9KNkn7MxtNA4h',0.014,0.526,0.893,0.00365,2,0.0937,-4.919,1,0.0343,109.079,0.872),('2JPavCWYtpCSnyLwnLBvXZ','Long Live A$AP','1E1eyI5uGllppJZCxNoF9w',0.61,0.716,0.832,0,0,0.115,-4.939,0,0.351,130.042,0.399),('2jQIzjFeqCT3jOUi3dIlWB','The Library - Intro','0zi2TaQkYxfXIBvl2yTjQJ',0.956,0,0.729,0.831,2,0,-21.2,1,0,0,0),('2JVwsN6viHjR9t5pCPQ4Br','Pretty Shining People','2NaulYO6lGXTyIzWTJvRJj',0.14,0.584,0.726,0,1,0.0984,-4.604,1,0.0371,106.979,0.398),('2jWdfpU2kvrOyEroQxQls2','The Bean Kicked In','7KwmLNyTalfOnU7i3fwMO5',0.00041,0.735,0.751,0,7,0.119,-5.551,0,0.0705,73.039,0.575),('2kAIpGWnlFLQh48iut6Zzq','Free Spirit','6KT8x5oqZJl9CcnM66hddo',0.308,0.627,0.446,0.00077,2,0.111,-9.477,0,0.0332,139.994,0.11),('2Kbxfq8wkjMCno1QJe4yyw','Gotta Have It','1YwzJz7CrV9fd9Qeb6oo1d',0.411,0.74,0.574,0,4,0.262,-6.938,1,0.245,149.762,0.33),('2kfpH2OAAdpk5J3JaraAIh','Hands On The Wheel','1C1mvUxPYGzTqVpXu6vOLf',0.021,0.65,0.859,0,1,0.0986,-4.54,0,0.0957,127.828,0.169),('2KMCM2dirSnthfYKNjS8iT','LES','4q5E2s5u5X5HT4UMJpbMKE',0.00791,0.539,0.695,0.000228,1,0.199,-6.8,0,0.113,103.094,0.139),('2kqMzzgzqyDrQO4WurQiJA','Space Talk','1siCrPD80Sa3PT67PTiJ7J',0.0187,0.595,0.648,0.000735,8,0.168,-7.647,1,0.0342,96.034,0.333),('2la10ufvOkSlJ4jCRp2NXl','La Familia','0OTjYdGtP7AbwOwbYsGhyi',0.00149,0.753,0.501,0.00186,1,0.235,-6.853,0,0.151,135.91,0.252),('2LfUYXF8jfrHCfwYyf2pRj','A Punch Up At a Wedding','1oW3v5Har9mvXnGk0x4fHm',0.0786,0.603,0.507,0.0531,11,0.0919,-9.965,0,0.0266,79.039,0.568),('2lMg3lCMOGistaWBNGjuT3','Blow the Whistle','5GiqXho2S6vfntgRwSdhYp',0.0042,0.907,0.625,0,1,0.151,-5.557,1,0.198,99.918,0.605),('2m0HT6YzBjf3tJnrn1542Q','Heaven','0OTjYdGtP7AbwOwbYsGhyi',0.00413,0.602,0.561,0.473,5,0.0778,-7.181,1,0.0316,83.461,0.602),('2mb32CDk3XusDc87vjeAoG','1000 Nights','5qeKpDQFyotJjLh61pUZQo',0.0315,0.594,0.709,0.0562,6,0.0738,-9.541,0,0.0377,90.001,0.587),('2mbAFKj9gePjW91G1WH3sp','Chateau','6cKBoHXh7dKn2gVsGniZ58',0.251,0.759,0.812,0,8,0.348,-4.257,1,0.251,139.911,0.229),('2McT9smAArZgp6jKdLnL0X','Mexico','1vbpW28Od2ATmVyAZ0QZ3j',0.229,0.597,0.43,0.0279,0,0.0807,-9.916,1,0.0305,149.165,0.459),('2MLHyLy5z5l5YRp7momlgw','Island In The Sun','2OBSz5Nlto0Q5CtYPzPY7c',0.00719,0.654,0.81,0.00251,4,0.165,-6.26,0,0.0288,114.623,0.661),('2mmUoyPxzbxehpfm1TpTRK','Star67','0ptlfJfwGTy0Yvrk14JK1I',0.747,0.521,0.392,0.00000881,3,0.198,-7.88,1,0.17,91.938,0.166),('2mPMFJvQ0v27gVqe5b6nDn','Hash Pipe','2OBSz5Nlto0Q5CtYPzPY7c',0.000121,0.578,0.882,0.479,7,0.284,-6.354,1,0.044,125.603,0.623),('2MYl0er3UZ1RlKwRb5LODh','A.D.H.D','13WjgUEEAQp0d9JqojlWp1',0.33,0.609,0.799,0,9,0.108,-6.883,1,0.24,157.74,0.582),('2MZSXhq4XDJWu6coGoXX1V','Avril 14th','1maoQPAmw44bbkNOxKlwsx',0.996,0.558,0.0259,0.871,8,0.0969,-30.016,1,0.0458,157.811,0.37),('2N3U8uTYhjX2KwGT0pf5x0','Everyday','3arNdjotCvtiiLFfjKngMc',0.0101,0.394,0.661,0,4,0.343,-8.684,1,0.193,149.822,0.335),('2N5zMZX7YeL1tico8oQxa9','Crazy','7p2aWivr9OLXocSTTKtG9B',0.0172,0.835,0.741,0.0577,8,0.0826,-1.609,1,0.0339,111.963,0.612),('2nTsKOXIVGDf2iPeVQO2Gm','Paranoid Android','7dxKtc08dYeRVHt3p9CZJn',0.0377,0.252,0.849,0.00592,5,0.0545,-6.501,1,0.0581,163.704,0.194),('2NxIp9jbmsnaIiAExWOEo0','Poe Mans Dreams (His Vice)','13WjgUEEAQp0d9JqojlWp1',0.619,0.736,0.892,0.00000114,1,0.111,-5.217,1,0.28,88.124,0.597),('2O3l4X1yTua8oMMCtazkyo','The Happiest Days of Our Lives','5Dbax7G8SWrP9xyzkOvy2F',0.551,0.741,0.231,0.747,9,0.249,-18.91,0,0.0415,103.994,0.547),('2oaK4JLVnmRGIO9ytBE1bt','Dark Necessities','43otFXrY0bgaq5fB3GrZj6',0.0722,0.7,0.742,0.0199,5,0.11,-6.777,0,0.0716,91.959,0.197),('2oe6dDthgthqUkfL3czpEd','ALONE, PART 3','2Ti79nwTsont5ZHfdxIzAm',0.883,0.61,0.258,0.0145,0,0.103,-12.758,1,0.0331,127.08,0.164),('2os0aK782bakCPmjow0SU0','Drunk Drivers/Killer Whales','26DseQO366JfXwIP7dIgQj',0.218,0.534,0.414,0.00000211,2,0.103,-7.952,1,0.0403,117.079,0.458),('2ovQyd0G6i1s6irAQvo4CC','Bicken Back Being Bool','4F6GGyqtJoF4EOxDgsKzsB',0.291,0.56,0.664,0,2,0.688,-7.86,1,0.567,190.024,0.655),('2PdIo7ewQPuAsP99LVg9uy','Wrong Way','14eK347GdWO4mBBx78tsut',0.0623,0.69,0.681,0,9,0.137,-5.653,1,0.0379,75.034,0.911),('2peoIrd4v8r4HXNPXePIXQ','I.Crawl','0zi2TaQkYxfXIBvl2yTjQJ',0.0481,0.452,0.559,0.00000169,6,0.109,-7.848,1,0.0453,132.814,0.365),('2PieESXphabz5AkALFS08X','The Art of Peer Pressure','6PBZN8cbwkqm1ERj2BGXJ1',0.286,0.555,0.611,0.00106,10,0.273,-9.216,0,0.356,94.939,0.411),('2q4rjDy9WhaN3o9MvDbO21','Kiss Me Thru The Phone','2zwyBK8ea29FqWuY8IiRJu',0.0185,0.758,0.712,0,7,0.0677,-3.781,1,0.112,149.998,0.795),('2QCndYqRherBtKjBpyySC6','Sober Up','6hpiZXzsZxlkTXY8zavu3N',0.282,0.651,0.568,0,5,0.0862,-6.774,1,0.0275,93.006,0.805),('2QeQNF182V61Im0QpjdVta','Pornography','4PWBTB6NYSKQwfo79I3prg',0.105,0.603,0.649,0,11,0.712,-5.887,1,0.117,128.815,0.343),('2qfEcCkEo5NscA9GL7ER72','Nobody','3qAWioFdKw27uQvHloas7l',0.269,0.673,0.687,0,6,0.181,-5.295,0,0.0623,96.964,0.524),('2QhURnm7mQDxBb5jWkbDug','Don\'t Panic','6ZG5lRT77aJ3btmArcykra',0.206,0.602,0.612,0.00616,0,0.107,-8.409,1,0.0335,122.062,0.453),('2qN7J3rwekpYjskmtOT6Ex','Let\'s Go Get Stoned','0vuwlanMPucXrYMGnOjhYL',0.0337,0.604,0.518,0.0112,9,0.133,-7.409,0,0.0471,94.049,0.568),('2qOm7ukLyHUXWyR4ZWLwxA','It Was A Good Day','71HM1CMYWeZzws8pyiEn46',0.33,0.798,0.744,0.000106,7,0.292,-5.328,0,0.136,82.356,0.794),('2qq31IL5PChshB6u6sWDYh','Jack-Ass','3VCaLNEZTCVRwB8fIpmuM7',0.179,0.706,0.528,0,2,0.0573,-7.017,1,0.0288,106.672,0.853),('2qUZliZ9NHUYIAZqRNe6pZ','GOT IT GOOD','1dZZh7PvVgce1DDsDPzy8Z',0.0475,0.606,0.503,0,7,0.116,-6.678,0,0.155,80.04,0.31),('2QXvhG5wkzZthF2OTMIaNz','Overthinking IT','4B2pV5Zds6478QOqA8yqdj',0.0148,0.369,0.665,0.0131,0,0.37,-6.19,0,0.0695,95.885,0.323),('2r0pJWxAyYVQTHTwcnbM8A','Nothing in Return','7bHQuWjDkBQc4cU0jOTBa1',0.528,0.67,0.756,0.0976,11,0.261,-5.695,0,0.075,100.083,0.707),('2r4JRwcbIeuAzWjH4YXlLs','Yikes','5EBGCvO6upi3GNknMVe9x9',0.145,0.676,0.777,0,1,0.228,-3.241,0,0.357,173.931,0.226),('2R6go62CuxqqX0w1TgXxes','If You Have to Ask','30Perjew8HyGkdSmqguYyg',0.00236,0.709,0.738,0.795,7,0.073,-12.019,1,0.048,96.24,0.671),('2rhS1u6ckiW3fSslPn5V3A','Versus','0OTjYdGtP7AbwOwbYsGhyi',0.0565,0.852,0.877,0.000253,4,0.164,-5.955,0,0.233,79.37,0.802),('2RiBogNRfulkNf7fVbPOrJ','Saturday Sun','5f6Eu9QtujgGggq5qbbycV',0.484,0.637,0.864,0,8,0.222,-4.381,1,0.0468,99.995,0.706),('2RlgNHKcydI9sayD2Df2xp','Mr. Blue Sky','3usnShwygMXVZB4IV5dwnU',0.652,0.388,0.338,0.00000372,10,0.248,-10.054,1,0.0328,177.784,0.477),('2rMFawCg4BW65jzbwztXAV','Oh My Dis Side (feat. Quavo)','4PWBTB6NYSKQwfo79I3prg',0.352,0.459,0.623,0,1,0.131,-4.45,1,0.0489,126.018,0.205),('2rmq49FcJ4U3wh1Z7C9UxE','IV. Sweatpants','0zi2TaQkYxfXIBvl2yTjQJ',0.169,0.644,0.479,0,4,0.639,-8.352,1,0.177,79.929,0.612),('2rPE9A1vEgShuZxxzR2tZH','thank u, next','684W6NpKllEexqQlGqetCi',0.28,0.724,0.647,0,1,0.102,-5.642,1,0.0658,106.96,0.435),('2rqUblDWJKlMVwh9uJc0Vv','Yamborghini High','788rHiWVrWzM8dF7IiumCB',0.0283,0.838,0.765,0.000015,7,0.0779,-6.299,1,0.28,137.767,0.635),('2rtDHB2fSisS34D0ArWg06','Suburban War','3DrgM5X3yX1JP1liNLAOHI',0.0935,0.313,0.853,0.169,5,0.166,-5.812,1,0.0372,119.955,0.579),('2RZWdE8kYPlCAcRUYDeuLC','Red Flag','0cTOvcvrbNiaiv4WXEUHzT',0.000583,0.564,0.865,0,2,0.056,-7.384,1,0.121,183.052,0.726),('2S9r3he7RP6j6ptiQGVW6Y','Kids','6hm2ALx7WLhe08ghG1fcVa',0.0596,0.635,0.694,0,1,0.141,-3.549,1,0.159,85.809,0.398),('2sbF2F1fIKylqW79XFLbH8','I Got A Name','6QVn3X0VlX6XynvzgQVPi0',0.83,0.584,0.656,0.000443,4,0.13,-9.423,1,0.0433,86.747,0.609),('2SK8bg3M1Z2yukycOG0JiH','Intro','5vaoiQeWdC1ssSaM2WjcjZ',0.43,0.518,0.749,0,7,0.23,-7.134,0,0.115,82.221,0.175),('2sXBdtNvV7fn1wbTzFrKrf','Let It Grow','408nODJ1r3nO7f3qWkCrCB',0.219,0.42,0.398,0.36,4,0.258,-13.626,1,0.025,77.689,0.267),('2sywvGUBuSuYICHHKOElSn','Nollie Tre Flip','16SMGvTZrwtiJ132g69toP',0.251,0.843,0.773,0,6,0.0899,-6.893,1,0.291,90.039,0.417),('2T0VyprVdS76wpHKL7tdXg','I\'ll Be Seeing You','4C8EZN0ybnO5fmQBhlMPjj',0.989,0.371,0.0275,0.0308,8,0.115,-20.273,1,0.0375,127.943,0.155),('2tcatycPdcN1gMxA1V4heS','Crown','0OTjYdGtP7AbwOwbYsGhyi',0.0141,0.414,0.454,0.0462,4,0.4,-9.33,1,0.0589,117.147,0.07),('2tCSHcztahZAmkqupEmTSn','Whatever You Want','26QmPEHnWvpqUwJLQ4igze',0.000754,0.381,0.758,0.17,0,0.16,-5.542,1,0.0388,71.914,0.34),('2TfSHkHiFO4gRztVIkggkE','Sugar, We\'re Goin Down','5nkUSlIhtoJZMOUlB0sNCp',0.00579,0.494,0.841,0,7,0.122,-4.784,1,0.0838,162.013,0.567),('2TjdnqlpwOjhijHCwHCP2d','The Great Gig in the Sky','4LH4d3cOWNNsVw41Gqt2kv',0.768,0.275,0.216,0.897,5,0.0832,-13.818,1,0.0345,116.388,0.181),('2TK4NQXWehLphjpXTYxu1H','H•A•M','1YwzJz7CrV9fd9Qeb6oo1d',0.0462,0.657,0.523,0,8,0.322,-4.907,1,0.0614,140.046,0.0382),('2tOZtdbkAMQASWokLvSlzj','Overnight Celebrity','7tbgPQub8dUigxMdkYDfOb',0.182,0.828,0.792,0,10,0.281,-5.435,0,0.179,134.199,0.777),('2TVxnKdb3tqe1nhQWwwZCO','Tiny Dancer','2OZbaW9tgO62ndm375lFZr',0.382,0.414,0.428,0.000243,0,0.148,-11.097,1,0.0278,145.075,0.282),('2tznHmp70DxMyr2XhWLOW0','Cigarette Daydreams','4EK8gtQfdVsmDTji7gBFlz',0.0801,0.635,0.675,0,2,0.0831,-3.445,1,0.0263,113.946,0.273),('2U4FtN8jDqDKSzGpVC1iLf','Poppies','5dR0fhE3oveLRSUMMQ3oRB',0.0161,0.359,0.804,0.000876,4,0.0889,-6.424,1,0.0494,182.429,0.902),('2uMMGgkTOBisJpzyvMzNWm','II. Shadows','0zi2TaQkYxfXIBvl2yTjQJ',0.0948,0.616,0.76,0.0186,1,0.345,-8.732,1,0.244,116.316,0.377),('2UOAaxhSOWDgSaIWYeoaJk','III. Urn','0zi2TaQkYxfXIBvl2yTjQJ',0.641,0.603,0.437,0.00102,2,0.0721,-11.789,0,0.06,139.466,0.501),('2UOYzhusMTypF7oAQwksCj','Hood Politics','7ycBtnsMtyVbbwTfJwRjSP',0.145,0.731,0.661,0,6,0.12,-6.562,0,0.376,87.912,0.369),('2UpinCflz9pX3Dxi79mGOC','PTSD','5ilsl5R2lGACTnPZMKIp7o',0.411,0.602,0.883,0,1,0.353,-5.268,1,0.38,119.353,0.487),('2UWdUez9MB9yzL7Y81Mcip','The Suburbs','3DrgM5X3yX1JP1liNLAOHI',0.0578,0.616,0.682,0.0241,6,0.342,-6.148,0,0.0265,117.78,0.528),('2uWMj52ImAeeGQFJmVlU5H','1nce Again (feat. Tammy Lucas) - Radio Version','0EguP4tsJurU5I8ocCxdyb',0.0864,0.791,0.541,0.0000372,10,0.36,-6.751,0,0.354,93.67,0.841),('2vCwSGPxJ9FPRva3xnFxfr','Family Function','2DyBV06ZmHYRkiVEP2z5R6',0.0172,0.884,0.588,0,1,0.211,-7.828,0,0.341,74.977,0.499),('2vHfabj6nFebekTYODqntl','Want You Back','2D0Hi3Jj6RFnpWDcSa0Otu',0.00699,0.618,0.867,0.00000103,0,0.202,-4.915,1,0.0439,98.03,0.579),('2VMJkgrhqfOOYBlZif2nvX','She Wants My Money','1DNx0H5ZX1ax3yyRwtgT4S',0.771,0.704,0.478,0.000516,9,0.0875,-6.562,1,0.047,128.789,0.42),('2VPjeDCsNEyoUXbEwphx1K','Fun','6JdSCUch3Ic4oCV6lj9GeG',0.138,0.636,0.789,0.00000231,0,0.168,-6.68,1,0.0686,156.018,0.577),('2vRDFgdJiILUdDOLL8hLH3','Lover Boy 88','6YFBWwUDdot8IjBZSYOacB',0.349,0.734,0.699,0,11,0.261,-6.689,1,0.0614,109.979,0.5),('2VtpdevRsfoxtWlnVm1l8A','Outside','4q5E2s5u5X5HT4UMJpbMKE',0.424,0.369,0.567,0,2,0.113,-7.227,0,0.137,74.848,0.197),('2VWbHHhWnMzKWPUs4IEEW9','God\'s Plan','2o9McLtDM7mbODV7yZF2mc',0.0329,0.754,0.449,0.0000784,7,0.55,-9.212,1,0.108,77.167,0.35),('2vwlzO0Qp8kfEtzTsCXfyE','Wrecking Ball','3RDqXDc1bAETps54MSSOW0',0.407,0.53,0.422,0,5,0.107,-6.262,1,0.0342,119.964,0.349),('2VYb3Fb5iK5Y8HGZ8oEEkp','Violent Crimes','5EBGCvO6upi3GNknMVe9x9',0.374,0.665,0.417,0,1,0.186,-6.731,0,0.524,110.111,0.04),('2w12ff20EDDeXpsx08CgG5','No One Else','1xpGyKyV26uPstk1Elgp9Q',0.000248,0.461,0.882,0.00049,4,0.121,-5.409,1,0.0343,138.303,0.688),('2WfaOiMkCvy7F5fcp2zZ8L','Take on Me','1ER3B6zev5JEAaqhnyyfbf',0.018,0.573,0.902,0.00125,6,0.0928,-7.638,0,0.054,84.412,0.876),('2wXhFFVeYnoEhNLLWJjQ9j','Crown Violet','1SQZ0SSOxnsJ99vEKFQ6eC',0.529,0.638,0.63,0,4,0.107,-7.881,0,0.082,106.983,0.176),('2wyHiXes5gsguT8mwYofbC','One Man Can Change The World','4Nlbt2EuXedr6UqaeXEI4c',0.777,0.67,0.58,0,8,0.11,-6.586,0,0.144,157.996,0.309),('2x0WlnmfG39ZuDmstl9xfX','End Game','6DEjYFkNZh67HP7R9PSZvv',0.00845,0.649,0.589,0,2,0.108,-6.237,1,0.0558,159.073,0.151),('2xbrMtkxp399aSiCJ8EAON','Knives Out','6V9YnBmFjWmXCBaUVRCVXP',0.0911,0.433,0.675,0.293,2,0.159,-6.702,0,0.0337,137.268,0.184),('2xf1njws0OgzHmLi3Em21U','GOLD','1HP3EAW5SzraHJ49eENEYs',0.0978,0.54,0.581,0.00256,2,0.229,-8.672,1,0.266,104.922,0.242),('2xGTktpqW2FXOtcVBijqJ2','Even You Brutus?','5wZtSIvijWCMc1vlPFqAyB',0.0312,0.394,0.921,0.00000965,7,0.355,-1.823,0,0.0473,166.897,0.532),('2xLMifQCjDGFmkHkpNLD9h','SICKO MODE','41GuZcammIkupMPKH2OJ6I',0.00513,0.834,0.73,0,8,0.124,-3.714,1,0.222,155.008,0.446),('2Xn5DIyAba7Fgyky3gU3rA','Skit #3','5ll74bqtkcXlKE7wwkMq4g',0.599,0.64,0.451,0,7,0.465,-11.983,1,0.956,166.546,0.6),('2XSKbNkH4EeuvoOs8dliBH','I. Flight Of The Navigator','0zi2TaQkYxfXIBvl2yTjQJ',0.0614,0.443,0.686,0.126,6,0.118,-9.744,0,0.0389,79.769,0.149),('2XTkpF9T2PKvcLgamGJGx1','Goodbye Angels','43otFXrY0bgaq5fB3GrZj6',0.104,0.365,0.804,0.0000658,9,0.15,-5.922,0,0.105,171.597,0.577),('2y4lAQpi5VTNLu2ldeTdUH','We Can\'t Stop','3RDqXDc1bAETps54MSSOW0',0.00882,0.613,0.622,0,1,0.37,-5.794,0,0.0334,80.003,0.484),('2Y5ngAobMcspRywfmb77k5','Readymade','7xl50xr9NDkd3i2kBbzsNZ',0.0135,0.524,0.945,0.00332,11,0.108,-2.467,0,0.0797,149.819,0.8),('2YaDRtIlQiZ5WDDB2YuEOC','You & The 6','0ptlfJfwGTy0Yvrk14JK1I',0.166,0.574,0.476,0,3,0.129,-7.444,1,0.282,154.531,0.223),('2YDGAsI8ZY7fFDKga3Boqf','xXXi_wud_nvrstøp_ÜXXx','4CGanXs6KlVuXXdNrf82qE',0.148,0.639,0.737,0.00111,9,0.12,-6.683,1,0.324,154.984,0.182),('2yGoiZes2YcueNA4nGDmdS','Bang Bang','0tN2TkilPoLmqN21UJBC77',0.668,0.572,0.488,0,4,0.11,-10.179,1,0.124,132.142,0.642),('2yk3JFNlLgGGRcgOm1FDc1','Don\'t Care','5FWZm9haAG0NhY6WmdS4oW',0.152,0.756,0.746,0.0113,7,0.0988,-5.156,1,0.0483,84.889,0.961),('2YkQuh1bijWzQJie9KfFQi','Place To Be','7KyvfoQhqlNLPNb98yY0pf',0.872,0.342,0.224,0.163,5,0.109,-16.362,1,0.0357,53.477,0.404),('2YlQCqBj6FJsrQmc8K2CGa','Hands in the Air (feat. Ludacris)','3RDqXDc1bAETps54MSSOW0',0.0318,0.562,0.758,0,0,0.39,-4.012,1,0.0524,137.152,0.321),('2YodwKJnbPyNKe8XXSE9V7','Lithium','2guirTSEqLizK7j9i1MTTZ',0.00174,0.678,0.656,0,7,0.0631,-6.41,1,0.0381,123.207,0.485),('2yOj1pyRC3NcvQyeZ3yAcL','Fool','7mTf6AXzDt1q7Iy4Vig1U5',0.301,0.511,0.436,0.0000712,9,0.255,-10.254,1,0.0409,120.207,0.342),('2YRK0sJcvycajJToUOEP3L','Don\'t You','5udw4f9l9vwuJVkrbRFy3j',0.0827,0.931,0.441,0,11,0.122,-8.406,0,0.166,95.001,0.64),('2yxkvnyno37480Hv1wuAee','Shadow Stabbing','5OCg9OWnL1PY4tW2ON8ssj',0.0455,0.836,0.572,0.00000311,4,0.106,-8.236,1,0.0439,130.78,0.817),('2z3htsNRuhDN923ITatc56','Marvins Room','63WdJvk8G9hxJn8u5rswNh',0.646,0.492,0.26,0.00178,9,0.0705,-17.341,0,0.0921,111.519,0.312),('2Z8WuEywRWYTKe1NybPQEW','Ride','3cQO7jp5S9qLBoIVtbkSM1',0.00835,0.645,0.713,0,6,0.113,-5.355,1,0.0393,74.989,0.566),('2Za1AlJNvksouPPWbXpR2X','Good Old Days (feat. Kesha)','72qA6s4fjF8Y2VX1UDMfp2',0.446,0.712,0.51,0.0000246,8,0.112,-8.162,1,0.0633,122.964,0.268),('2Zb7wnGUnNPCas2E0wWSQ5','Ni**as In Paris','1YwzJz7CrV9fd9Qeb6oo1d',0.127,0.788,0.859,0,1,0.348,-5.542,1,0.315,140.027,0.769),('2ZBr6a8ecFqLJA0lcvFPCc','All The Shine','4q5E2s5u5X5HT4UMJpbMKE',0.0297,0.586,0.576,0.000171,0,0.16,-7.732,0,0.133,79.986,0.307),('2ZDpSQfBdgkooeXw6oj3Uz','100 Degrees','2ZGkTvwtwDoembcBr8SS0d',0.118,0.756,0.648,0,0,0.515,-5.287,1,0.0731,80.979,0.657),('2ZRo7axmMPeSVUvDbGkJah','Hope','2Ti79nwTsont5ZHfdxIzAm',0.661,0.592,0.457,0.000331,9,0.146,-6.081,0,0.0603,146.04,0.225),('2ZVeONznS4VZGaPZsUmWpK','Bragging Rights','2wxO6auSkzsTuSua9PqZop',0.196,0.868,0.318,0.000125,5,0.105,-13.174,0,0.118,125.072,0.205),('308kjPoIVBzDNExO54sqAi','Don\'t Forget Me','6deiaArbeoqp1xPEGdEKp1',0.00399,0.499,0.705,0.00000911,9,0.104,-5.596,0,0.0669,123.909,0.36),('30Chv2SmIry70YwtmtaKnj','Hello','7viNUmZZ8ztn2UB4XB3jIL',0.0774,0.631,0.7,0.0000119,9,0.106,-8.565,0,0.212,159.973,0.329),('30vh2LXU2A9ccd0rgFYHpd','Tearjerker','2rQ135imvelvp89D8eEZOi',0.0986,0.495,0.516,0.0011,2,0.167,-6.134,1,0.0283,78.531,0.126),('30y5xCtLMDruFoAdZXsPD8','BBW','5ilsl5R2lGACTnPZMKIp7o',0.591,0.582,0.733,0.00000101,1,0.168,-5.301,1,0.358,139.084,0.621),('30Zcjs7pgEkmJA1lEbGSWT','FML','7gsWAHLeT0w7es6FofOXk1',0.329,0.527,0.415,0,5,0.195,-7.184,1,0.131,125.357,0.12),('31AOj9sFz2gM0O3hMARRBx','Losing My Religion','6yEuIwTQpciH1qtj7mP5GK',0.179,0.666,0.855,0.0000012,9,0.0987,-5.051,0,0.0295,125.639,0.803),('31EJcKUZGaDCm684ByEx0G','She Looks to Me','7xl50xr9NDkd3i2kBbzsNZ',0.0133,0.577,0.766,0.000037,1,0.158,-3.786,0,0.0267,88.013,0.452),('323BsMMgAWt1XaPeU0bAeS','City With No Children','3DrgM5X3yX1JP1liNLAOHI',0.139,0.505,0.69,0.434,6,0.102,-4.927,1,0.0331,128.171,0.651),('32IaQm944Z3z3OJnAVLbVB','Quotes','5OarmVlBMJibQegaYkqUUX',0.773,0.409,0.419,0.0845,11,0.103,-9.587,1,0.0256,80.082,0.0709),('32lm3769IRfcnrQV11LO4E','Bailando - Spanish Version','2kZkiVn1m00XcgaWlLb2LD',0.0426,0.723,0.777,0.00000368,7,0.0451,-3.503,1,0.108,91.017,0.961),('32oaQIN08rnsdSP8xuW0Vt','Primetime','1YwzJz7CrV9fd9Qeb6oo1d',0.166,0.662,0.923,0.00000964,11,0.31,-4.085,0,0.21,84.99,0.469),('33omqR79fIXhaqdO4kQFAz','Puff Daddy','2wZnO5IbNrXzlQ29RxNuce',0.245,0.876,0.807,0,10,0.125,-4.466,0,0.18,135.754,0.691),('33pDmPx2pkJ7JCAQpRDQ9B','GLOWED UP','1dZZh7PvVgce1DDsDPzy8Z',0.036,0.681,0.621,0.00555,1,0.138,-10.024,1,0.34,135.538,0.428),('33ZXjLCpiINn8eQIDYEPTD','Shook Ones, Pt. II','1cCAb1vN8uUsdfEylVmTLs',0.0146,0.763,0.786,0.0114,10,0.0817,-6.472,0,0.229,93.857,0.504),('34Dk0bzjsXFDluNOgCwBAM','Ashley','5RlT8X7XGGLKUhoimrDl54',0.0936,0.625,0.915,0,4,0.273,-5.214,0,0.15,117.914,0.39),('34KUIBsIUiPV7oCIzSdDAU','Diamonds From Sierra Leone - Remix','5ll74bqtkcXlKE7wwkMq4g',0.258,0.671,0.814,0,7,0.164,-3.768,1,0.27,96.985,0.38),('35fC3Wq3slX4OBfyvBVmHm','Samba Pa Ti','1CHUXwuge9A7L2KiA3vnR6',0.829,0.407,0.358,0.424,9,0.0827,-12.908,0,0.0343,92.292,0.267),('35ieKju5aLWFN5UgfJ27mL','SAD!','06cVDouWVOcPYAW6w7KOWO',0.258,0.74,0.613,0.00372,8,0.123,-4.88,1,0.145,75.023,0.473),('35NjCsajdnNuD3EA2HYplH','Somewhereinamerica','0OTjYdGtP7AbwOwbYsGhyi',0.0474,0.737,0.705,0,2,0.437,-6.284,1,0.2,85.993,0.35),('35XlkvHy9WHPI4Tf9eax4t','Over the Hills and Far Away - 2007 Remaster','4wExFfncaUIqSgoxnqa3Eh',0.0729,0.415,0.688,0.0495,7,0.0832,-10.504,1,0.0636,96.968,0.23),('362CS15hE1upuTKoWApzLn','Brokedown Palace - 2013 Remaster','2UDDZVesmQwA4aYfa55diS',0.325,0.456,0.336,0,5,0.097,-14.26,1,0.0366,115.524,0.316),('36o4taPyOdnOMf01ERmn9a','Low Lights','7gsWAHLeT0w7es6FofOXk1',0.706,0.603,0.593,0,7,0.121,-4.685,1,0.109,101.956,0.523),('371akJ9fYgSkrAFMyWoTdL','No One\'s Gonna Love You (Stockholm Version)','5Dw1GPGxKN6LfNoiFj3LJY',0.953,0.599,0.198,0.000127,1,0.0994,-8.557,1,0.0581,141.987,0.214),('37EmPMVwdBaKs7UhJOkHUU','We Used to Wait','3DrgM5X3yX1JP1liNLAOHI',0.0734,0.573,0.642,0.0232,8,0.105,-7.239,1,0.0279,120.753,0.49),('37jTPJgwCCmIGMPB45jrPV','Holy Grail','0OTjYdGtP7AbwOwbYsGhyi',0.0594,0.675,0.534,0.00000859,2,0.256,-6.901,0,0.0831,145.08,0.156),('37kTASujIfZZ27NV7PfIrf','Hard to Concentrate','7xl50xr9NDkd3i2kBbzsNZ',0.156,0.641,0.502,0.00000435,7,0.311,-7.334,1,0.0251,105.634,0.326),('37kUGdEJJ7NaMl5LFW4EA4','2 + 2 = 5','1oW3v5Har9mvXnGk0x4fHm',0.182,0.443,0.717,0.000051,5,0.345,-5.498,0,0.0504,149.582,0.386),('389QX9Q1eUOEZ19vtzzI9O','While My Guitar Gently Weeps - Remastered 2009','1klALx0u4AavZNEvC4LrTL',0.0205,0.453,0.654,0.00395,4,0.172,-8.855,0,0.0317,115,0.702),('38yBBH2jacvDxrznF7h08J','Slow Hands','3QLB5s0MY7ERTwh4GpNMkf',0.0129,0.734,0.418,0,0,0.0579,-6.678,1,0.0425,85.909,0.868),('38zsOOcu31XbbYj9BIPUF1','Your Song','69P9Ro0W286yLFgYwrGVN0',0.828,0.554,0.315,0.00000553,3,0.101,-11.028,1,0.0298,128.157,0.325),('3903Tbix9PdoculpJLikHf','good kid','6PBZN8cbwkqm1ERj2BGXJ1',0.0623,0.451,0.831,0,5,0.185,-8.641,0,0.307,176.162,0.41),('392ThrZBnYXEBXApnWTVsQ','1AM','4F6GGyqtJoF4EOxDgsKzsB',0.0438,0.65,0.685,0.00000125,4,0.698,-7.627,1,0.208,82.373,0.466),('3977oy5kwFbW4zLR8NmhjN','Koruna & Lime (Feat. A-Trak)','5UWKsRDw3O4BsobmeyRpB9',0.0205,0.443,0.597,0,0,0.319,-8.039,0,0.434,77.024,0.518),('39C5FuZ8C8M0QI8CrMsPkR','Foreplay / Long Time','2QLp07RO6anZHmtcKTEvSC',0.00975,0.436,0.657,0.00748,5,0.0931,-8.868,1,0.0541,118.693,0.21),('39cpcnobaB8FdedVjHjXP2','The Glory','3SZr5Pco2oqKFORCP3WNj9',0.044,0.402,0.639,0,6,0.229,-7.087,1,0.301,83.213,0.625),('39exKIvycQDgs4T6uXdyu0','Harmony Hall','1A3nVEWRJ8yvlPzawHI1pQ',0.475,0.653,0.76,0.000129,11,0.0917,-6.086,1,0.0479,98.008,0.6),('39hnH8WdPmNT3Q3yzwC9Rg','Why You Always Hatin?','4nwd6ernojhNIIRifDJoRz',0.0392,0.926,0.336,0,0,0.138,-9.326,0,0.594,92.995,0.38),('39LEBNE9C20OeUwrUB2Ubw','Thizzle Dance','2jGt3Yn7k3L9JX6Wa5PzXR',0.0158,0.77,0.795,0,2,0.518,-5.26,1,0.378,95.714,0.65),('39NDBdU5Xkm5pCFGa5kZtI','Ladders','5wtE5aLX5r7jOosmPhJhhk',0.236,0.802,0.463,0.00531,8,0.105,-8.379,1,0.162,103.961,0.291),('39nEKLqQrmS3RAbmdSKDmO','Infinity','0zrdvLBc4hrcExbbhjtbmQ',0.0607,0.485,0.601,0,11,0.187,-6.68,1,0.0366,128.057,0.203),('39oeKRgsLeynDIbWuXyA47','CAN\'T GET OVER YOU (feat. Clams Casino)','34GQP3dILpyCN018y2k61L',0.684,0.9,0.316,0.0771,9,0.0853,-8.797,1,0.332,129.914,0.844),('39qcvV4f0uqDMHxIkSb7tE','Rich Girl','1HduTydfaUY3idi2YgT3mb',0.0276,0.855,0.747,0.0000345,7,0.182,-2.713,0,0.0424,98.018,0.76),('39X3vbD8M1ZX0EXaQpA83U','No Option','7MH5ah4TuR5b7ENaloxEtr',0.15,0.768,0.798,0,9,0.325,-5.892,1,0.237,99.077,0.415),('39yhaWCECtvHPtGcNmmTkN','Bad Manners Freestyle','16SMGvTZrwtiJ132g69toP',0.316,0.785,0.695,0,10,0.124,-6.591,0,0.337,95.416,0.566),('3a1lNhkSLSkpJE4MSHpDu9','Congratulations','5s0rmjP8XOPhP6HhqOhuyC',0.215,0.63,0.804,0,6,0.253,-4.183,1,0.0363,123.146,0.492),('3A7qX2QjDlPnazUsRk5y0M','2U (feat. Justin Bieber)','1PZviVfBJJxNw5EtAwzdUu',0.219,0.548,0.65,0,8,0.225,-5.827,0,0.0591,144.937,0.557),('3a8tAZFJxlmBwOtrf5L1oC','6 God','0ptlfJfwGTy0Yvrk14JK1I',0.0248,0.859,0.623,0,2,0.125,-8.596,1,0.106,105.45,0.482),('3A9vIxzGBjEfqmDK7H9exS','Pyramid Song','6V9YnBmFjWmXCBaUVRCVXP',0.786,0.127,0.335,0.427,11,0.111,-8.298,0,0.0329,77.078,0.0686),('3aAoy02NwrmZcqXYYjqNh2','Good Times','0gpNGTVNivS2wB32tzV3OH',0.00388,0.56,0.887,0,7,0.341,-6.314,1,0.0594,130.026,0.198),('3ABG1UQTk0eLYUAeWkmfMi','Shimmy Shimmy Ya','4tI4WJdTN5MzDMRMl2i7VR',0.097,0.814,0.481,0.0000383,0,0.0495,-5.183,1,0.245,96.252,0.193),('3aGibUHhQyBsyumYHylw0K','Backseat Freestyle','3DGQ1iZ9XKUQxAUWjfC34w',0.000739,0.546,0.651,0,1,0.235,-7.601,1,0.3,77.878,0.646),('3AhXZa8sUQht0UEdBJgpGc','Like a Rolling Stone','6YabPKtZAjxwyWbuO9p4ZD',0.729,0.483,0.721,0,0,0.189,-6.836,1,0.032,95.261,0.562),('3aJkV6DUTSCqOwVwaBDG9B','With You','40GMAhriYJRO1rsY4YdrZb',0.136,0.878,0.406,0.000231,1,0.112,-9.961,1,0.249,128.015,0.785),('3AJsTNjbYSH4odSmP1I6ox','Drunk In LA','4qftBBO7pnYlek3mRENIvM',0.26,0.431,0.733,0.866,0,0.184,-6.427,0,0.0257,105.921,0.22),('3aJW8kThBaB8rr8canVEod','Explosive','6VTxfTTsn6eAbwA43VYXGR',0.0281,0.417,0.324,0.00454,2,0.0912,-12.839,1,0.0846,120.124,0.0324),('3AJwUDP919kvQ9QcozQPxg','Yellow','6ZG5lRT77aJ3btmArcykra',0.00239,0.429,0.661,0.00013,11,0.234,-7.227,1,0.0281,173.365,0.285),('3AO00ixxqEBEwpGMb63BQ9','Daphne Blue - Acoustic','01F7Pyok7UR0JbWGK7J24n',0.0137,0.609,0.898,0,9,0.0512,-5.82,1,0.12,112.013,0.577),('3AOVDqNiX73IUQz4Wo7aj7','Boyer','6wi40lIjhukePWyXRKY7qO',0.0439,0.641,0.807,0.0304,0,0.205,-2.545,1,0.056,163.955,0.965),('3arKRnq9OUd7yq6LRwVW8I','Soul to Squeeze','53tvjWbVNZKd3CvpENkzOC',0.0322,0.663,0.546,0.000572,5,0.107,-5.234,1,0.0269,88.171,0.656),('3AYcyxEACnmE6d96RPubID','Thrift Shop (feat. Wanz)','0CoiTAUBiO70lic9p9Lboq',0.0619,0.781,0.526,0,6,0.0457,-6.985,0,0.293,94.992,0.662),('3B0MpvbfesvHC2JpJKxXtN','Intro','2cckMutNyENw9bBl2s5sYT',0.119,0.862,0.514,0.0000372,10,0.344,-7.706,0,0.309,110.071,0.412),('3B54sVLJ402zGa6Xm4YGNe','Unforgettable','4c2p3TdN7NcQfCXyueCNnC',0.0293,0.726,0.769,0.0101,6,0.104,-5.043,1,0.123,97.985,0.733),('3bCySwiiWDst2BX3xbJTYL','Tears To Snow','16SMGvTZrwtiJ132g69toP',0.504,0.694,0.58,0,1,0.268,-8.042,1,0.269,92.973,0.516),('3BEsyXOFtgksOAhrd7G1CN','Lately (Prob. by Mic Kellogg)','7uCNoYBYMJaobQWKt3SySv',0.633,0.552,0.464,0,4,0.111,-7.367,1,0.158,120.819,0.329),('3bidbhpOYeV4knp8AIu8Xn','Can\'t Hold Us - feat. Ray Dalton','76FXHQhTuT4QMIxfL09gX8',0.0291,0.641,0.922,0,2,0.0862,-4.457,1,0.0786,146.078,0.847),('3bNNk3657B2DoKewtTqYj3','Crack Baby','16i5KnBjWgUtwOO7sVMnJB',0.000784,0.234,0.552,0.252,6,0.0758,-11.909,1,0.0404,95.517,0.0562),('3bSEYQRy357vVNBGE32sz1','SUU WHOOP','3u3C0J0FIiZi75ZfXbSijo',0.0263,0.793,0.327,0.0000154,2,0.101,-9.888,1,0.527,158.011,0.215),('3BtuIIrQlkujKPuWF2B85z','Too Good','40GMAhriYJRO1rsY4YdrZb',0.0484,0.793,0.653,0.0000491,7,0.1,-7.839,1,0.103,117.993,0.393),('3bWGaqVeYKMlLss40mPgNn','Hello, I Love You','0qZTwrunzX3LG45PvRghmh',0.029,0.597,0.554,0,11,0.0766,-14.144,0,0.0425,117.835,0.963),('3c1NaLIIBoFof2nrDeUlc1','Such a Rush','3MVb2CWB36x7VwYo5sZmf2',0.0696,0.303,0.236,0.00396,7,0.11,-9.457,0,0.0331,106.844,0.141),('3cCxoOgfi6hgt8MNteuiiD','Fade','7gsWAHLeT0w7es6FofOXk1',0.118,0.752,0.765,0,9,0.31,-5.805,0,0.0908,105.998,0.309),('3cfOd4CMv2snFaKAnMdnvK','All Star','2kyTLcEZe6nc1s6ve0zW9P',0.0395,0.731,0.867,0,11,0.0861,-5.881,1,0.032,104.019,0.776),('3clX2NMmjaAHmBjeTSa9vV','Actin Crazy','7ijgeLAW3W3vZ9jf6tozFq',0.197,0.5,0.622,0,1,0.116,-7.282,1,0.619,165.503,0.252),('3CmHvyZQQAGkKkTjTBFWN6','Have a Cigar','0bCAjiUamIFqKJsekOYuRw',0.407,0.454,0.65,0.0498,4,0.589,-10.191,0,0.0437,120.154,0.72),('3cNinQUA98lto0dGrUfAOI','Deep','4Nlbt2EuXedr6UqaeXEI4c',0.373,0.833,0.503,0,7,0.145,-7.563,1,0.181,119.975,0.358),('3CNqo3gYrfexdrtjFmC9he','Where Is The Love?','4wBDclsxFzGnR4kVAAMI7K',0.11,0.834,0.696,0,5,0.13,-3.224,1,0.197,94.09,0.804),('3cphb8kdsjElYR7r5icK3H','Nice To Meet Ya','3KrYBAbfxlssMirZLs6HzZ',0.0119,0.591,0.841,0,4,0.395,-4.351,0,0.0304,109.034,0.392),('3Cx4yrFaX8CeHwBMReOWXI','We Didn\'t Start the Fire','1Vw2uoVkLAJFVViJ1QyK1D',0.0771,0.712,0.967,0,7,0.356,-5.206,1,0.047,145.024,0.895),('3Cx9j78Z0NE6jYwBWvvV3P','Waiting For My Ruca','0vuwlanMPucXrYMGnOjhYL',0.579,0.924,0.229,0.00578,4,0.116,-9.68,1,0.445,104.273,0.168),('3Czjz2aoEtKVMd2UJRS3T1','Solid','732gud2ZvQiD9nHSi8qMtA',0.155,0.783,0.691,0.0000237,1,0.159,-4.336,1,0.0738,87.053,0.108),('3D4Xdw8Sx1hqfjAe22q6NQ','Youth','2wxO6auSkzsTuSua9PqZop',0.0108,0.563,0.555,0.0000113,4,0.0917,-9.2,0,0.091,122.136,0.334),('3d9DChrdc6BOeFsbrZ3Is0','Under the Bridge','30Perjew8HyGkdSmqguYyg',0.0576,0.559,0.345,0.000105,4,0.141,-13.496,1,0.0459,84.581,0.458),('3DamFFqW32WihKkTVlwTYQ','Fireflies','3vf65wfk1EEjVhy6BjENsS',0.0274,0.513,0.661,0,3,0.118,-6.8,1,0.0439,180.118,0.461),('3DFjTEueCBYqg7YE05eUJP','Swimming Pools (Drank) - Extended Version','6PBZN8cbwkqm1ERj2BGXJ1',0.123,0.716,0.485,0.0000269,1,0.604,-7.745,1,0.404,74.132,0.26),('3dG6tjetoR4GMmUGZUprLt','Wouldn\'t Leave','5EBGCvO6upi3GNknMVe9x9',0.494,0.555,0.433,0,3,0.313,-8.559,1,0.546,164.236,0.352),('3DK6m7It6Pw857FcQftMds','Runaway','20r762YmB5HeofjMCiPMLv',0.218,0.571,0.568,0.0021,1,0.512,-3.827,0,0.0703,86.986,0.109),('3DkHNCA4QRBQgTzF2T18hm','Only In Dreams','1xpGyKyV26uPstk1Elgp9Q',0.00215,0.507,0.535,0.495,1,0.111,-9.051,1,0.0261,78.049,0.403),('3dtBVBClM5ms0qCBBrqpUb','Wasted (feat. Juicy J)','4PWBTB6NYSKQwfo79I3prg',0.0836,0.689,0.61,0,10,0.36,-9.004,0,0.217,134.923,0.119),('3DUlkvCTUGXiwqFuBoircZ','Door','3Y2DBOg3GKXDlsUvh4htsi',0.941,0.361,0.0922,0,1,0.112,-13.796,1,0.0458,113.472,0.39),('3duV3VHdZHnk6F1DzeqjJf','Hand Clapping Song','3phn65gF8UFtnbVtZ6JXBM',0.435,0.741,0.627,0.691,9,0.0794,-10.874,1,0.0833,89.338,0.615),('3dYi32XQ9mVplNKDcWp59K','Smile','2OBSz5Nlto0Q5CtYPzPY7c',0.00339,0.38,0.835,0.00000941,1,0.0944,-4.715,0,0.0404,78.379,0.486),('3e0yTP5trHBBVvV32jwXqF','Anna Sun','1QhonXpNQq8wrGEKX0ofbk',0.00173,0.472,0.844,0,10,0.24,-6.578,1,0.054,140.034,0.34),('3ebRmYrOYceH3NNowFoZVn','II. No Exit','0zi2TaQkYxfXIBvl2yTjQJ',0.701,0.699,0.572,0.00274,10,0.188,-8.417,0,0.383,92.191,0.164),('3ee8Jmje8o58CHK66QrVC2','SAD!','2Ti79nwTsont5ZHfdxIzAm',0.258,0.74,0.613,0.00372,8,0.123,-4.88,1,0.145,75.023,0.473),('3EMBRAE27agDta0zxgH8p4','DD Form 214','51WLEfPEEkzAWurvuY6Gco',0.15,0.587,0.543,0.0000939,1,0.379,-9.641,1,0.536,116.609,0.488),('3eR23VReFzcdmS7TYCrhCe','It Ain\'t Me (with Selena Gomez)','0IUCAsckpNyV4wHKIHQawC',0.119,0.64,0.533,0,0,0.0864,-6.596,1,0.0706,99.968,0.515),('3ezrlEKaPwdLT3Z4vQMRYm','King Cupid','6VTxfTTsn6eAbwA43VYXGR',0.059,0.69,0.56,0,8,0.0996,-7.334,1,0.241,119.428,0.0611),('3f9Mzvd3URfbbIJBX4pz9Z','Phone Numbers','6RhSCF1Z3g95Q1rZWqpUdT',0.239,0.884,0.539,0,1,0.0805,-6.389,0,0.208,85.008,0.776),('3Fb962k5BJZy1cmCLuKZJq','Dreams of a Samurai','43otFXrY0bgaq5fB3GrZj6',0.0122,0.387,0.674,0.0129,0,0.102,-6.623,1,0.0597,139.751,0.277),('3fdrpTQLt9fujuTvWR7hh0','What\'s My Purpose','16SMGvTZrwtiJ132g69toP',0.348,0.53,0.838,0,10,0.0721,-6.905,0,0.351,77.755,0.572),('3FFcZZq3Z3EJrhUecwcMdG','She Will','1uuSC0RCJB3dSp8Mb6GflZ',0.000402,0.364,0.841,0,8,0.242,-4.831,1,0.119,100.14,0.0837),('3fKOMqJToZH96WgR8zzN7h','Bae Caught Me Vapin\'','3r6Wf42AKb0u1efIcWIaji',0.692,0.785,0.478,0.00122,5,0.0626,-9.731,0,0.0456,140.009,0.633),('3fkPMWQ6cBNBLuFcPyMS8s','Burnin\' for You','7v4kEpVtppoMm80m43lGzt',0.106,0.532,0.728,0.0108,9,0.0849,-9.079,0,0.0352,134.303,0.69),('3fNH4etsltJRU7NsgU9RVe','I Know','4VqdntbxmB7r1At6sPKRnb',0.116,0.848,0.539,0.0142,5,0.0556,-7.945,0,0.0679,106.014,0.59),('3FtYbEfBqAlGO46NUDQSAt','Electric Feel','6mm1Skz3JE6AXneya9Nyiv',0.0714,0.763,0.807,0.28,1,0.348,-3.714,1,0.035,103.038,0.559),('3FWR4iiUUPHIK7OpiEgh8J','Lost Ones','4skqOUXyBUnzxVPNPxrGWV',0.103,0.727,0.781,0,5,0.0537,-8.614,1,0.29,81.076,0.682),('3fyMH1t6UPeR5croea9PrR','Best I Ever Had','61NNWRxokNUQx0aYysBL76',0.219,0.427,0.861,0,1,0.277,-4.874,1,0.376,161.776,0.581),('3g2gQMeeQAEPztiQKMlGSl','El Scorcho','3jWhmYMAWw5NvHTTeiQtfl',0.0471,0.479,0.707,0,1,0.0932,-4.968,1,0.0659,148.092,0.661),('3GCb1V1yb8Jg4zqB8MqaC8','Yellow (feat. Bekon)','3NEd4iDC7VeLtwQC6p9NJn',0.217,0.447,0.53,0.0000425,0,0.351,-5.028,1,0.028,75.917,0.0621),('3Gkl2fJztF2B3fnUheejAA','Haiti','6ZB8qaR9JNuS0Q0bG1nbcH',0.265,0.462,0.809,0.128,2,0.638,-7.309,1,0.038,99.902,0.458),('3gl1RenSXn1biKijZ1qvky','Ronald Reagan Era','13WjgUEEAQp0d9JqojlWp1',0.0152,0.424,0.828,0,1,0.389,-4.991,0,0.335,167.469,0.3),('3gsCAGsWr6pUm1Vy7CPPob','Killing Me Softly with His Song','4GxrvKiysSiDU1HHifh1PA',0.727,0.477,0.381,0,5,0.0615,-10.237,0,0.0342,121.568,0.329),('3gvyksxkLbyKwi0WjCiPXE','She\'s Only 18','7xl50xr9NDkd3i2kBbzsNZ',0.0633,0.567,0.711,0.00000168,2,0.334,-3.744,0,0.0788,141.058,0.507),('3GZD6HmiNUhxXYf8Gch723','Lost','392p3shh2jkxUxY2VHvlH8',0.0272,0.913,0.603,0.000503,8,0.167,-4.892,1,0.226,123.061,0.497),('3H1SZkodVAFy9jNTHWnSDt','1937 State Park','0czBomMxaMCzanUaFhESOW',0.00378,0.551,0.646,0.00000278,8,0.104,-5.746,1,0.0346,110.963,0.552),('3hBBKuWJfxlIlnd9QFoC8k','What Lovers Do (feat. SZA)','1Jmq5HEJeA9kNi2SgQul4U',0.0786,0.795,0.615,0.00000298,5,0.0855,-5.211,0,0.0671,110.009,0.393),('3HgA5R5alihocnOYE9ihpS','Hard Piano','07bIdDDe3I3hhWpxU6tuBp',0.0347,0.582,0.778,0,4,0.21,-3.776,0,0.178,82.193,0.205),('3his1UkcI0rwrniPDR9kTj','Aubrey','38mhQ9p2BiHpz60gthzEVy',0.647,0.326,0.0902,0.00091,7,0.198,-20.588,1,0.0344,137.611,0.218),('3hJLKtTpgct9Y9wKww0BiR','Miss You - Remastered','1Jv2AqzhgsduUik2p4k3cS',0.443,0.795,0.71,0.0215,9,0.344,-4.746,0,0.0392,109.689,0.845),('3HooZZPp0evFShqaJ2Pwer','Heartbeat','4q5E2s5u5X5HT4UMJpbMKE',0.00545,0.8,0.569,0.000319,1,0.0542,-6.843,0,0.119,119.954,0.325),('3HVr6jTVwBHBa2flM0eURR','Glorious (feat. Skylar Grey)','10iHTF2aisP5CLUPH4jqVf',0.0323,0.731,0.794,0.0000259,0,0.112,-5.126,0,0.0522,139.994,0.356),('3i85UIF4nR7qZXTnEwqdPr','Changes','4TiJdmV0Oh7GauOdmfrXNe',0.00584,0.41,0.449,0.00133,0,0.067,-8.14,1,0.0346,148.119,0.307),('3I8MbKRkS2IBDuslhCS3iT','Excuse Me','3arNdjotCvtiiLFfjKngMc',0.33,0.653,0.71,0,8,0.143,-8.444,1,0.0554,122.044,0.409),('3i8N6pqmAAPPxW7RMgT400','Thursday Girl','16i5KnBjWgUtwOO7sVMnJB',0.225,0.398,0.4,0.00128,1,0.107,-13.011,1,0.0361,135.87,0.0512),('3i9qrj8xXtDRK2uf2gut9F','Issues (feat. Big K.R.I.T)','2wxO6auSkzsTuSua9PqZop',0.0973,0.688,0.781,0.00188,1,0.109,-5.735,0,0.0412,150.008,0.367),('3If9Idk1rglOqubIsJcpmv','In The Garage','1xpGyKyV26uPstk1Elgp9Q',0.000119,0.531,0.729,0.00013,6,0.107,-6.994,1,0.0283,97.47,0.362),('3IrcvqIf3ZiBhf3xdsctRX','Guillotine','2qEqDJ20yMk7cY2PkYYgRH',0.0678,0.561,0.64,0.000387,11,0.148,-5.042,0,0.287,78.464,0.196),('3iVcZ5G6tvkXZkZKlMpIUs','Alright','7ycBtnsMtyVbbwTfJwRjSP',0.0742,0.796,0.766,0,7,0.0827,-5.974,1,0.238,110.034,0.558),('3IvVQ1qmekCQ4LRwGCyIJA','PMW (All I Really Need) (feat. ScHoolboy Q)','1E1eyI5uGllppJZCxNoF9w',0.000367,0.697,0.752,0,1,0.32,-4.552,1,0.0526,130.022,0.269),('3iXNy7VaY9OqJFBwzhmbOh','This Ticonderoga','43otFXrY0bgaq5fB3GrZj6',0.016,0.238,0.949,0,8,0.0864,-4.575,1,0.247,87.843,0.405),('3Jc6X15OZCCyhGSHBF4hwB','House Of Cards','7eyQXxuf2nGj9d2367Gi5f',0.278,0.71,0.496,0.581,5,0.101,-9.638,1,0.0297,111.662,0.637),('3jg8bevUzKYONDLBBQquif','Never Catch Me','4PWBTB6NYSKQwfo79I3prg',0.0114,0.527,0.521,0.0232,10,0.167,-8.341,0,0.033,99.438,0.127),('3jgrNd3uPU1c2PFBKYsV9d','Alewife','4kkVGtCqE2NiAKosri9Rnd',0.932,0.433,0.329,0.0474,3,0.1,-13.288,1,0.0343,102.971,0.264),('3jKJnHixssQxdCShjpirKQ','Little Prince (feat. NIKI)','4Y2V5TihhuWyKGnUzLQEpH',0.166,0.909,0.414,0.0000249,0,0.109,-7.337,1,0.0514,139.963,0.761),('3JLrri1xSCui3bzITDJbkk','The Rain Song - 2012 Remaster','0GqpoHJREPp0iuXK3HzrHk',0.317,0.336,0.318,0.0716,0,0.111,-11.412,1,0.0263,79.66,0.24),('3JMAdPq5TUOKBGsTATjLEH','American Dream','5IenxFp0vpnXBUxPcwJtbE',0.114,0.554,0.767,0,0,0.231,-5.043,1,0.0497,122.846,0.497),('3JOVTQ5h8HGFnDdp4VT3MP','Mad World (Feat. Michael Andrews)','1OydCrx4m7fguwcX4stR9z',0.976,0.345,0.0581,0.000366,3,0.103,-17.217,1,0.0374,174.117,0.304),('3JpdV2yT3txeXNWUg6QZnF','Phantom','1sukoCUMmjnTjt7dwkyzdx',0.00287,0.58,0.795,0.000202,4,0.134,-5.123,0,0.036,126.013,0.27),('3keUgTGEoZJt0QkzTB6kHg','Truffle Butter','0cg0JTyl731GnvVS1MyYjj',0.0743,0.887,0.673,0.0000406,10,0.124,-6.846,0,0.0503,105.113,0.491),('3KfbEIOC7YIv90FIfNSZpo','In My Life - Remastered 2009','50o7kf2wLwVmOTVYJOTplm',0.449,0.688,0.435,0,9,0.113,-11.359,1,0.0323,103.239,0.435),('3kGt9uxpJzKTxwp2uJHrU5','Same In The End','14eK347GdWO4mBBx78tsut',0.00253,0.638,0.864,0,2,0.178,-4.255,0,0.0358,102.289,0.811),('3KkXRkHbMCARz0aVfEt68P','Sunflower - Spider-Man: Into the Spider-Verse','35s58BRTGAEWztPo9WqCIs',0.556,0.76,0.479,0,2,0.0703,-5.574,1,0.0466,89.911,0.913),('3kusLGvgYkZldKfoDoJklR','Crown of Love','6ZB8qaR9JNuS0Q0bG1nbcH',0.062,0.321,0.647,0.0000472,3,0.288,-6.514,1,0.0274,104.345,0.287),('3KVOzfmWJeRr7aEdBqrxeG','Swear To Gawd','1HMw6LQLUfP2wxseAtdnfz',0.0502,0.455,0.81,0,8,0.091,-5.904,1,0.372,174.01,0.242),('3kw3rqgqtF4F7xVmHqTsGj','Half Light II (No Celebration)','3DrgM5X3yX1JP1liNLAOHI',0.00689,0.406,0.973,0.781,4,0.393,-4.963,1,0.135,113.262,0.385),('3L2Nyi3T7XabH8EEZFLDdX','Wet Sand','7xl50xr9NDkd3i2kBbzsNZ',0.0313,0.313,0.753,0.00000225,4,0.142,-3.921,0,0.0285,176.748,0.514),('3L6S3Px2rdU0HprDo2Famq','Poke','5GBcqixIFDPEom7AUNbFiM',0.0176,0.46,0.768,0,9,0.0661,-5.827,0,0.193,150.061,0.6),('3L9emV9fBA3kVkMtw6uNJY','Dreams of Gold','5r3lJY6s6s0MLYxojPulsm',0.0836,0.68,0.498,0.00598,3,0.297,-7.963,0,0.0595,134.114,0.494),('3LbrJ3y1XipPlAUGMJLHf2','Scout Finch Bitch','2ovdaakMPUs9aUcOXkOyIv',0.447,0.384,0.765,0.00000205,11,0.323,-5.173,0,0.421,167.489,0.479),('3LhtqibvTtjOUrzKs7Vsz1','Identikit','6vuykQgDLUCiZ7YggIpLM9',0.0635,0.692,0.458,0.516,11,0.136,-9.461,0,0.0403,150.695,0.35),('3LKgZUoFX1c4uT1CPDoOhz','Bitter Fuck','3dtSst4EXjGeZVQ5Sco315',0.426,0.804,0.338,0.00503,0,0.117,-9.397,1,0.0415,119.987,0.0723),('3LlAyCYU26dvFZBDUIMb7a','Demons','6htgf3qv7vGcsdxLCDxKp8',0.19,0.505,0.71,0.00025,3,0.329,-3.015,1,0.0321,89.938,0.428),('3lowcuAcg6INX4Rs32KzjJ','Hop is Back','16SMGvTZrwtiJ132g69toP',0.107,0.578,0.864,0,5,0.481,-6.153,0,0.383,175.775,0.649),('3ls9lmPJ7xROR2VL5Kv1Gz','Crumble','6wi40lIjhukePWyXRKY7qO',0.808,0.572,0.553,0.0671,5,0.336,-9.249,1,0.0501,103.952,0.333),('3lSR267IJfT54p0Gfuw7mi','Right Hand','6qIBaopvx9STCAa7ud8PRZ',0.117,0.915,0.301,0,2,0.089,-7.657,1,0.237,100.519,0.351),('3LuLUNgRmmgcr14dTIWH2S','Trampoline','0dAMC0nNikIjhD8LeRZfhH',0.0525,0.856,0.863,0,10,0.384,-4.318,0,0.057,124.998,0.673),('3MDmJDJlReM4fTYvgcQvy2','Say It Ain\'t So - Remix','33CmI2lR8PnQwz6133Mc7l',0.00688,0.656,0.562,0.0000018,8,0.0904,-6.104,1,0.0364,75.843,0.4),('3MhOHLfjD0cGoKwgmyo4eb','Indian Summer','3WPhii5HmncMeCKLHZUePr',0.0756,0.553,0.767,0.000876,7,0.365,-7.225,1,0.0295,120.022,0.69),('3MnbXlC1N7GdS9M8HzA6no','Facts (Charlie Heat Version)','7gsWAHLeT0w7es6FofOXk1',0.0518,0.777,0.662,0,1,0.168,-3.761,0,0.143,142.059,0.4),('3mnPJGncE0FBsilRLvgII4','Gagging Order','6Eo5EkmdLvZrONzi046iC2',0.847,0.307,0.267,0.282,10,0.114,-13.797,1,0.0291,160.324,0.169),('3MNTXYdBLLeBJjbihvTjOJ','The General Specific','4a1jgSYZGMTR6Yp6IiSkbO',0.204,0.752,0.695,0.00484,5,0.146,-5.776,1,0.0279,118.144,0.599),('3mNyhvYD3aYqIAFdJ75y9q','I Be On','4VqdntbxmB7r1At6sPKRnb',0.0323,0.772,0.527,0.00000172,0,0.237,-8.417,1,0.0628,103.997,0.285),('3MODES4TNtygekLl146Dxd','Ramble On - 1990 Remaster','70lQYZtypdCALtFVlQAcvx',0.072,0.468,0.607,0.000852,9,0.225,-11.367,1,0.0336,98.429,0.886),('3mpO4PEpEMrkqhcluWSvh6','666','3u3C0J0FIiZi75ZfXbSijo',0.0106,0.866,0.685,0,2,0.0894,-7.521,1,0.284,82.511,0.513),('3n69hLUdIsSa1WlRmjMZlW','Breezeblocks','6k3vC8nep1BfqAIJ81L6OL',0.096,0.616,0.656,0.000879,5,0.205,-7.298,1,0.0344,150.071,0.286),('3nAq2hCr1oWsIU54tS98pL','Waves','7gsWAHLeT0w7es6FofOXk1',0.0528,0.557,0.586,0.00000733,10,0.339,-4.57,1,0.0382,96.091,0.0681),('3nFqKT33VyVxsGHZRLpHgc','Feels Like Sunday','6VTxfTTsn6eAbwA43VYXGR',0.0735,0.774,0.661,0,1,0.12,-9.053,1,0.285,83.025,0.528),('3NLrRZoMF0Lx6zTlYqeIo4','Here Without You','72olNArm75vOycSziqIX9Y',0.0537,0.536,0.55,0,10,0.134,-6.733,0,0.0248,144.018,0.234),('3o0MadTm5eFtCZ0hvxV2Md','Win Some, Lose Some','4Nlbt2EuXedr6UqaeXEI4c',0.238,0.575,0.811,0,1,0.292,-5.978,1,0.498,85.071,0.343),('3O3PHBElCzieb0DFaYl1EC','Deep Into The Wild','5oAHybAukCBg6BRvdyBCPC',0.0936,0.49,0.93,0,11,0.356,-4.433,1,0.0587,143.092,0.531),('3ODXRUPL44f04cCacwiCLC','i','7ycBtnsMtyVbbwTfJwRjSP',0.708,0.541,0.809,0,8,0.72,-4.286,1,0.324,120.094,0.753),('3OGuiEDR8XXjaWqbOaVqUA','Once Upon a Time','5AhiDbA3DcMCjpFMFhLHZq',0.05,0.903,0.612,0.000123,7,0.0736,-7.789,1,0.319,100.013,0.672),('3oiHKYb11NDsLlHJZXYa53','Do It To Ya','4F6GGyqtJoF4EOxDgsKzsB',0.0669,0.821,0.507,0,10,0.486,-9.732,0,0.229,97.013,0.635),('3OOFEF20WqtsUPcRbPY3L7','Short Skirt / Long Jacket','5OCg9OWnL1PY4tW2ON8ssj',0.0028,0.778,0.899,0.0345,2,0.0263,-6.552,1,0.0451,119.995,0.881),('3oP2vxUR2bjFCrU9YolGnM','I Could Die for You','6deiaArbeoqp1xPEGdEKp1',0.0985,0.377,0.734,0,9,0.0942,-3.645,1,0.0334,169.988,0.393),('3OsUjkcv1C1v5udFhgRSFg','Airbag','7dxKtc08dYeRVHt3p9CZJn',0.00792,0.306,0.872,0.8,2,0.261,-7.313,1,0.05,167.946,0.648),('3oy9CClx1zCGnhzse9AvDu','If Tomorrow\'s Not Here','42fyKPanos0Q3woi848ktg',0.203,0.659,0.797,0,4,0.329,-5.659,0,0.121,106.013,0.727),('3PBC860LAeS4utDAqlqIe2','F*ckwithmeyouknowigotit','0OTjYdGtP7AbwOwbYsGhyi',0.0171,0.611,0.464,0.214,10,0.0794,-8.068,0,0.294,127.764,0.274),('3pcCifdPTc2BbqmWpEhtUd','Burn the Witch','6vuykQgDLUCiZ7YggIpLM9',0.303,0.541,0.847,0.271,11,0.109,-6.52,1,0.0297,148.937,0.62),('3pJJmtKV0ULcMJkx8xmYgP','Revvin\' My Cj7','6dzxWdAnluek7QJ3EEj21O',0.934,0.759,0.468,0.102,10,0.115,-7.969,1,0.0464,119.872,0.347),('3ptQ2qKjiGOIW1USCFXVtT','Own It','2gXTTQ713nCELgPOS0qWyt',0.0487,0.654,0.342,0.0000337,8,0.313,-11.305,0,0.101,103.064,0.294),('3PXTIwwI5dmlgrY0iYQq4J','Brand New City','3Y2DBOg3GKXDlsUvh4htsi',0.049,0.482,0.831,0,5,0.0824,-5.956,0,0.0583,148.121,0.659),('3PYNwzHABIkJxA6hPcf9bT','Butterfly','3jWhmYMAWw5NvHTTeiQtfl',0.751,0.62,0.192,0,6,0.122,-16.13,1,0.0311,63.435,0.465),('3Q9b9Gt7ouG04Pw6iA3rGi','Maybe I\'m Amazed - Live / Remastered','2GVLsiEMDZhxOMATIPBK4d',0.677,0.392,0.64,0.185,7,0.7,-9.748,1,0.0547,132.706,0.28),('3qbqWUDl9j09PeBaQ6CZgr','Introvert (feat. Joji)','4Y2V5TihhuWyKGnUzLQEpH',0.14,0.836,0.686,0.00231,1,0.0681,-4.673,1,0.0413,110.029,0.632),('3qd6wKpFQf4JljGU7y18CJ','Burning Bridges','2bbhW5ifCwOYM8DMkqoYBF',0.051,0.579,0.739,0,1,0.083,-5.266,1,0.0258,97.976,0.235),('3QicmLtjeMFqn1n4aoKYTV','Play No Games','4Nlbt2EuXedr6UqaeXEI4c',0.0846,0.755,0.7,0,1,0.452,-3.586,1,0.0455,81.515,0.383),('3Qig3auHwFlgO00p5QM6oJ','Lost Boy','4IFpj2jyRcugt1yzH82m3E',0.0127,0.364,0.692,0.331,4,0.179,-6.498,0,0.0519,89.992,0.144),('3qiyyUfYe7CRYLucrPmulD','Baba O\'Riley','5MqyhhHbT13zsloD3uHhlQ',0.313,0.489,0.724,0.185,5,0.287,-8.367,1,0.0352,117.292,0.15),('3qnoOm4fwZPBS116f5hpgF','All Mine','5EBGCvO6upi3GNknMVe9x9',0.125,0.925,0.308,0,11,0.0933,-6.562,0,0.338,122.099,0.265),('3QpkbrYXtlU3LRJu3sTK6V','Joy','3sXJapthAz9vvXDKIwEprp',0.222,0.559,0.915,0,9,0.113,-4.811,1,0.132,117.914,0.361),('3Qu5bTS5AvgS0TpeGhQyfc','The Language','2gXTTQ713nCELgPOS0qWyt',0.0125,0.831,0.651,0,1,0.0809,-8.363,1,0.437,120.064,0.502),('3QWgLzCrAVkmw5eoHPN5uB','Too Dumb to Die','5a3LqvNt2nv1B4aRKXmgOV',0.000276,0.412,0.965,0.00000225,9,0.408,-4.206,1,0.0654,167.049,0.612),('3rCNmRonlHN1TXQLcG3dSk','Hell Of A Life','20r762YmB5HeofjMCiPMLv',0.00142,0.449,0.813,0.000172,8,0.106,-5.478,1,0.129,177.962,0.452),('3RjZPlsPExqGxYEsBRi1oY','Does This Ski Mask Make Me Look Fat?','5l22GOJfCF2LupDW1FftWP',0.329,0.694,0.824,0.0559,10,0.136,-4.477,0,0.459,183.985,0.117),('3RKblQNJs8HPvWBgXmq6nn','Send It Up','7D2NdGvBHIavgLhmcwhluK',0.292,0.624,0.544,0.0000741,9,0.282,-5.193,1,0.34,93.585,0.363),('3RPK9VQuTsiTySY48ldeqx','Tammy\'s Song (Her Evils)','13WjgUEEAQp0d9JqojlWp1',0.924,0.477,0.835,0.000508,9,0.129,-5.942,0,0.438,97.317,0.52),('3rUHyuFsFizq8gIQO0z2jH','Spanish Fly - 2015 Remaster','3w93PGkmXAmEAdJVvmPbzI',0.863,0.439,0.238,0.869,2,0.111,-14.95,0,0.0703,160.963,0.799),('3s3ZBjw8kKX5HXymkRIDVy','Chapter Six','13WjgUEEAQp0d9JqojlWp1',0.533,0.51,0.537,0,4,0.185,-11.297,0,0.0823,67.9,0.67),('3S4px9f4lceWdKf0gWciFu','Cheap Thrills','2eV6DIPDnGl1idcjww6xyX',0.0472,0.628,0.698,0.00143,6,0.0907,-5.608,0,0.105,89.976,0.732),('3s4U7OHV7gnj42VV72eSZ6','Rather Be (feat. Jess Glynne)','4UB0J5V3JsZZtNR360pZ6r',0.162,0.799,0.586,0.00000203,11,0.193,-6.735,1,0.0377,120.97,0.549),('3SC5QsCtQ8xhuzbSxnsr3H','Month of May','3DrgM5X3yX1JP1liNLAOHI',0.0361,0.465,0.994,0.022,1,0.386,-5.499,0,0.102,167.99,0.513),('3sEhtlX7nOLACzIfW79Sg2','The Who','0GFgT9k9VRzDwXHEZkaBeq',0.64,0.755,0.578,0.0315,1,0.101,-8.401,1,0.0486,119.04,0.145),('3SkKLZFgKIY0DKX5Vro5jV','Jungle','4r2ptyNGtHhPSMvjUusNPY',0.269,0.59,0.697,0.0000986,1,0.0881,-5.877,0,0.0291,146.059,0.497),('3SktMqZmo3M9zbB7oKMIF7','Gravity','1Xsprdt1q9rOzTic7b9zYM',0.731,0.764,0.326,0.0013,7,0.24,-9.883,1,0.0342,123.98,0.237),('3sNVsP50132BTNlImLx70i','Bound 2','7D2NdGvBHIavgLhmcwhluK',0.145,0.365,0.666,0,1,0.113,-2.821,1,0.0471,149.445,0.311),('3SoDB59Y7dSZLSDBiNJ6o2','Charlie','7xl50xr9NDkd3i2kBbzsNZ',0.0198,0.6,0.912,0.0000652,7,0.0883,-3.449,0,0.0724,110.339,0.506),('3sPM57pMiIJnrB8K0Pds9G','All Your Fault','4Nlbt2EuXedr6UqaeXEI4c',0.308,0.813,0.737,0,5,0.275,-4.395,0,0.22,100.041,0.545),('3srfWiHhuZTQGXdApM5JlV','First Time','28g8Haxyv8PGioYlatJKQZ',0.000112,0.402,0.535,0.602,2,0.112,-14.367,1,0.043,150.543,0.863),('3ssX20QT5c3nA9wk78V1LQ','Ambitionz Az A Ridah','4CzT5ueFBRpbILw34HQYxi',0.00253,0.801,0.908,0.000655,2,0.0698,-6.554,1,0.221,87.279,0.805),('3SUusuA9jH1v6PVwtYMbdv','Last Nite','2k8KgmDp9oHrmu0MIj4XDE',0.0223,0.624,0.899,0.000155,0,0.0975,-5.71,1,0.0295,104.055,0.797),('3SVAN3BRByDmHOhKyIDxfC','Karma Police','7dxKtc08dYeRVHt3p9CZJn',0.0626,0.36,0.505,0.0000922,7,0.172,-9.129,1,0.026,74.807,0.317),('3tAWCEZwiDUCsPm4SAypyz','Thug Tears - A COLORS SHOW','0AwrWNil4QkatzMeONb6z4',0.13,0.899,0.541,0,10,0.346,-10.279,0,0.446,138.962,0.567),('3Ti0GdlrotgwsAVBBugv0I','Can I Kick It?','3kV0i1qqudjf0PGawJ4jck',0.173,0.848,0.666,0.000699,0,0.129,-6.547,1,0.274,96.662,0.744),('3Tiv2bF1OLCXXnuXaDKaG3','HOLD YOU DOWN','5YF8ms264wRnswVK1YMYmu',0.0491,0.577,0.627,0.00000124,1,0.0766,-5.553,0,0.0533,78.96,0.446),('3tlXDvaNrrOmdvG0XVUOcv','Polly','2guirTSEqLizK7j9i1MTTZ',0.884,0.83,0.382,0.301,2,0.11,-11.231,0,0.0566,121.12,0.54),('3TO7bbrUKrOSPGRTB5MeCz','Time','4LH4d3cOWNNsVw41Gqt2kv',0.521,0.358,0.48,0.00428,9,0.178,-11.79,1,0.0849,120.317,0.356),('3twmBbZV0Oss0cjZoHsZa1','The Suburbs (continued)','3DrgM5X3yX1JP1liNLAOHI',0.886,0.286,0.0721,0.495,6,0.238,-22.331,0,0.0389,108.724,0.0555),('3u0kNxqOOC8SdoODpkmoZO','The Loser','3ecRdDscGaPIeYhj3l3IDV',0.468,0.608,0.295,0.278,1,0.324,-10.744,1,0.194,120.584,0.147),('3U9yv46nVSn3PkLsVcNIcA','Who Gon Stop Me','1YwzJz7CrV9fd9Qeb6oo1d',0.0408,0.594,0.73,0.000164,0,0.715,-4.638,0,0.159,133.88,0.378),('3UcE5MoL8bMMG9QBHH1sBg','Love Again','1HMw6LQLUfP2wxseAtdnfz',0.32,0.56,0.717,0,2,0.149,-6.092,0,0.268,144.071,0.78),('3UChNf9rb9hJZvOcU9HCTb','Liquid Smooth','3Y2DBOg3GKXDlsUvh4htsi',0.837,0.356,0.342,0,7,0.136,-9.469,0,0.0383,113.52,0.116),('3umkzHosXJRxujeCjIhRmU','Brooklyn In The Summer','2ooG2GlHnems6JwwM87eLW',0.0914,0.656,0.514,0,5,0.058,-5.27,1,0.0672,120.073,0.818),('3uS7pHvPRtJlyukzNZGpcO','I Bet on Losing Dogs','16i5KnBjWgUtwOO7sVMnJB',0.0033,0.399,0.496,0.00015,9,0.106,-9.561,1,0.0303,82.062,0.386),('3uxhyRdWVXp7GQvERQl6fA','Videotape','7eyQXxuf2nGj9d2367Gi5f',0.697,0.581,0.384,0.813,9,0.0889,-11.195,1,0.0336,77.412,0.0466),('3uYDO9dPLTVrgfwg7EYXSf','Lift Yourself','2hTxwsnzU7h15XcAUWSME8',0.0108,0.877,0.435,0.00000188,0,0.115,-8.131,1,0.136,98.008,0.589),('3UYEIe5Tua73ouOCh852Ce','I\'m A Thug Pt. 2','4VqdntbxmB7r1At6sPKRnb',0.0539,0.634,0.553,0,1,0.65,-7.539,1,0.377,201.911,0.641),('3V000a1khz7RgRUv9niBrt','Down Bitch','4VqdntbxmB7r1At6sPKRnb',0.000194,0.92,0.778,0,1,0.0738,-7.551,0,0.0688,103.014,0.155),('3V9cM3nCH2G66afoDi0snu','BOOM','5YF8ms264wRnswVK1YMYmu',0.00805,0.732,0.594,0.0301,11,0.0802,-5.911,0,0.0693,107.996,0.676),('3VdFW8GKw88ILB1Ezf1tqE','My Perception','4nwd6ernojhNIIRifDJoRz',0.261,0,0.136,0,6,0.263,-17.419,1,0,0,0),('3VEFybccRTeWSZRkJxDuNR','Peaches','5xxeAo8AVneH1OKO5vR604',0.0146,0.417,0.849,0.000387,1,0.0673,-4.199,0,0.0481,94.267,0.594),('3VeW0pO2pae144rAX2oXPP','Oceans','0OTjYdGtP7AbwOwbYsGhyi',0.219,0.365,0.943,0,11,0.39,-5.274,0,0.474,177.919,0.456),('3VrU7rzxxUZQtdKIIDKf5g','Open Road','5FWZm9haAG0NhY6WmdS4oW',0.405,0.455,0.413,0.00172,7,0.589,-6.915,1,0.115,187.932,0.268),('3VygfAvvgVaJUeaBUSzlZu','Karma','02tIakRsIFGW8sO4pBtJgj',0.0557,0.528,0.727,0,6,0.176,-5.739,1,0.179,155.927,0.212),('3VZmChrnVW8JK6ano4gSED','Sexual Healing','3gPlX9Zs3tXZZKNCyoOkSm',0.119,0.805,0.601,0.000129,0,0.0581,-9.7,0,0.0579,94.382,0.746),('3wnlfgRMOsQMLoJGyHDEHz','745 sticky','4CGanXs6KlVuXXdNrf82qE',0.128,0.608,0.708,0.0000865,6,0.821,-5.682,1,0.244,75.048,0.798),('3WTfYNzWm899ocajxIGPTw','Need It','5CHtbHytqjRfyRzrmyZgWU',0.82,0.608,0.219,0.0204,9,0.108,-11.954,0,0.0254,99.982,0.13),('3wYOGJYD31sLRmBgCvWxa4','I Found You','377h4vWvsEO8dcErH6z0DQ',0.0714,0.646,0.761,0,1,0.222,-2.557,1,0.0385,129.916,0.472),('3X8feysVQ8Saawbv4uqqMC','Unbreak My Heart','3ZVWwCtmRDJv4GG0vWIwca',0.17,0.464,0.716,0.0000162,10,0.0998,-5.124,0,0.0314,131.91,0.301),('3xaugmCyXrVkrDTXbFkMW3','Sanctuary','1cjgTku8zcYVHRi8QQH1XI',0.422,0.552,0.65,0.000275,1,0.372,-7.199,1,0.128,167.788,0.316),('3xBGFVU2b2PV556Q3ebsQH','Didn\'t I','6fqDwkVt4E4Kbg4CHMHs45',0.89,0.377,0.387,0.427,5,0.108,-11.688,1,0.029,149.126,0.644),('3xby7fOyqmeON8jsnom0AT','Nightcrawler (feat. Swae Lee & Chief Keef)','4PWBTB6NYSKQwfo79I3prg',0.00134,0.522,0.728,0,3,0.132,-3.801,0,0.0323,124.045,0.18),('3xGJuHvSxFJxxYlHj5BIoT','Young Lust','5Dbax7G8SWrP9xyzkOvy2F',0.0546,0.615,0.55,0.191,11,0.747,-13.858,0,0.0349,95.485,0.549),('3xgK660fsZH7ZDcOMfIdfB','Jungle','7A8fZ2jjiu5heq7wNCutKN',0.000821,0.389,0.748,0.00058,2,0.358,-4.461,1,0.0805,78.056,0.216),('3xJj1mU7B83yop2dA03Smk','Bouncin On My D*ck','6xJC9AbMpm4ebrTWz6Fd5S',0.0341,0.926,0.474,0,0,0.0643,-9.604,1,0.429,95.962,0.633),('3XukKy28kqKFl52GiCUSFo','Georgia','6wi40lIjhukePWyXRKY7qO',0.729,0.664,0.522,0.000126,8,0.0935,-9.677,1,0.11,134.047,0.289),('3XzR2MH55r1E4MsbUnbSYH','Lord Knows','63WdJvk8G9hxJn8u5rswNh',0.0786,0.417,0.887,0,5,0.834,-5.551,0,0.367,167.579,0.303),('3Yh64aiu2ANBwDFztyPDkT','Have You Ever Been (To Electric Ladyland)','5z090LQztiqh13wYspQvKQ',0.23,0.43,0.498,0.000164,10,0.113,-9.203,0,0.0618,73.104,0.655),('3YhcVZIWyakQSTUJD1YMt4','The Longest Time','7r36rel1M4gyBavfcJP6Yz',0.183,0.507,0.327,0,3,0.11,-9.574,1,0.0286,169.54,0.627),('3yNVfRQlUPViUh8O2V9SQn','Just a Friend','2OKf5WlgqFgszrDsxMq07t',0.12,0.862,0.663,0,0,0.318,-9.004,1,0.21,85.308,0.837),('3YnwIp2b99p3e5dsFTXIIx','Dunno','5wtE5aLX5r7jOosmPhJhhk',0.768,0.622,0.229,0.00906,1,0.134,-11.322,1,0.0445,81.87,0.0998),('3YRCqOhFifThpSRFJ1VWFM','November Rain','0CxPbTRARqKUYighiEY9Sz',0.0163,0.294,0.641,0.22,11,0.112,-9.316,1,0.0291,79.759,0.226),('3YucB1GctwtFtGi0Ti447R','Streaky','46eayJPxf1cBWWUqNa2MJJ',0.226,0.703,0.974,0,4,0.375,-5.406,0,0.21,117.35,0.634),('3yZgtLB64pkrk7AeVhnF1R','You Part the Waters','7sdz6zUhXNwbwzqVRskzj9',0.516,0.477,0.585,0.00274,0,0.494,-10.712,1,0.0414,98.61,0.726),('3z1eL3iolJSdiYEEodX1k0','Kids','4q5E2s5u5X5HT4UMJpbMKE',0.0331,0.683,0.484,0,9,0.652,-10.922,1,0.113,85.011,0.336),('3Z2sglqDj1rDRMF5x0Sz2R','3005','0zi2TaQkYxfXIBvl2yTjQJ',0.149,0.473,0.461,0,6,0.0973,-6.474,0,0.333,165.985,0.615),('3ZffCQKLFLUvYM59XKLbVm','Wake Me up When September Ends','5dN7F9DV0Qg1XRdIgW8rke',0.023,0.546,0.814,0,7,0.0972,-5.146,1,0.0314,104.98,0.146),('3ZIw7nCYObqthuWCuDrCu0','Venice Queen','6deiaArbeoqp1xPEGdEKp1',0.00451,0.346,0.85,0.000726,0,0.109,-4.669,1,0.0426,130.745,0.159),('3Zjdqz7eOox8XU0zTCPL4P','Collie Man','6SivmmHM5n3CCsU99XDFYi',0.183,0.61,0.706,0.000587,0,0.218,-7.084,1,0.0483,170.087,0.344),('3ZOEytgrvLwQaqXreDs2Jx','Can\'t Stop','6deiaArbeoqp1xPEGdEKp1',0.0179,0.618,0.938,0,9,0.167,-3.442,1,0.0456,91.455,0.875),('3zsPDPpwg8zhMrnMe1tkKt','Call Log','6nSxfyk0wt8bi63wHYPbQE',0.199,0.649,0.442,0,1,0.128,-9.354,1,0.178,145.928,0.0699),('3zXhvJaLpxefYIxBE0cnB0','Skit #4','5ll74bqtkcXlKE7wwkMq4g',0.0411,0.722,0.258,0,10,0.148,-19.633,0,0.873,118.732,0.141),('3zxrecYFao03IrrcyFiaMU','Miss You','22anLYKhfIkwUOz8RZtZKq',0.0216,0.541,0.69,0,3,0.257,-5.391,1,0.206,180.239,0.681),('40bynawzslg9U7ACq07fAj','Champagne Supernova - Remastered','6ozp33PI3p9AdddB6ZL3xQ',0.47,0.286,0.796,0.063,2,0.364,-4.625,1,0.0388,150.272,0.12),('40H5libEZWrbkc8HTlXGbt','Fashion Killa','1E1eyI5uGllppJZCxNoF9w',0.315,0.794,0.82,0,11,0.531,-5.214,1,0.152,140.042,0.793),('40riOy7x9W7GXjyGp4pjAv','Hotel California - 2013 Remaster','2widuo17g5CEC66IbzveRu',0.00574,0.579,0.508,0.000494,2,0.0575,-9.484,1,0.027,147.125,0.609),('40ttk439NA9RvbLBJpJU1M','Southern Sun','3v8hOkHJAF79wbr3bVwAAf',0.136,0.538,0.719,0.000394,0,0.187,-5.94,1,0.0348,118.315,0.502),('40va05rWB9cMpBc6cMEXZ3','Rings','22bLjOVLSLIHwKbSneX5MO',0.423,0.643,0.41,0.0000257,11,0.232,-12.907,1,0.0371,116.037,0.304),('40yJGQyEaBbIkXpwMFkXip','One Night','4bJqW1SBOvsfcEzZwsjdjx',0.345,0.764,0.475,0,0,0.14,-12.618,1,0.114,129.974,0.34),('41a5geUkthuhkKG4eQrmwk','Eleanor Rigby / Julia','1Ye7yrA7vAlQnoooj8yDXb',0.931,0.517,0.178,0.00000444,0,0.386,-16.083,1,0.0376,137.884,0.677),('41cpvQ2GyGb2BRdIRSsTqK','Moon River','0iqqnLXoocsMeCYlTw3Q2q',0.877,0.24,0.116,0.00092,0,0.1,-13.216,1,0.0329,77.349,0.0937),('41on8RwRh22IHcChAN2gm8','American Boy (feat. Kanye West)','4nAIqmKELnBEXEkYg1pMic',0.171,0.727,0.729,0,0,0.07,-2.99,1,0.326,117.932,0.512),('42DSTal38NakfMCu7RuNcv','Make You Feel Better','7xl50xr9NDkd3i2kBbzsNZ',0.0241,0.404,0.877,0.00000789,7,0.166,-4.319,1,0.037,179.885,0.68),('42GcjriRK6srwHkfbkBqVl','Blood On The Leaves','7D2NdGvBHIavgLhmcwhluK',0.396,0.454,0.69,0,2,0.101,-4.108,0,0.157,171.989,0.37),('42lQlyLSQR3qLTu4FOMqHY','I Don\'t Smoke','472GvzwE3EZ0i2EEaly5mX',0.0000256,0.135,0.54,0.0082,1,0.114,-7.108,1,0.0338,143.365,0.233),('42YgaJLCehufTbH2orwBHM','Back To The Shack','5bwoCpDhski3iIxwsdgPTM',0.00701,0.432,0.69,0.000064,1,0.0375,-5.214,1,0.0439,172.001,0.645),('432hUIl3ISDeytYW5XBQ5h','Wolves','7gsWAHLeT0w7es6FofOXk1',0.219,0.395,0.392,0.00173,1,0.134,-8.034,1,0.0925,155.856,0.103),('435yU2MvEGfDdmbH0noWZ0','worldstar money (interlude)','3dtSst4EXjGeZVQ5Sco315',0.964,0.577,0.387,0.706,7,0.208,-8.607,1,0.274,146.565,0.459),('439TlnnznSiBbQbgXiBqAd','m.A.A.d city','6PBZN8cbwkqm1ERj2BGXJ1',0.0538,0.487,0.729,0.00000407,2,0.44,-6.815,1,0.271,91.048,0.217),('43gbLfqBpR28HGXpnueYIe','The Ride','63WdJvk8G9hxJn8u5rswNh',0.517,0.556,0.702,0,0,0.342,-10.079,0,0.205,155.948,0.793),('43OjswTQMkuvQQEP38Roxl','Bandelero','5FWZm9haAG0NhY6WmdS4oW',0.131,0.712,0.705,0.0000134,4,0.229,-5.033,1,0.0581,168.655,0.966),('43WK9jAXxsQlOqdhbQGt4D','PUSSY MONEY FAME','3u3C0J0FIiZi75ZfXbSijo',0.00551,0.787,0.433,0.00000324,9,0.0935,-7.593,1,0.201,91.974,0.487),('45B3YgylVwyolzsvM7ouig','Waiting','5FWZm9haAG0NhY6WmdS4oW',0.351,0.787,0.934,0.0000102,2,0.124,-3.657,1,0.0504,105.568,0.969),('45f8NLNAthLQqji8lRVuOV','Hopeless Boy (feat. David Ortiz)','3XHnTdk5nmiI9BXNXimEBG',0.0839,0.575,0.609,0.0000846,6,0.62,-8.037,0,0.19,93.774,0.392),('45iMRHmfLZu3yjdZ8P5e3t','Weak','2v3AsVBhQVfsxd2RmFg5WG',0.127,0.672,0.642,0,5,0.137,-4.552,1,0.0461,123.984,0.656),('45pQlGqXDJDhgR4GKPbd7r','We Are Stars (Featuring Alyssa Reid)','6y4W6T5HCkRXCfsRu5KnC3',0.114,0.641,0.661,0.000318,11,0.0847,-6.574,1,0.0295,100.025,0.319),('466XcSgGAiQxcDrcV0yoMP','Skit #2','5ll74bqtkcXlKE7wwkMq4g',0.253,0.731,0.412,0,11,0.164,-11.59,0,0.946,66.512,0.95),('467FBnBDRfL8Hz9ktUUybj','Scatterbrain','1oW3v5Har9mvXnGk0x4fHm',0.0316,0.492,0.753,0.0587,7,0.0617,-8.617,1,0.0314,126.138,0.234),('46fk9wjYcPm0sgym2b7EEE','We Major','5ll74bqtkcXlKE7wwkMq4g',0.0107,0.232,0.883,0,11,0.045,-3.659,0,0.125,84.59,0.217),('46OFHBw45fNi7QNjSetITR','Hey Mama','5ll74bqtkcXlKE7wwkMq4g',0.0596,0.625,0.754,0,7,0.113,-6.993,1,0.189,96.186,0.357),('478opI6S6a5bPGRvHcd7K4','Drop the Guillotine','4m6qYeKjccTVvJYxETxVn3',0.0423,0.501,0.881,0.0000156,0,0.353,-6.291,1,0.0608,87.472,0.74),('47HWyJVPEmyGLOVgMwrozC','Black Moses (feat. JPEGMAFIA)','5BbPN7qjPfUSEeTvXoGwNL',0.0729,0.912,0.43,0.00228,1,0.056,-11.406,1,0.312,89.045,0.591),('484SLUDMf2BmrUwtQWkvUa','Made In China','2bvuphJA3SOomZVXsMqJ6U',0.0192,0.841,0.529,0,8,0.317,-4.739,1,0.0896,140.048,0.186),('48bo7uexDvAThcRDvEB2W7','Simple Song','4ZTcGoOrNro2aCAStXEjZi',0.0133,0.546,0.878,0,7,0.135,-5.137,1,0.0525,119.945,0.35),('48JxuFsjogKRAPAnzTGvQa','Alpha Beta Parking Lot','1vbpW28Od2ATmVyAZ0QZ3j',0.126,0.624,0.651,0.0000325,7,0.0938,-8.821,1,0.0463,94.422,0.853),('48s0QHJgmiNsth3WEO6U4M','Stop And Stare','2KSpGeDoNjqCKg6HL8LAyI',0.0659,0.492,0.859,0,4,0.0756,-4.274,1,0.0332,92.474,0.251),('48UPSzbZjgc449aqz8bxox','Californication','2Y9IRtehByVkegoD7TcLfi',0.0021,0.592,0.767,0.00165,9,0.127,-2.788,0,0.027,96.483,0.328),('490r1lg2turCiWsPAAxVBP','Bed Of Lies','5ooCuPIk58IwSo6DRr1JCu',0.251,0.715,0.67,0,11,0.109,-5.779,1,0.194,86.01,0.124),('49fT6owWuknekShh9utsjv','Feedback','7gsWAHLeT0w7es6FofOXk1',0.563,0.811,0.566,0,8,0.104,-6.033,0,0.517,100.224,0.169),('49fueUd2ik003xurF75RB6','Under the Sheets','4p7OubIrnoRbhi3YUbN5Ib',0.822,0.805,0.273,0.0979,2,0.188,-8.677,0,0.0384,79.907,0.193),('49ySwzAyvxcNXOkOP6ZB1L','The Motto','4yyKZOy1Nq9DPfzf5O4Hpg',0.000146,0.774,0.431,0.0000199,1,0.112,-8.407,1,0.346,201.843,0.353),('4AHZRMJCpscmxygCNtC2Qq','Untouchable','4OoNqHBpbgDoqtN3u1IdiC',0.223,0.616,0.747,0.000015,8,0.0951,-4.32,1,0.276,111.81,0.642),('4AmcmraFjVzFb9SQDNTRyl','Youth','31LehqnrVyTuEBEKeXeqVx',0.887,0.4,0.525,0.00543,0,0.117,-11.294,1,0.0435,146.977,0.408),('4aOAzvRdOsZSwZIgwcdeL0','Let Down','7dxKtc08dYeRVHt3p9CZJn',0.000124,0.352,0.674,0.12,9,0.18,-9.018,1,0.031,102.489,0.145),('4aX4Oycsk1fhHIee1zqsDe','How To Love','1uuSC0RCJB3dSp8Mb6GflZ',0.000177,0.644,0.661,0.00000514,11,0.108,-6.093,1,0.0418,154.001,0.272),('4AZdhSWmNLsJeh9jiZAXlR','Dan the Dancer','16i5KnBjWgUtwOO7sVMnJB',0.000163,0.468,0.688,0.203,8,0.52,-8.177,1,0.0397,75.029,0.64),('4B0JvthVoAAuygILe3n4Bs','What Do You Mean?','6Fr2rQkZ383FcMqFyT7yPr',0.59,0.845,0.567,0.00142,5,0.0811,-8.118,0,0.0956,125.02,0.793),('4BaFzlfU0xvG19fP4muTVw','Hip Hop Sinister','16SMGvTZrwtiJ132g69toP',0.0639,0.582,0.618,0,2,0.115,-4.889,1,0.298,181.008,0.0798),('4bBrKDo8rchikwZOtmXbIH','The Night Is Still Young','5ooCuPIk58IwSo6DRr1JCu',0.00212,0.656,0.692,0.00305,1,0.128,-6.145,0,0.0563,128.016,0.693),('4bEcoz1OcfMgUbp2ft8ieQ','911 / Mr. Lonely (feat. Frank Ocean & Steve Lacy)','2nkto6YNI4rUYTLqEwWJ3o',0.0456,0.48,0.61,0,0,0.313,-7.042,1,0.305,90.034,0.297),('4BltOFLhXUDvXV0MAmoep7','Wanted - String Mix','0hws122J18OKte1QbV4nHH',0.0832,0.608,0.552,0,1,0.233,-6.916,1,0.0489,145.89,0.542),('4bPQs0PHn4xbipzdPfn6du','I Write Sins Not Tragedies','2YeOhhJg3OWpN0F1VYPxtW',0.0938,0.567,0.795,0,9,0.114,-4.985,0,0.134,170.06,0.635),('4bqaHGTquGBq3gihFkDjbp','Quit Cattin (feat. P-Lo, Skipper)','1OxQCMHGvdVDF4MOX4EQuU',0.0841,0.866,0.559,0,11,0.0905,-4.323,1,0.0541,98.066,0.579),('4BUtvtGTRvJB49Hx2F7lle','Marchin On','2pLAOZiilrhOrTQNqrF8qr',0.333,0.508,0.807,0.00363,11,0.136,-8.581,1,0.0686,123.034,0.306),('4bwN8jyxfHmFFStSRy4F7h','I Know','4Nlbt2EuXedr6UqaeXEI4c',0.329,0.744,0.332,0,1,0.116,-11.315,1,0.0745,119.997,0.277),('4C0XaRymxeAq2bB0NOF1WB','March into the Sun','1oHY6eQmEG8skElDvFgKz2',0.0029,0.591,0.748,0.0000412,9,0.0735,-5.074,1,0.0294,145.019,0.584),('4C4Bcwte8yuXoYXw9GPi7L','Rhthm & Soul','3k4KtMTnGJsnqTt0AHEmnw',0.0288,0.738,0.902,0.000143,9,0.138,-6.568,0,0.0279,129.836,0.934),('4cAgkb0ifwn0FSHGXnr4F6','New Slaves','7D2NdGvBHIavgLhmcwhluK',0.166,0.579,0.59,0.0000109,1,0.096,-4.322,1,0.0708,150.189,0.361),('4cI2rd2D44mBjwUVFxTkUZ','Caution - Radio Edit','6XnLSCbiS4TzjTFL2W9979',0.00525,0.278,0.931,0.00000578,7,0.144,-3.719,1,0.121,178.346,0.167),('4cs6ORX8aKd6rtVdwAnnel','2am','2lKYJFAYLywsVOxLMRoAOe',0.00594,0.794,0.577,0.37,2,0.0708,-8.549,1,0.111,82.46,0.645),('4CzTgOmc3Sdm4EgKQWzjQl','Ful Stop','6vuykQgDLUCiZ7YggIpLM9',0.353,0.426,0.661,0.94,0,0.619,-9.877,1,0.0503,151.191,0.178),('4D6TpthzUVNTjWQqfBW5Kb','All Of The Lights (Interlude)','20r762YmB5HeofjMCiPMLv',0.902,0.296,0.0792,0.591,10,0.128,-16.569,0,0.0392,111.272,0.497),('4DE6Wkt9fW7R5e9gJGWQim','Optimistic','19RUXBFyM4PpmrLRdtqWbp',0.0496,0.403,0.757,0.848,7,0.305,-9.931,0,0.0371,157.957,0.573),('4DhcorFL5TTEMuh17ZQUqY','Deserve It','4Nlbt2EuXedr6UqaeXEI4c',0.0793,0.672,0.711,0,1,0.76,-5.492,0,0.337,140.058,0.518),('4dHDQFENPSHTR5OxyI1JB0','The Daily Mail','2yepd22RxJzI9RiLFiUQOZ',0.652,0.36,0.362,0.000128,10,0.107,-7.102,1,0.0385,116.846,0.159),('4dkoqJrP0L8FXftrMZongF','Across The Universe - Remastered 2009','0jTGHV5xqHPvEcwL8f6YU5',0.361,0.257,0.412,0.0000868,1,0.0702,-11.788,1,0.0287,152.126,0.858),('4DOoissGiO2oc7vtGkhAib','Illest Motherf**ker Alive','1YwzJz7CrV9fd9Qeb6oo1d',0.171,0.553,0.663,0.00000164,11,0.595,-6.412,1,0.0837,139.979,0.299),('4dRqYKhLVujxiBXcq50YzG','This Life','1A3nVEWRJ8yvlPzawHI1pQ',0.228,0.62,0.712,0.00000339,9,0.0561,-6.434,1,0.1,170.234,0.83),('4dz4nfY5LeFUR99uspA5e6','LVL','1E1eyI5uGllppJZCxNoF9w',0.202,0.613,0.427,0.0000161,5,0.122,-6.717,0,0.0585,119.899,0.0945),('4e5IPJxSGVWPsaxQzdRseN','Who Will Survive In America','20r762YmB5HeofjMCiPMLv',0.228,0.676,0.843,0.000718,1,0.856,-6.111,1,0.359,116.152,0.597),('4E5rL7YL0hVUPqeMSpjEF2','Yesterday - Remastered 2015','7vEJAtP3KgKSpOHVgwm3Eh',0.871,0.401,0.189,0,0,0.0968,-11.189,1,0.0287,94.509,0.357),('4eeFwDF1OjhZtvPwhqhcr5','M.F.T.R.','4OoNqHBpbgDoqtN3u1IdiC',0.163,0.698,0.812,0,10,0.186,-5.274,0,0.192,88.011,0.356),('4EndPA8b6FDWYp1RgsnLEB','Blame Game','20r762YmB5HeofjMCiPMLv',0.305,0.425,0.581,0.000063,10,0.11,-5.964,0,0.0646,83.352,0.636),('4EpZ4eYuZOwPSSwyqpdHnJ','Sunflower','1FhmTMNe8AziAPkB29114F',0.646,0.384,0.765,0.00352,6,0.522,-4.463,1,0.0579,129.903,0.567),('4eruRiSfDY1jdT03hjyi0i','Present Tense','6vuykQgDLUCiZ7YggIpLM9',0.912,0.479,0.407,0.401,1,0.11,-12.428,0,0.0346,91.91,0.338),('4EWCNWgDS8707fNSZ1oaA5','Heartless','3WFTGIO6E3Xh4paEOBY9OU',0.0515,0.79,0.647,0,10,0.248,-5.983,0,0.136,87.999,0.654),('4f8Mh5wuWHOsfXtzjrJB3t','I THINK','5zi7WsKlIiUXv09tbGLKsE',0.00881,0.826,0.579,0,8,0.129,-8.241,0,0.0801,121.075,0.431),('4fCs9oQGvZGbnYXBkL4hYh','Exitlude','4o3RJndRhHxkieQzQGhmbw',0.297,0.386,0.347,0.000457,11,0.124,-11.73,1,0.0389,138.923,0.223),('4FJ0051ukEptZAhP01ExGV','Candyman - 2013 Remaster','2UDDZVesmQwA4aYfa55diS',0.261,0.332,0.423,0.00014,0,0.0716,-12.102,1,0.0384,236.799,0.519),('4fP4xTSBli3tKck172LEZ4','Daylight','0RHX9XECH8IVI3LNgWDpmQ',0.00975,0.461,0.571,0.508,11,0.0846,-6.117,1,0.0301,132.752,0.208),('4FPvShOYL7t31aYODlaKAN','Intro','5FWZm9haAG0NhY6WmdS4oW',0.0117,0.656,0.71,0.743,7,0.0805,-8.652,1,0.0367,95.557,0.944),('4FquNAgja6onlomj4QLNvH','Turning Out','6hpiZXzsZxlkTXY8zavu3N',0.17,0.6,0.481,0,3,0.138,-7.317,1,0.0382,97.021,0.476),('4fRTe59xEeNHT4uyAGsV27','Crack Music','5ll74bqtkcXlKE7wwkMq4g',0.00965,0.725,0.712,0.000479,11,0.345,-6.288,0,0.211,168.121,0.557),('4FU9xUJc2VtOkNaeD8U1LA','You Broke','6aVImmebOn6ecY0VeUe8lu',0.00233,0.911,0.492,0,1,0.137,-9.413,1,0.175,92.506,0.489),('4fVqQKbROkz8Z9FFJS7vls','HiiiPower','13WjgUEEAQp0d9JqojlWp1',0.179,0.695,0.827,0,6,0.283,-5.742,0,0.282,81.024,0.538),('4gehZ6WYqLOXZpmMEq3Em9','Only the Good Die Young','7r36rel1M4gyBavfcJP6Yz',0.223,0.519,0.875,0,0,0.0915,-6.488,1,0.132,152.092,0.766),('4gkl7QbQvBd3TM9PhlWFkI','Love Yourz','7viNUmZZ8ztn2UB4XB3jIL',0.609,0.502,0.623,0,8,0.119,-8.812,1,0.441,75.555,0.399),('4gklLwfCAKbm5mqheWWsSt','Happy','16i5KnBjWgUtwOO7sVMnJB',0.166,0.601,0.514,0.00191,4,0.108,-10.87,1,0.0364,106.997,0.041),('4gMgiXfqyzZLMhsksGmbQV','Another Brick in the Wall, Pt. 2','5Dbax7G8SWrP9xyzkOvy2F',0.0781,0.694,0.394,0.000677,0,0.247,-15.881,1,0.0428,104.126,0.719),('4go2hxLM6ijk0K76ZY0Nhd','Goldie','1E1eyI5uGllppJZCxNoF9w',0.22,0.68,0.843,0.0000302,1,0.378,-4.919,1,0.241,81.958,0.743),('4gq2bc2770XvbJdEtfUbmw','Go Slowly','36lJLPoPPOKNFddTAcirnc',0.883,0.43,0.393,0.782,11,0.131,-8.556,0,0.0311,108.154,0.0439),('4gRhNHR9bem8yDBFBTU7NK','When I','5QxIVL7crriWRGzGL35v27',0.0535,0.61,0.826,0,11,0.119,-5.002,0,0.0367,105.04,0.54),('4gs07VlJST4bdxGbBsXVue','Heartbreak Warfare','1V5vQRMWTNGmqwxY8jMVou',0.191,0.624,0.554,0.00131,2,0.299,-8.113,1,0.0225,97.031,0.311),('4gT3mNJA8lnlkYFqGZ8IA2','Small Worlds','5wtE5aLX5r7jOosmPhJhhk',0.814,0.516,0.546,0.0000045,5,0.0995,-9.105,1,0.249,78.267,0.515),('4h8VwCb1MTGoLKueQ1WgbD','Wake Me Up','1s9tU91VJt4sU5owi29GD3',0.0038,0.532,0.783,0.0012,2,0.161,-5.697,1,0.0523,124.08,0.643),('4hA3OFMvHCFCK3TfJYdbif','Photograph','2OBSz5Nlto0Q5CtYPzPY7c',0.0000933,0.463,0.899,0.00145,9,0.395,-4.554,1,0.0459,124.796,0.404),('4ha9ajL4Kz98uldAfuos6p','With Or Without You - Remastered','2t4UTpa53ALkISHhiKrEtv',0.000202,0.54,0.429,0.355,2,0.141,-11.822,1,0.0285,110.171,0.113),('4hLQfgtzEyxme6w5GiwAEy','The Rover - 1993 Remaster','1lZahjeu4AhPkg9JARZr5F',0.0133,0.367,0.752,0.00979,6,0.0658,-8.134,0,0.0317,205.47,0.401),('4hObp5bmIJ3PP3cKA9K9GY','Don\'t Worry Be Happy','4zhRkgoZKC2xCPPys1gK4b',0.88,0.675,0.166,0.0000714,11,0.0461,-22.602,1,0.171,68.837,0.747),('4hZ9MbRJoxzDhx5WJlnDIA','III. Life: The Biggest Troll [Andrew Auernheimer]','0zi2TaQkYxfXIBvl2yTjQJ',0.0184,0.597,0.629,0,1,0.127,-6.794,1,0.221,80.124,0.485),('4I1WBw0xqdenkemd6gwIyp','Sunny Afternoon - Stereo Version','6nkmtyFpZHm7piIFJgsxxa',0.129,0.555,0.553,0,0,0.0687,-6.658,1,0.0244,61.998,0.446),('4iG2gAwKXsOcijVaVXzRPW','Time to Pretend','6mm1Skz3JE6AXneya9Nyiv',0.0000874,0.438,0.94,0.0777,2,0.3,-3.249,1,0.0452,100.99,0.421),('4IJ7ZoJ8z8cAIbqYShF3ZZ','Tuscan Leather','2gXTTQ713nCELgPOS0qWyt',0.115,0.597,0.679,0,6,0.231,-5.401,1,0.39,79.95,0.3),('4ImL3v98u2BLkwnyQDjfRm','Can\'t Tell Me Nothing','3SZr5Pco2oqKFORCP3WNj9',0.0121,0.594,0.614,0,5,0.823,-6.091,0,0.0536,79.968,0.101),('4ItljeeAXtHsnsnnQojaO2','D\'yer Mak\'er - 2012 Remaster','7gS8ozSkvPW3VBPLnXOZ7S',0.262,0.525,0.929,0.000029,9,0.0754,-8.56,0,0.0784,163.503,0.556),('4iwMhMvcTqukn1n3NVjb2N','Holland, 1945','5COXoP5kj2DWfCDg0vxi4F',0.0399,0.0617,0.887,0.000157,7,0.619,-4.305,1,0.0636,198.592,0.48),('4Iyo50UoYhuuYORMLrGDci','Weird Fishes/ Arpeggi','7eyQXxuf2nGj9d2367Gi5f',0.774,0.538,0.61,0.749,11,0.0909,-8.027,0,0.0392,152.999,0.199),('4j3GWI86JvSaF0BLdmgcfF','Summertime Magic','15k99o4mZJ9mfpQGIOrZ45',0.0129,0.76,0.579,0.00351,0,0.106,-7.374,1,0.0569,100.01,0.125),('4j6lDQ7Nl4ClcTtur36CMN','Dead Man Walking','0aRIVhGZ5l7pmaBF38fgby',0.78,0.743,0.42,0,9,0.109,-7.257,1,0.328,94.248,0.76),('4jaEiBXMjgpAtsFM2zBYEB','Note to Self','5ufzqDK2p7Te64hQBAu35t',0.405,0.705,0.38,0.000752,10,0.189,-9.928,0,0.0329,98.156,0.69),('4jIPERh3FWrLH6w53dm0JV','Midnight','6deiaArbeoqp1xPEGdEKp1',0.0579,0.471,0.721,0,7,0.094,-3.496,1,0.0277,92.882,0.3),('4jrbmL4jHZIFrC9I5r0Iuu','10 TIMES','3u3C0J0FIiZi75ZfXbSijo',0.112,0.84,0.501,0.000323,1,0.59,-7.743,0,0.0388,103.002,0.174),('4juwyJgj7yNpXn94UpeGo4','Reflections Of My Life - Rerecorded','4oBGtGI5SkCF1Y5i1lp81W',0.295,0.421,0.276,0.000137,7,0.114,-11.327,1,0.026,94.353,0.47),('4Jvi9baIVaECALwpyNGVIF','Grimy Waifu','5ilsl5R2lGACTnPZMKIp7o',0.268,0.523,0.677,0,2,0.461,-7.461,1,0.347,118.32,0.244),('4KacUpvbA3Mfo05gttTjhN','Fat Lip','2UCWsnmZEVg9HhnMeKTsim',0.000579,0.402,0.914,0,9,0.065,-5.215,1,0.142,196.505,0.626),('4KANJH1baadr3U7XsVbM17','Something I Need','2bbhW5ifCwOYM8DMkqoYBF',0.164,0.683,0.601,0,7,0.119,-6.927,1,0.0308,98.97,0.62),('4kC5pcHI6bkqCgKemqdDmi','Gimmie Got Shot','4nwd6ernojhNIIRifDJoRz',0.068,0.831,0.573,0,1,0.0807,-7.992,1,0.277,104.125,0.521),('4kdfjhj9xNkYU0R8xlDy8k','6 Man','0ptlfJfwGTy0Yvrk14JK1I',0.217,0.812,0.535,0,4,0.114,-9.306,1,0.449,78.974,0.321),('4knc3eQ98xaLiXkNANx8u0','DICTATOR','0GFb3b6TpMvg8rPD9LvlOg',0.527,0.56,0.637,0.0000407,1,0.302,-6.913,1,0.36,130.007,0.515),('4KnpSJBbcpJBAjEaaJBcL8','Badfish','0E2blcrvyduixEolxZXot7',0.0773,0.824,0.419,0.000935,11,0.385,-7.064,0,0.0676,92.057,0.516),('4kNvYhyl8R6m1vykVkcuBu','All Me','2gXTTQ713nCELgPOS0qWyt',0.0705,0.67,0.515,0,1,0.25,-6.977,1,0.397,122.006,0.422),('4KW1lqgSr8TKrvBII0Brf8','Father Stretch My Hands Pt. 1','7gsWAHLeT0w7es6FofOXk1',0.118,0.724,0.573,0,7,0.538,-4.113,1,0.0549,113.088,0.438),('4KXwFI9pgJLpUIAc9oSL8j','Bloody Waters (with Anderson .Paak & James Blake)','3pLdWdkj83EYfDN6H2N8MR',0.185,0.507,0.606,0,8,0.174,-8.758,1,0.452,180.607,0.202),('4KYS9GK68yeuUJ8vJfPxrq','WHO? WHAT!','41GuZcammIkupMPKH2OJ6I',0.0462,0.834,0.731,0,10,0.0731,-5.603,0,0.0566,140.001,0.681),('4L4DOYJFB3QiYIssnMDCrd','Remember Me?','11iNkXjw7QFVmFpdpMRvGO',0.217,0.501,0.687,0,1,0.384,-7.757,1,0.482,72.235,0.148),('4LKSaRoKNnlpKXTT663BrT','Santeria','07bIdDDe3I3hhWpxU6tuBp',0.142,0.621,0.678,0,8,0.098,-4.104,1,0.197,88.677,0.0883),('4LmAnpjlhWTahvRkYR8xJa','X (with 2 Chainz & Saudi)','3pLdWdkj83EYfDN6H2N8MR',0.0201,0.768,0.471,0,2,0.268,-8.406,1,0.259,131.023,0.405),('4m0Vgr48VFaMYw0Sp1ozJu','Bodysnatchers','7eyQXxuf2nGj9d2367Gi5f',0.00455,0.343,0.977,0.0197,2,0.0948,-4.993,1,0.0579,166.664,0.727),('4mAqG6KNWZQiekSthr2QtL','Doin\' Time','0E2blcrvyduixEolxZXot7',0.0393,0.711,0.724,0.00000381,7,0.141,-5.97,1,0.0851,80.975,0.482),('4mctdoq0qUxiwObKITLl5I','W S U P','17gWRAKN3Sp65WwnUwWZcY',0.119,0.752,0.625,0,7,0.102,-5.928,1,0.163,119.934,0.204),('4mdyVTV7Tr5YDFnD2kvSM4','Bruises','3JuIBAoHi6gUmS3tgF4CPg',0.0175,0.579,0.554,0.0221,0,0.101,-7.08,1,0.0587,185.183,0.838),('4mfhaU5jVlmb3IXEp1la9V','Foreplay','3ifnNbTrSkE9fdAQFyftu8',0.157,0.486,0.417,0.00223,5,0.155,-6.259,0,0.176,173.887,0.571),('4mM7OnOMpd5I4MSCJLerQS','Bye Polar','4cZXuI6i7lHkWrAnHRr1Hk',0.0773,0.647,0.522,0.0828,11,0.12,-7.743,0,0.271,117.171,0.609),('4MRT0dDbhqFKl67WzhUbSw','Only','5ooCuPIk58IwSo6DRr1JCu',0.405,0.573,0.495,0,8,0.0969,-7.245,0,0.592,179.196,0.255),('4MXhiYIRDMGAuvZc5IFTwC','ASTROTHUNDER','41GuZcammIkupMPKH2OJ6I',0.142,0.7,0.46,0.0000481,4,0.111,-8.111,0,0.0661,151.901,0.286),('4Na0siMtWOW9pJoWJ1Ponv','Exit Music (For a Film)','7dxKtc08dYeRVHt3p9CZJn',0.229,0.293,0.276,0.119,7,0.167,-11.353,1,0.0351,121.603,0.196),('4nBHndk4Hru2sgGH30GCgu','Maybe You\'re Right','3RDqXDc1bAETps54MSSOW0',0.0235,0.719,0.814,0,8,0.0862,-5.099,1,0.0523,107.973,0.571),('4NUzTA6zllnTaZRidrd9NI','Once More to See You','16i5KnBjWgUtwOO7sVMnJB',0.164,0.539,0.409,0.0112,9,0.103,-13.654,1,0.0484,93.031,0.334),('4o6BgsqLIBViaGVbx5rbRk','You Make My Dreams','4LniALl9S6YedTFdiZWOMS',0.234,0.751,0.501,0.112,5,0.0467,-12.151,1,0.0552,167.058,0.902),('4odoLyHnSx2jIcXs16IvsV','Jesus Forgive Me, I Am A Thot','5ilsl5R2lGACTnPZMKIp7o',0.243,0.628,0.78,0,11,0.318,-5.217,1,0.451,122.308,0.602),('4oFtLSgHyZPNYDCcANhTnO','Institutionalized','7ycBtnsMtyVbbwTfJwRjSP',0.112,0.539,0.731,0.00000119,3,0.129,-5.085,0,0.453,81.114,0.568),('4OgSKgxZqty3qQMtKU44Ah','The Crying Game','5ooCuPIk58IwSo6DRr1JCu',0.0686,0.6,0.505,0.0263,6,0.147,-8.092,0,0.0667,81.461,0.184),('4OHWib4PEw8XCfrAaDpVNo','Rainbow Six','51WLEfPEEkzAWurvuY6Gco',0.372,0.367,0.739,0.0000426,4,0.364,-3.456,0,0.368,161.378,0.217),('4OMu5a8sFpcRCPCcsoEaov','Babe I\'m Gonna Leave You - 1990 Remaster','3ycjBixZf7S3WpC5WZhhUK',0.246,0.404,0.435,0.00074,4,0.156,-12.045,0,0.0323,136.058,0.156),('4oRqSiVyGrwb8dnJBO6FNu','II. Worldstar','0zi2TaQkYxfXIBvl2yTjQJ',0.337,0.695,0.628,0.219,5,0.143,-8.627,1,0.145,119.949,0.21),('4OtIszkveMtijHSIp3EP4d','Deep Blue','3DrgM5X3yX1JP1liNLAOHI',0.309,0.542,0.821,0.188,7,0.123,-6.649,0,0.039,120.473,0.545),('4paWhLk6dHX5NLoTAqG3dM','Pain (feat. OverDoz.)','1E1eyI5uGllppJZCxNoF9w',0.211,0.597,0.846,0,7,0.304,-5.751,1,0.308,135.067,0.518),('4pBAxbmWVqWl0HJnOSJjvH','Older','5FWZm9haAG0NhY6WmdS4oW',0.413,0.779,0.78,0.000138,11,0.0478,-6.732,1,0.0593,162.042,0.968),('4pdLZsxq0y5oJDb6Cxlokw','You Got Me','0qbl8aNaCUOvX8HGsZYLfh',0.151,0.729,0.442,0,11,0.189,-8.106,0,0.285,81.029,0.757),('4pdPtRcBmOSQDlJ3Fk945m','Let Me Love You','55bbXORm6ZrVq52zfZnxBf',0.0784,0.476,0.718,0.0000102,8,0.122,-5.309,1,0.0576,199.864,0.142),('4pg63NS1RRUfmDG1xIp2qv','YG Be Safe','4nwd6ernojhNIIRifDJoRz',0.988,0,0.63,0.64,10,0,-10.934,1,0,0,0),('4pJ15e9awy9c4eajhHmJO1','Buy A Heart','5ooCuPIk58IwSo6DRr1JCu',0.126,0.729,0.434,0,5,0.287,-10.284,0,0.143,119.932,0.432),('4pmc2AxSEq6g7hPVlJCPyP','Jumpin\', Jumpin\'','283NWqNsCA9GwVHrJk59CG',0.00543,0.771,0.685,0.00157,1,0.0537,-4.639,1,0.0567,88.997,0.683),('4PPNQ6Hsah4NJqLNE3HHxY','Dream Forever','16SMGvTZrwtiJ132g69toP',0.38,0.51,0.626,0,6,0.22,-9.445,0,0.37,113.027,0.417),('4PWiu3SMJG1oiVBnSMQKNc','A Reapers Tears','2wxO6auSkzsTuSua9PqZop',0.0509,0.673,0.568,0.00594,9,0.127,-9.117,0,0.0694,110.021,0.137),('4Pwjz3DfvfQWV0rO2V8jyh','Bitch, Don’t Kill My Vibe','6PBZN8cbwkqm1ERj2BGXJ1',0.0152,0.587,0.698,0,1,0.442,-8.948,1,0.0943,133.954,0.0985),('4q9JLlC3HIhN4CDC6KlpYK','iffy (Prod. GroovyRoom)','2t5fdLTQu0xX89rDf4NMNX',0.0715,0.939,0.519,0,0,0.0658,-5.911,1,0.12,135.054,0.826),('4qgZs0RNjdzKAS22lP0QjY','Where The Streets Have No Name - Remastered','5y6wlw1LnqFnQFruMeiwGU',0.00976,0.49,0.724,0.0046,2,0.159,-9.581,1,0.0366,125.812,0.292),('4QIND5yhawBa7JNv5plbUD','Show Me What You Got - Jay-Z','6ClbIS023wjWiysMJsc4mQ',0.0761,0.518,0.764,0,10,0.168,-4.217,0,0.0589,105.447,0.525),('4QIo4oxwzzafcBWkKjDpXY','xanny','0S0KGZnfBGSIssfF54WSJh',0.751,0.521,0.125,0.00207,9,0.265,-17.832,1,0.239,111.554,0.0528),('4qo0aBXSAj5WaXzpKzcXWj','I Don\'t Fuck With You','4Nlbt2EuXedr6UqaeXEI4c',0.0349,0.823,0.733,0,1,0.324,-5.474,1,0.0628,97.972,0.397),('4Qosj8bJfXBlXi35ukPiGi','It\'s Nice to Be Alive','50156iq4owa0BXegpAf1Mg',0.804,0.648,0.66,0.839,5,0.0881,-7.129,1,0.0379,126.033,0.513),('4QqVaqIPd59g3JXHfBiaIl','Havana Affair - 2012 Remaster','2DKXYxXlATCLvg6SVcJsxB',0.0926,0.51,0.849,0.000601,11,0.107,-2.878,0,0.0272,75.755,0.853),('4qRjfovbhI4EwP7VQNfxVW','St. Tropez','7viNUmZZ8ztn2UB4XB3jIL',0.054,0.561,0.541,0.0371,9,0.0627,-9.818,0,0.0711,84.241,0.324),('4qYLPta5HZ36idWiXtqh7B','Highlights','7gsWAHLeT0w7es6FofOXk1',0.00572,0.547,0.626,0,2,0.313,-6.244,1,0.208,101.971,0.346),('4R5bSS8yoCl2czeWLr61aO','Diamonds From Sierra Leone - Bonus Track','5ll74bqtkcXlKE7wwkMq4g',0.148,0.469,0.847,0,7,0.306,-3.458,1,0.264,121.226,0.574),('4raEiDlfGu9dgeOfqldy0b','I. The Party','0zi2TaQkYxfXIBvl2yTjQJ',0.249,0.489,0.586,0.00628,6,0.15,-10.37,1,0.355,155.191,0.281),('4RCWB3V8V0dignt99LZ8vH','Hey There Delilah','4vUClKTFaDWnsHE8rK52GY',0.872,0.657,0.291,0,2,0.114,-10.572,1,0.0293,103.973,0.298),('4RIp4UTguC0F6TRV7xfKjv','Old Man - 2017 Remaster','2mFcOZBh8JmZdwIiOVeTw7',0.46,0.709,0.278,0.00719,4,0.098,-13.011,0,0.0353,141.268,0.458),('4RLr8yJXuhJ6ZrIQkZ4JlA','Real Death','5p64XgvFREt1P6mC7Xl6XN',0.676,0.562,0.187,0.00186,9,0.132,-18.183,0,0.0442,75.965,0.0913),('4RVbK6cV0VqWdpCDcx3hiT','Reborn','6pwuKxMUkNg673KETsXPUV',0.339,0.585,0.597,0.0404,0,0.195,-7.499,1,0.037,100.051,0.227),('4RvWPyQ5RL0ao9LPZeSouE','Everybody Wants To Rule The World','3myPwaMYjdwhtq0nFgeG6W',0.347,0.645,0.795,0.00389,7,0.104,-12.095,1,0.0527,112.067,0.535),('4S7YHmlWwfwArgd8LfSPud','L$D','3arNdjotCvtiiLFfjKngMc',0.193,0.598,0.252,0.138,2,0.0992,-15.086,1,0.0647,120.06,0.0352),('4S8d14HvHb70ImctNgVzQQ','I Love It (& Lil Pump)','185Tm1g5U7eMOrm3m9SQUh',0.0114,0.901,0.522,0,2,0.259,-8.304,1,0.33,104.053,0.329),('4Sk5RxpBL4PU8Bl7rhKSWc','OUTTA MY MIND','4zETbpGKT1FHsEZq3QFQUR',0.0572,0.692,0.474,0.0000215,2,0.179,-7.626,0,0.0357,87.008,0.902),('4sqGlfDc7QCPvAvUBk4OKn','Fellin\' Myself','2xvk51ccjE7SThC1PM5E0b',0.0502,0.836,0.575,0.0000545,0,0.231,-6.483,0,0.0585,99.985,0.656),('4Sr6N2pJXCb5VjdknAjblG','What Is Love? Tell Me, Is It Easy?','4eMIxtrxlRZjJtKnHBWcyg',0.187,0.801,0.41,0.0258,7,0.0993,-12.359,1,0.0322,125.133,0.719),('4SZepBIPDRwPaHIjAKwRDb','R.I.P. SCREW','41GuZcammIkupMPKH2OJ6I',0.389,0.607,0.609,0.000016,0,0.111,-5.978,0,0.291,74.946,0.556),('4TfauqAajgNMANTOBu70zJ','All My Heroes Are Cornballs','5ilsl5R2lGACTnPZMKIp7o',0.186,0.592,0.698,0,11,0.282,-4.295,1,0.188,104.807,0.608),('4Tjh34RS4ACZ6f6srlDBg8','Fire Squad','7viNUmZZ8ztn2UB4XB3jIL',0.279,0.516,0.738,0,11,0.621,-7.21,1,0.415,175.432,0.595),('4TPDqoA9k7jFtdigCgM2VT','Let\'s Love','1oHY6eQmEG8skElDvFgKz2',0.000205,0.513,0.906,0.000049,0,0.204,-4.151,1,0.0485,147.967,0.556),('4tQcyj5488alHT1ZgFduzn','How Much A Dollar Cost','7ycBtnsMtyVbbwTfJwRjSP',0.415,0.624,0.729,0,1,0.135,-4.747,1,0.198,87.948,0.334),('4txn9qnwK3ILQqv5oq2mO3','03\' Adolescence','7viNUmZZ8ztn2UB4XB3jIL',0.389,0.518,0.809,0,1,0.275,-6.362,1,0.566,146.216,0.261),('4tZ1FP3aPChGIEPpUOCTmS','BOMPTOWN FINEST','3u3C0J0FIiZi75ZfXbSijo',0.239,0.587,0.579,0,7,0.077,-10.052,0,0.539,93.495,0.185),('4TZEiAj3rlEsSNgePMn44R','Tin Man','6u8THlUp0wtKQA8TJA13IG',0.003,0.346,0.798,0.0000157,2,0.0905,-5.016,0,0.0308,160.135,0.342),('4u3oXuVeOGoByIMz9pnOKf','Closer To The Heart','18i33u5FvfvgHjZMulpyO2',0.115,0.373,0.809,0.00000213,2,0.653,-9.189,1,0.0744,145.042,0.538),('4U45aEWtQhrm8A5mxPaFZ7','Vienna','1Mhn9VosyjtWn4dMPFlna6',0.659,0.532,0.495,0,10,0.0754,-6.662,1,0.0343,124.936,0.308),('4U81vDKgj0QyxtcVl8IKCu','What I Got - Reprise','14eK347GdWO4mBBx78tsut',0.0442,0.611,0.607,0.00000467,7,0.245,-6.514,1,0.0394,92.552,0.551),('4ukHl5HFRNARRnIWc4Oj83','You\'re a Big Girl Now','4WD4pslu83FF6oMa1e19mF',0.795,0.597,0.308,0.0000403,7,0.0469,-16.527,1,0.0452,75.414,0.413),('4uZBBwJwTJeL3Swlk2ufLr','Don\'t Leave Me Alone (feat. Anne-Marie)','2Sq9AIsIrad2GygwB6QLPt',0.173,0.688,0.599,0,4,0.111,-8.013,0,0.0477,127.988,0.535),('4v1P7JCjehbg5TmLQo2mFy','7AM','5WrbKW1nRN4vSsu70uizxX',0.275,0.638,0.526,0,7,0.462,-8.401,1,0.131,139.054,0.301),('4v51rv7iRmKL2c0AgeAHDr','Operator (That\'s Not The Way It Feels)','5M1LRjo6pwaxEBuu7Dbvjb',0.591,0.683,0.529,0.0000337,7,0.089,-8.888,1,0.0326,130.409,0.791),('4v7DCN09hgXkKazefkznDQ','Lonely','77eKpEVxmSr1RhqMlirlTF',0.339,0.634,0.526,0,5,0.257,-7.881,0,0.0333,90.087,0.623),('4v7SAP4KD96BFLWiCd1vF0','Madonna','0ptlfJfwGTy0Yvrk14JK1I',0.0149,0.905,0.506,0.0000356,2,0.371,-8.598,1,0.0588,110.017,0.122),('4VC5nFbYO4avKksJ9jN4pY','Just Give Me a Reason (feat. Nate Ruess)','0pqKb2y8h2BWS46HMfmEgD',0.346,0.778,0.547,0.000302,2,0.132,-7.273,1,0.0489,95.002,0.441),('4vE8kSu9DhhJHAczFvuUgN','Guarantees','1HT8zTMIromrZOA4wnbGdV',0.732,0.83,0.417,0.000308,4,0.219,-10.444,0,0.333,81.948,0.324),('4VGvosVIeFMCUwHibq7a9Z','Encore','43otFXrY0bgaq5fB3GrZj6',0.672,0.633,0.704,0.179,11,0.105,-7.697,1,0.0276,104.958,0.342),('4vHmY3cg7PWCPE0buO3G6t','21st Century','7xl50xr9NDkd3i2kBbzsNZ',0.00624,0.607,0.89,0.135,2,0.14,-3.148,1,0.0504,115.941,0.671),('4vii2up5qWodc3IdtBSWqX','Mission','0tN2TkilPoLmqN21UJBC77',0.111,0.343,0.839,0,1,0.0649,-3.644,1,0.0812,79.65,0.641),('4VRvwi48SiXhGSloFVMcij','Boss','732gud2ZvQiD9nHSi8qMtA',0.11,0.568,0.606,0,2,0.17,-6.152,1,0.22,136.036,0.194),('4W3LpDT8Z1DrlzOrLUkoo4','The Wild','3thbkS5Ijz41mAbAOat7wc',0.734,0.465,0.267,0.678,0,0.205,-14.264,1,0.0315,132.002,0.0757),('4w550INDhXkaG2cmCysKRg','Square (Solo Piano Version)','6XIm98oFtEgIN0VPdzoKvu',0.866,0.22,0.421,0,0,0.132,-8.799,1,0.035,80.411,0.498),('4w5m4X0OZ2IslxNOgtntTN','Crime Pays','31KbO7WnDp2AjPdmRTJzdf',0.139,0.608,0.699,0,6,0.242,-8.267,1,0.114,146.941,0.784),('4wh12w6ooB4rmy6FrZIPG4','Using','6Cfe6KeJNBqa0vb6ABPQ4R',0.217,0.741,0.526,0.00000361,1,0.185,-7.001,0,0.052,119.944,0.548),('4WiiRw2PHMNQE0ad6y6GdD','Chocolate','6Z1zv6Hw9bdvSoxI5uYk2h',0.000532,0.614,0.938,0,11,0.368,-4.461,1,0.0611,100.058,0.607),('4WmcBHCMydSBMNr34yRI6W','We\'ll Be Fine','63WdJvk8G9hxJn8u5rswNh',0.00171,0.386,0.488,0,1,0.64,-7.303,0,0.422,193.397,0.217),('4wNIkl5XGiAACjFBlDWuSd','What A Man Gotta Do','3SgvmlSsTrMuqICaOTlo0p',0.00839,0.852,0.698,0.00000103,9,0.0773,-7.206,1,0.0629,113.039,0.324),('4woTEX1wYOTGDqNXuavlRC','Superman','2cWBwpqMsDJC1ZUwz813lo',0.0215,0.802,0.755,0,4,0.295,-3.138,0,0.0564,130.027,0.58),('4wqWpZoIKRAwFPEarFWhkS','Righteous Man','5FWZm9haAG0NhY6WmdS4oW',0.0168,0.337,0.988,0,2,0.117,-3.09,1,0.187,86.158,0.691),('4wTMBYRE6xVTIUQ6fEudsJ','Take Care','63WdJvk8G9hxJn8u5rswNh',0.0267,0.629,0.515,0.0000122,0,0.0888,-10.358,0,0.265,121.845,0.299),('4wv0lOxuHGbnLXVBFmxfxy','Hold You Down','4q5E2s5u5X5HT4UMJpbMKE',0.243,0.613,0.71,0.0000142,7,0.145,-7.539,1,0.102,85.174,0.486),('4wzt5Rrk3W98pHXAqutuJw','Talk','4E7bV0pzG0LciBSWTszra6',0.00548,0.413,0.557,0.00227,7,0.155,-10.841,0,0.0335,120.318,0.158),('4XftZK3jES7jhDFZkbQ3mt','Monumental','1HMw6LQLUfP2wxseAtdnfz',0.118,0.625,0.907,0,11,0.298,-4.934,0,0.291,135.238,0.77),('4xh7W7tlNMIczFhupCPniY','Go Your Own Way - 2004 Remaster','0BwWUstDMUbgq2NYONRqlu',0.0167,0.586,0.941,0.000776,5,0.068,-5.139,1,0.0375,135.448,0.831),('4xiXUxU2j7pBLeGbV6R48B','Heads Up','2wxO6auSkzsTuSua9PqZop',0.0067,0.675,0.791,0.618,7,0.374,-5.496,1,0.0447,165.047,0.5),('4xjTj1GaKEdP7VJRLwcogJ','Never Told','4skqOUXyBUnzxVPNPxrGWV',0.396,0.329,0.65,0,11,0.119,-9.574,0,0.206,84.594,0.437),('4xKp0mZ2hY6eS0ii55KgKR','Practice','63WdJvk8G9hxJn8u5rswNh',0.574,0.446,0.239,0.0000776,1,0.12,-15.327,1,0.0876,104.675,0.31),('4xm8cfuUPvoEowL1TTBJGi','Opium','5dR0fhE3oveLRSUMMQ3oRB',0.371,0.428,0.321,0.673,9,0.114,-8.889,1,0.0285,126.135,0.113),('4XOVGSQjmxtSbt3pKk0Ouh','Preacher','2bbhW5ifCwOYM8DMkqoYBF',0.106,0.479,0.708,0,1,0.736,-4.393,1,0.0275,140.032,0.342),('4xUlOxwGkdhsQuirAp5RfV','Moonshadow','2B719vL1xtPTwYs0j5BuAo',0.712,0.641,0.297,0.0000778,2,0.122,-11.316,1,0.0319,130.658,0.511),('4y3OI86AEP6PQoDE6olYhO','Sucker','4W0r9HOcuCC6Vh7aze2hwi',0.0427,0.842,0.734,0,1,0.106,-5.065,0,0.0588,137.958,0.952),('4y4w2Z7L7ZsnHNvbwKYfVO','One More Suicide','5dR0fhE3oveLRSUMMQ3oRB',0.421,0.527,0.454,0.00209,7,0.351,-8.676,1,0.0262,149.823,0.282),('4YKQNOflFtqc1LpQp5yYBD','stupid horse','4CGanXs6KlVuXXdNrf82qE',0.0529,0.526,0.902,0,3,0.531,-4.876,1,0.314,168.188,0.797),('4yLoZbvsw3UXMgOgylYgQn','Sinner','0XUNG1cssmwHh22loRqKdJ',0.00319,0.636,0.787,0,2,0.163,-6.584,1,0.0306,111.983,0.351),('4YPhn26bIFm2KUkL1VLzQG','Say It Ain\'t So','33CmI2lR8PnQwz6133Mc7l',0.00328,0.635,0.435,0.00000678,3,0.071,-7.521,1,0.031,76.098,0.459),('4Ys8jQvZOISzmp34BsImRf','Washing Machine Heart','653wRjqO0GOZPQPcXpeAXD',0.00999,0.617,0.821,0.494,9,0.426,-4.085,1,0.026,106,0.581),('4YwLagaVWaegNK7RsUh1at','My Name Is Jonas','33CmI2lR8PnQwz6133Mc7l',0.000157,0.3,0.927,0.000802,11,0.304,-4.605,1,0.0422,186.239,0.634),('4YwNf1fLZt9IQhJeHNWfBi','Intro','7viNUmZZ8ztn2UB4XB3jIL',0.844,0.456,0.268,0.0693,7,0.107,-15.164,0,0.0417,78.531,0.12),('4ywWJqYKOwaVVh9xXARWUS','Tangerine - Remaster','6P5QHz4XtxOmS5EuiGIPut',0.0857,0.306,0.398,0.0000602,6,0.0756,-12.767,1,0.0412,85.622,0.0948),('4zGvb8hxGLB2jEPRFiRRqw','Bonfire','4q5E2s5u5X5HT4UMJpbMKE',0.0627,0.508,0.763,0,1,0.347,-5.674,1,0.303,161.59,0.275),('4zI04ezdmrN0lT2pHykYrd','Pain = BESTFRIEND - feat. Travis Barker','2Ti79nwTsont5ZHfdxIzAm',0.536,0.671,0.628,0.151,4,0.12,-5.117,1,0.0273,135.005,0.595),('4zLOwx1yRJXWkHKt1XzF1p','Now & Forever','0ptlfJfwGTy0Yvrk14JK1I',0.124,0.555,0.481,0,10,0.101,-7.419,0,0.0322,107.806,0.0981),('50pJjHSDBz8DnHYAmHzqQ6','Come Together','1oHY6eQmEG8skElDvFgKz2',0.00479,0.597,0.882,0.00141,0,0.0881,-6.958,1,0.0623,137.977,0.452),('50zZ6S7YI5dVL69a7GkArx','KRS-One','0vuwlanMPucXrYMGnOjhYL',0.525,0.65,0.301,0.000251,10,0.107,-11.319,0,0.149,125.97,0.388),('51EC3I1nQXpec4gDk0mQyP','90210 (feat. Kacy Hill)','4PWBTB6NYSKQwfo79I3prg',0.113,0.402,0.526,0.00000833,9,0.105,-6.741,0,0.0904,81.404,0.312),('51RN0kzWd7xeR4th5HsEtW','IGOR\'S THEME','5zi7WsKlIiUXv09tbGLKsE',0.00559,0.467,0.672,0.243,10,0.607,-7.371,0,0.377,163.1,0.0648),('51ygW389BW4Dut3B69pSwc','All I Need','7eyQXxuf2nGj9d2367Gi5f',0.517,0.668,0.477,0.446,4,0.139,-8.709,0,0.0358,88.005,0.0966),('52NmkyHsGsHGb1UX8fTkMg','I\'m In It','7D2NdGvBHIavgLhmcwhluK',0.141,0.486,0.604,0,1,0.0668,-4.591,1,0.344,170.312,0.45),('53uzBMME2GSfpUVtOtiLvA','Scarborough Fair / Canticle','25irJgxRNTlyg8pUmWfDVG',0.689,0.356,0.261,0,2,0.112,-14.963,1,0.0315,128.551,0.279),('55fg1bDXyNUsY2KaSMNFpA','Open Your Eyes','6fb7z9rBdrjzpBTg1R1Bwp',0.000762,0.518,0.798,0.000863,7,0.101,-6.386,1,0.0307,130.972,0.046),('55KKzF53NXeY7neYbd8wz5','I\'ll Have To Say I Love You In A Song','6QVn3X0VlX6XynvzgQVPi0',0.776,0.508,0.513,0.0303,9,0.11,-13.947,1,0.0287,133.791,0.702),('55S2PQgSMYAhgoTCcGCDfw','Youngblood','16Qs4jnIyXe7jprnMNRddy',0.0169,0.596,0.854,0,7,0.124,-5.114,0,0.463,120.274,0.152),('55XOFkEEYgeqxZkQfEt97X','The Needle and the Damage Done - 2009 Remaster','2l3QxNo4QubBNmVKxLeum0',0.855,0.591,0.221,0.0012,7,0.696,-18.296,1,0.0416,105.3,0.369),('56twMOlq9DJc3EgpVUVIrW','Stone Cold','3HV3ecmJJ2GmHM93vVVKXF',0.539,0.419,0.453,0,8,0.0971,-7.685,1,0.0437,140.327,0.356),('56XDI7P6Er1dD5SqUxWbuQ','Up on a Plane','5FWZm9haAG0NhY6WmdS4oW',0.145,0.772,0.701,0.545,7,0.0859,-6.136,1,0.138,165.778,0.907),('56XoFI6v7kbGNdM8ALYWof','Lonesome Town - 1990 Digital Remaster','5R27t83T8Jhltww09lriMo',0.856,0.508,0.0965,0.012,11,0.102,-18.283,1,0.031,77.906,0.296),('56Z7hbyMrndw1naxb6I5Oi','Reckoner','7eyQXxuf2nGj9d2367Gi5f',0.511,0.518,0.656,0.156,4,0.0679,-7.438,0,0.0264,104.282,0.203),('576JG18qrZLR6umK0uU8V7','I Never Liked Your Friends - Acoustic','6UHnrutbXsSuSiQJf8jBdI',0.767,0.753,0.296,0,10,0.0792,-7.893,1,0.0357,121.783,0.444),('57MflfPN3ObQQAQtPUp0WF','Romeo and Juliet','7yTjsInNdNQJAlXAboi1nh',0.437,0.602,0.574,0.00415,5,0.0751,-8.169,1,0.0278,87.318,0.486),('58aRrOlOxUYWioWhz172w4','money machine','4CGanXs6KlVuXXdNrf82qE',0.229,0.68,0.659,0,6,0.474,-7.186,1,0.151,98.877,0.75),('58RWYT5MGo8e4Y3WAZHh9g','You Better You Bet','2zLGQD3h1VG2tKzJCdAAyR',0.5,0.577,0.762,0.0000413,0,0.0753,-8.552,1,0.0441,161.965,0.554),('58TaFP5j5i9swOf584yon2','HOUSTONFORNICATION','41GuZcammIkupMPKH2OJ6I',0.0985,0.689,0.723,0,0,0.158,-4.052,0,0.0836,160.042,0.288),('58tizBbohZFxRjGNaT7Brc','Sprawl I (Flatland)','3DrgM5X3yX1JP1liNLAOHI',0.705,0.29,0.337,0.00131,0,0.149,-12.92,0,0.0295,96.456,0.156),('58VnTSn9DyiXssDcwV5oJR','Day Drink','51TN0K5PPiEAlc9BThj08l',0.479,0.808,0.809,0,10,0.0944,-4.212,1,0.302,90.529,0.426),('5A0M6B0RBSXSNWv0wcppZ9','I DON\'T LOVE YOU ANYMORE','5zi7WsKlIiUXv09tbGLKsE',0.352,0.638,0.522,0.0663,8,0.165,-9.814,1,0.0932,142.952,0.584),('5A63MgoNPniM7necFglMhe','Twist My Fingaz','4nwd6ernojhNIIRifDJoRz',0.0134,0.903,0.602,0,10,0.14,-5.429,0,0.336,99.01,0.529),('5aAx2yezTd8zXrkmtKl66Z','Starboy','09fggMHib4YkOtwQNXEBII',0.165,0.681,0.594,0.00000349,7,0.134,-7.028,1,0.282,186.054,0.535),('5aDZOMeCa6VuKJSENFsuGx','Easter Sunday','4NIsKATEssBSrAl40JlZs5',0.0774,0.38,0.723,0.00000252,1,0.92,-9.608,0,0.34,143.285,0.804),('5AJrhrwz4oSZX2PwwV4qrN','Time of the Season - Mono Version','7K6JtyaSSVr7HidQsCHun0',0.142,0.537,0.7,0.00000158,4,0.383,-6.852,0,0.0366,117.111,0.695),('5AnCLGg35ziFOloEnXK4uu','Adore You','3RDqXDc1bAETps54MSSOW0',0.111,0.583,0.655,0.00000357,0,0.113,-5.407,1,0.0315,119.759,0.201),('5b6zjsBrZCqe6RFycLz2tc','schizophrenia','2Ti79nwTsont5ZHfdxIzAm',0.0762,0.606,0.349,0.0711,2,0.1,-10.032,1,0.198,180.055,0.239),('5b7bw99d54cVx1kEJHqGA1','Beach Is Better','0OTjYdGtP7AbwOwbYsGhyi',0.00138,0.813,0.518,0.0000434,9,0.125,-6.504,1,0.0558,114.232,0.0941),('5b7OgznPJJr1vHNYGyvxau','Fly Me To The Moon (In Other Words)','2NCtCObbmJoJnplsR5mLAl',0.453,0.668,0.26,0,7,0.0621,-14.256,1,0.0523,119.416,0.368),('5Be8Gm2eCrDYVIRaFW3g7I','Murder To Excellence','1YwzJz7CrV9fd9Qeb6oo1d',0.024,0.566,0.816,0,1,0.0804,-4.741,1,0.32,87.353,0.578),('5bJ1DrEM4hNCafcDd1oxHx','Self Care','5wtE5aLX5r7jOosmPhJhhk',0.367,0.52,0.538,0.00187,1,0.119,-8.109,1,0.206,141.894,0.177),('5bjD0mihBv4vU9xEJMH67T','Waveform','2SmrUzUMMOYQqoPuOhlhjw',0.847,0.347,0.38,0.00869,7,0.356,-8.237,1,0.027,71.198,0.113),('5BJSZocnCeSNeYMj3iVqM7','Love Runs Out','2bbhW5ifCwOYM8DMkqoYBF',0.167,0.719,0.935,0,7,0.0973,-3.752,1,0.0589,120.022,0.738),('5Bn2fo4Ri8ikJXmpiQBoL3','Dial up','0zi2TaQkYxfXIBvl2yTjQJ',0.871,0.456,0.271,0.534,3,0.527,-17.243,1,0.041,97.258,0.528),('5bO5xc5BHe1aTsaqyRZLNU','Flying Horses','6uEgPlkfgRwWwEa4w62ZC2',0.0535,0.465,0.74,0,4,0.0853,-6.295,0,0.0791,112.193,0.644),('5bUwUQKGNnTE20kb3MTqHD','Under Ground Kings','63WdJvk8G9hxJn8u5rswNh',0.000052,0.487,0.712,0,8,0.198,-7.323,1,0.27,156.209,0.397),('5CDy1I6rSt6vXdqIb87A6f','Come Thru','2gXTTQ713nCELgPOS0qWyt',0.159,0.558,0.468,0,3,0.586,-5.812,1,0.173,81.977,0.405),('5Cg6S5BXG6lXqjijSK9zFh','War Pigs','69MkRYEzxiZ84QmgmPJqdY',0.00698,0.581,0.566,0.00000293,5,0.0968,-8.169,0,0.0357,83.904,0.449),('5CGS4UovzA7ftCJkLVXQju','I Love Kanye','7gsWAHLeT0w7es6FofOXk1',0.594,0.756,0.374,0,5,0.217,-7.966,1,0.741,80.326,0.966),('5CjwXdq5Z73Va0XCPFG5Aq','The Good Life','3jWhmYMAWw5NvHTTeiQtfl',0.14,0.539,0.893,0,6,0.339,-4.566,1,0.0423,135.76,0.683),('5Ck3e6z1bcSCes5gdo0Ddt','Bed Peace','73TNMu44lT0m1h1Nn6Bfiq',0.269,0.628,0.566,0.0000367,6,0.135,-7.811,1,0.0575,119.859,0.299),('5d5aQIaGhT7WKDjokdKek0','Eric','3Y2DBOg3GKXDlsUvh4htsi',0.857,0.291,0.239,0,3,0.112,-11.335,0,0.035,98.29,0.0391),('5dJjpT4Z6ozSfzN0r1FdGP','fuck Teeth','7KpuGjIfduSD45wl5IQc7G',0.24,0.92,0.455,0.00000773,9,0.0868,-7.58,1,0.354,119.985,0.648),('5DJtltTQQvcFhP65SFqKxq','Bigger Stronger','3MVb2CWB36x7VwYo5sZmf2',0.00181,0.271,0.698,0.637,7,0.0738,-5.933,1,0.039,75.74,0.231),('5dKyrvm1Wv79gBRvCwmRwj','The Two Sides of Monsieur Valentine','3umUeoAKPNFzvwmBbiZ4aw',0.0625,0.643,0.904,0,9,0.0729,-6.128,0,0.037,125.059,0.726),('5dNxDjx7qpphsltttzHWVV','Till It Gets Wet','5FWZm9haAG0NhY6WmdS4oW',0.124,0.632,0.803,0.00000792,0,0.301,-4.628,1,0.0441,166.895,0.963),('5DO1SazQppcsKQ1c1JpyQz','Hol\' Up','13WjgUEEAQp0d9JqojlWp1',0.781,0.607,0.869,0,5,0.137,-5.271,1,0.345,155.983,0.577),('5DsmuV5zcG7rqjwPP7JTee','The Vampires Of New York','5dR0fhE3oveLRSUMMQ3oRB',0.648,0.544,0.383,0.000891,0,0.111,-10.699,1,0.0349,156.85,0.419),('5dugSzXbPRxEQMnFEPosDo','Sailor Mars','2wxO6auSkzsTuSua9PqZop',0.0646,0.36,0.773,0.00609,5,0.792,-5.243,0,0.301,187.738,0.39),('5DxEW4Mgz7SIPrdy1EKrA3','Cigarette Daydreams - Unpeeled','4zpN41aGAYPWX3dzE19rH7',0.403,0.615,0.56,0,2,0.0979,-7.436,1,0.0272,116.334,0.299),('5e4LIAQI0bClLazNf2gZV0','EXACTLY WHAT YOU RUN FROM YOU END UP CHASING','5zi7WsKlIiUXv09tbGLKsE',0.927,0,0.478,0,11,0.335,-16.569,0,0,0,0),('5e5MKPtJuFb8NaeSEyV5gD','Say You Will','3WFTGIO6E3Xh4paEOBY9OU',0.542,0.603,0.401,0.225,0,0.103,-10.155,0,0.0306,172.633,0.347),('5Ea66YQ4u2nePfHsM5UezQ','A Horse with No Name','1TCONwUgvvjqSYJFPUCUTW',0.136,0.672,0.588,0.0735,1,0.148,-10.026,0,0.0413,116.966,0.852),('5EoD2H4HEX3lQd0l7CsHA1','Wild West End','4dKdxly4ji1vfl7sEYuqBe',0.416,0.793,0.395,0.00235,4,0.0872,-12.078,0,0.0393,132.889,0.515),('5ErtQGRKEibK2WHaA729O8','Me and My Husband','653wRjqO0GOZPQPcXpeAXD',0.0478,0.497,0.639,0,1,0.39,-5.31,1,0.0273,171.95,0.766),('5EWPGh7jbTNO2wakv8LjUI','Free Bird','6DExt1eX4lflLacVjHHbOs',0.0738,0.249,0.834,0.0000948,0,0.0924,-8.21,1,0.0577,118.223,0.338),('5eYwDBLucWfWI5KsV7oYX2','Mary Jane\'s Last Dance','7ait6chB3O3C1fMGUDJhtu',0.0383,0.402,0.814,0.00000119,10,0.266,-4.954,1,0.14,170.02,0.516),('5f2ZVFERwwh3asebmurZEf','Hump de Bump','7xl50xr9NDkd3i2kBbzsNZ',0.142,0.685,0.971,0.00000704,9,0.0689,-3.153,0,0.0362,111.926,0.899),('5fDj1YVNR04RtQNP4iYapO','No Love','08aqY8lv4zx4uaqBUpMD8a',0.0229,0.56,0.883,0.00000136,8,0.0671,-1.447,1,0.333,147.111,0.572),('5fIXvEcVEQV5vK3IJapBp3','BagBak','0Wepiqj4q84dBp2nIkWFmw',0.0494,0.759,0.827,0.000313,1,0.104,-4.518,1,0.0914,81.995,0.941),('5fmf2sDbU6cbodUM6On6wg','Set In Stone','45jVbFOVEriXYOjNLjIJFq',0.593,0.485,0.338,0.0000267,4,0.105,-6.635,1,0.0301,77.946,0.11),('5fyIGoaaKelzdyW8ELhYJZ','Feeling Myself','5ooCuPIk58IwSo6DRr1JCu',0.437,0.564,0.703,0.00927,2,0.358,-5.459,1,0.269,139.045,0.477),('5fyrn9WcfL1LNdRIaa26m5','Haze of Love','7sdz6zUhXNwbwzqVRskzj9',0.61,0.735,0.489,0.0000501,9,0.0807,-9.583,1,0.0353,105.327,0.775),('5ghIJDpPoe3CfHMGu71E6T','Smells Like Teen Spirit','2guirTSEqLizK7j9i1MTTZ',0.0000255,0.502,0.912,0.000173,1,0.106,-4.556,1,0.0564,116.761,0.72),('5GjPQ0eI7AgmOnADn1EO6Q','Eleanor Rigby - Remastered 2009','3PRoXYsngSwjEQWR5PsHWR',0.936,0.581,0.28,0.0000156,4,0.305,-9.091,0,0.0381,137.831,0.813),('5GKVcvTgnFYtfh25qKQtRg','One Way Trigger','4WnkQO4xD9ljQooB3VIxCV',0.000182,0.516,0.942,0.464,2,0.116,-4.113,1,0.036,95.996,0.964),('5GorCbAP4aL0EJ16frG2hd','Boulevard of Broken Dreams','3id4t9IqRoB1f1smOERtrY',0.00552,0.496,0.682,0.0000294,8,0.0589,-4.095,1,0.0294,167.06,0.474),('5GUYJTQap5F3RDQiCOJhrS','Self Control','3mH6qwIy9crq0I9YQbOuDf',0.765,0.572,0.209,0,8,0.356,-10.413,1,0.0313,80.069,0.446),('5H25xsIuRWUI8GwcoAoeSG','Piss On Your Grave (feat. Kanye West)','4PWBTB6NYSKQwfo79I3prg',0.00793,0.554,0.54,0.00000105,1,0.158,-5.687,1,0.0905,116.877,0.162),('5H2WmzaijYOGTHeHdM3w9P','Nice Boys','3w5Zdmzwq8JDgY0DaheigE',0.495,0.546,0.669,0.735,2,0.25,-10.806,1,0.103,75.144,0.337),('5HAjss9faCAowGY8dM24r6','Is There Anybody Out There?','5Dbax7G8SWrP9xyzkOvy2F',0.723,0.307,0.0742,0.308,9,0.11,-27.159,0,0.0359,118.591,0.0394),('5HIKTopIsEr4NZM99yytdo','heyahe','3xfYC3XF0qsR4D11P07llX',0.0313,0.701,0.775,0,5,0.213,-4.312,0,0.0349,126.979,0.489),('5hMxgvMmI99alD8JJpjO0w','Sunrise','4q5E2s5u5X5HT4UMJpbMKE',0.00982,0.582,0.681,0,7,0.0676,-6.131,1,0.0467,79.982,0.155),('5HNCy40Ni5BZJFw1TKzRsC','Comfortably Numb','5Dbax7G8SWrP9xyzkOvy2F',0.15,0.472,0.366,0.308,11,0.0837,-12.595,0,0.0286,127.167,0.171),('5HQVUIKwCEXpe7JIHyY734','Young, Wild & Free (feat. Bruno Mars)','11Bkx3E99vf0IlYPND61LJ',0.0525,0.715,0.655,0,0,0.115,-6.425,1,0.137,95.078,0.531),('5hTpBe8h35rJ67eAWHQsJx','Caroline','3lajefIuUk4SfzqVBSJy8p',0.17,0.941,0.335,0,5,0.262,-10.179,0,0.505,120.041,0.707),('5hVghJ4KaYES3BFUATCYn0','EARFQUAKE','5zi7WsKlIiUXv09tbGLKsE',0.23,0.554,0.498,0.00000598,9,0.795,-8.866,1,0.0685,79.635,0.413),('5iIixnRBYl3NJDBfzEOKWz','Pills','3dtSst4EXjGeZVQ5Sco315',0.582,0.421,0.407,0.775,11,0.117,-10.732,1,0.0777,80.748,0.238),('5IJ6rniX2mkT2ITklBSx6a','Do You Wanna Get High?','6StNTJJ7Yq3Hf121kLvPBz',0.00111,0.443,0.813,0.0000832,3,0.117,-7.274,0,0.0456,132.046,0.691),('5ikBZVTjSz8refDMxllN4c','Window','4I1p9GbBnm0i0TLwB5fCBR',0.791,0.85,0.537,0.000298,5,0.188,-7.406,0,0.0279,102.995,0.931),('5imShWWzwqfAJ9gXFpGAQh','Waiting On the World to Change','1Xsprdt1q9rOzTic7b9zYM',0.159,0.577,0.756,0.000232,2,0.249,-5.82,1,0.115,176.75,0.663),('5IRWgQiN0c2i4U97iE3OoY','Heart of Gold - 2017 Remaster','2mFcOZBh8JmZdwIiOVeTw7',0.212,0.542,0.444,0.0519,4,0.102,-11.567,0,0.0295,171.719,0.827),('5j0oqJkeHoXjtPCgz9hMmd','HEY CHILD','5YF8ms264wRnswVK1YMYmu',0.00499,0.697,0.661,0.00000277,5,0.0773,-5.535,1,0.0453,112.016,0.546),('5Je1fS7wNMhngKuU0fKUvw','Ain\'t That Some Shit (Interlude)','1NfrmcXk8xNennyxQ57JcW',0.0814,0.703,0.852,0.0014,7,0.314,-5.932,1,0.196,76.471,0.961),('5JEx7HbmvHQQswJCsoo9rA','Close To Me (with Diplo) (feat. Swae Lee)','4bLCVUEB9YWKEeaJm8FfqQ',0.0969,0.574,0.758,0,1,0.395,-5.029,0,0.0621,144.111,0.492),('5JfYyqgaXDFMVtWzzgN8Uq','Breakdown','4skqOUXyBUnzxVPNPxrGWV',0.0207,0.455,0.647,0.0556,1,0.098,-7.27,1,0.203,99.505,0.489),('5jgFfDIR6FR0gvlA56Nakr','Blackbird - Remastered 2009','1klALx0u4AavZNEvC4LrTL',0.754,0.686,0.127,0.0000141,7,0.0573,-14.361,1,0.0342,93.699,0.372),('5JH5KmHF5hPzdIuvNzPA1Y','Gimmie That Money','16SMGvTZrwtiJ132g69toP',0.0896,0.837,0.641,0,11,0.137,-6.951,0,0.24,110.48,0.579),('5jhfa76FhqtD3Boij6MAKS','Love You Madly','5OCg9OWnL1PY4tW2ON8ssj',0.0908,0.752,0.809,0.0000941,9,0.169,-8.399,1,0.0598,106.999,0.658),('5JRMqkR82k2fdDEAim9SCN','Peach','6wi40lIjhukePWyXRKY7qO',0.683,0.646,0.681,0.00000484,7,0.107,-5.847,1,0.0764,131.896,0.421),('5jVn3efDjCiN6iubdAWujg','Wavez','7GhFQWuWMkeK90aBHhj4cs',0.0435,0.669,0.54,0,1,0.09,-7.645,1,0.0374,82.012,0.44),('5JwuHzmJCmHuHGjP9W6KtK','Youngblood','5a3LqvNt2nv1B4aRKXmgOV',0.00104,0.522,0.963,0,1,0.149,-3.31,1,0.0528,136.515,0.782),('5k38wzpLb15YgncyWdTZE4','Him & I (with Halsey)','1VAc77UvK5wj8ZSWCo3V2b',0.0534,0.589,0.731,0,2,0.308,-6.343,1,0.0868,87.908,0.191),('5K7dEG6yDQ981HO7kFMVqm','Baby Boy','6wi40lIjhukePWyXRKY7qO',0.666,0.334,0.485,0.00418,5,0.14,-8.838,1,0.076,169.434,0.436),('5k7VKj1Xwy5DjO4B0PdAOb','Nude','7eyQXxuf2nGj9d2367Gi5f',0.833,0.537,0.342,0.6,4,0.0856,-9.785,1,0.0338,128.331,0.156),('5k8LB57xOq8UUNVaKWSqrf','Futura Free','3mH6qwIy9crq0I9YQbOuDf',0.769,0.266,0.678,0.0000937,1,0.503,-12.364,1,0.508,83.434,0.201),('5knuzwU65gJK7IF5yJsuaW','Rockabye (feat. Sean Paul & Anne-Marie)','3meZFplbMmji648oWUNEfQ',0.406,0.72,0.763,0,9,0.18,-4.068,0,0.0523,101.965,0.742),('5koRIAVFX3uY6gZK3GSkOK','Vibration','0d7CkzJxr1H2KX9F87ZcZF',0.0218,0.605,0.782,0,1,0.074,-6.115,1,0.072,136.056,0.613),('5kpnUpMNV9dPNCKY7JtW3Q','Forbidden Fruit (feat. Kendrick Lamar)','1NfrmcXk8xNennyxQ57JcW',0.548,0.838,0.505,0.00127,1,0.211,-9.354,1,0.383,110.029,0.407),('5krhLrOQMdMLTH8N29tIRT','Comb 4 My Dome','5FWZm9haAG0NhY6WmdS4oW',0.427,0.738,0.8,0.00543,2,0.094,-6.051,1,0.0986,115.175,0.925),('5lA3pwMkBdd24StM90QrNR','P.Y.T. (Pretty Young Thing)','1C2h7mLntPSeVYciMRTF4a',0.23,0.888,0.815,0.000424,11,0.127,-4.909,0,0.0404,127.273,0.961),('5lCRPA4XEg4VPbNu0lDHBA','Wiseman','2gxWOqfi9PJp6szSHHfZpY',0.735,0.717,0.373,0,7,0.303,-7.185,1,0.061,138.513,0.538),('5LWDFMMBB24zGSLGyVcgZE','Blue Verb','50156iq4owa0BXegpAf1Mg',0.197,0.621,0.469,0.151,1,0.727,-8.58,1,0.0568,157.2,0.853),('5m578MgxuEC956dulprCe8','Go Robot','43otFXrY0bgaq5fB3GrZj6',0.0432,0.852,0.651,0.0192,8,0.158,-6.254,1,0.0411,131.01,0.96),('5ma71INSTL8sY1HzjVBj2g','Riptide','1TIkCvpgUWCpjKOuMVaGZD',0.46,0.502,0.719,0,1,0.114,-6.649,1,0.0349,101.609,0.438),('5mJ96Y7ZTc7SukGLGFMjEz','Fall In Love - Instrumental','06Ee6dveq170ls1t52Cj6s',0.00505,0.672,0.491,0.859,8,0.0604,-12.021,1,0.044,182.616,0.889),('5MKfN1QC8ZWKeQGDFJSxaq','Turning Out Pt. ii','02tIakRsIFGW8sO4pBtJgj',0.859,0.431,0.19,0,9,0.1,-9.362,1,0.0371,76.925,0.128),('5mkGfmJGFZpwK9nA5amOhv','Sex & Candy','5dR0fhE3oveLRSUMMQ3oRB',0.238,0.67,0.558,0,2,0.106,-9.159,1,0.0251,80.511,0.63),('5Mtt6tZSZA9cXTHGSGpyh0','The Blacker The Berry','7ycBtnsMtyVbbwTfJwRjSP',0.00713,0.553,0.852,0,10,0.463,-4.08,0,0.305,176.058,0.27),('5MXjqHboetBEuJ7T4e3zMv','Escape (The Piña Colada Song)','20KTN0AvsVU6VD757k2jgp',0.0163,0.585,0.714,0,0,0.204,-5.087,1,0.0297,138.029,0.794),('5mZJwWdxAOR4xUvSGZvvMU','6PM In New York','0ptlfJfwGTy0Yvrk14JK1I',0.107,0.554,0.849,0,5,0.155,-4.154,1,0.25,128.428,0.386),('5N5k9nd479b1xpDZ4usjrg','Promises (with Sam Smith)','2tpWgbBdzjkaJVJzR4T8y1',0.0119,0.781,0.768,0.00000491,11,0.325,-5.991,1,0.0394,123.07,0.486),('5NDUXbMwcnTQp66tI2zcdR','Fresh Eyes','0lq7zwC6uQiu8pwW5FK3Fb',0.548,0.828,0.56,0.0000366,0,0.15,-6.685,1,0.0327,122.054,0.872),('5nFur5SMzdpP4obWLrBFD3','Limos','7mxpMxmMM8RN39YRlo08v7',0.307,0.594,0.732,0.0000429,11,0.111,-5.852,0,0.417,175.986,0.558),('5nIu0VwPOsjkF61zfevLKh','Hold My Liquor','7D2NdGvBHIavgLhmcwhluK',0.0199,0.495,0.322,0.00000761,8,0.115,-10.36,1,0.0337,106.992,0.0399),('5nMfIpT4sBRTjrNwhHKZxE','Windowpane','5ufzqDK2p7Te64hQBAu35t',0.0000101,0.507,0.723,0.0478,1,0.132,-8.164,1,0.0239,88.996,0.304),('5Nn2Dj7OQsGL6pgQ9iIzPp','Ghostwriter','7DmNwRBDJRUEFUlk3oa2Aj',0.0107,0.747,0.68,0.803,1,0.0964,-6.187,1,0.0346,93.804,0.594),('5nNmj1cLH3r4aA4XDJ2bgY','September','6UixeNUSjrBnxeYV0ZuGHR',0.114,0.697,0.809,0.000521,9,0.183,-8.197,1,0.0302,125.941,0.98),('5nPOM0nFRAJ3XI8xCxNAzO','Guilt Trip','7D2NdGvBHIavgLhmcwhluK',0.159,0.439,0.666,0.0000103,4,0.129,-6.078,0,0.0754,137.9,0.579),('5NQbUaeTEOGdD6hHcre0dZ','679 (feat. Remy Boyz)','0TyDTzG2zt2tg0wONT9wSU',0.00256,0.618,0.717,0,7,0.625,-5.738,1,0.318,190.05,0.603),('5NVGzONJngUL1XUAK7oo6W','The Fiends Are Knocking','16SMGvTZrwtiJ132g69toP',0.0755,0.554,0.868,0,8,0.455,-6.297,1,0.269,88.433,0.44),('5Ohxk2dO5COHF1krpoPigN','Sign of the Times','1FZKIm3JVDCxTchXDo5jOV',0.0275,0.516,0.595,0,5,0.109,-4.63,1,0.0313,119.972,0.222),('5oJ6pSfpV5HH9QBeXyNMjJ','Suddenly','1E1eyI5uGllppJZCxNoF9w',0.283,0.607,0.519,0,2,0.676,-8.78,1,0.269,129.546,0.441),('5OLjhk2db14wAFMmWjrxGw','Frank Sinatra','57lJNxlrPSin9SySEnerNb',0.184,0.679,0.513,0.0242,7,0.177,-9.2,1,0.0417,114.225,0.554),('5olWalQH1oVza5D6xJg4oX','Sail To The Moon','1oW3v5Har9mvXnGk0x4fHm',0.797,0.372,0.295,0.552,9,0.0977,-10.949,0,0.0315,111.871,0.054),('5OmcnFH77xm4IETrbEvhlq','Sunshine','39zWkGGJ9811zUhYxJRFjt',0.147,0.852,0.572,0.00000262,1,0.186,-5.086,1,0.149,90.939,0.569),('5oMzKQoMFXKcyhzumiVM7o','Oh My My','3sABlBpkGohgVYOVN23q8m',0.0748,0.75,0.663,0.00702,4,0.0633,-5.275,0,0.1,115.009,0.642),('5p7GiBZNL1afJJDUrOA6C8','Hurt Feelings','5wtE5aLX5r7jOosmPhJhhk',0.343,0.69,0.462,0.00218,8,0.113,-8.054,1,0.13,157.655,0.325),('5pf3AX7eqShjqkvD1CjMYA','Real Men','3Y2DBOg3GKXDlsUvh4htsi',0.177,0.761,0.412,0,9,0.0812,-8.283,0,0.0332,108.961,0.717),('5pHmvFpUCAq3EFdPPIAT2n','Drug You','5CHtbHytqjRfyRzrmyZgWU',0.668,0.636,0.591,0.703,9,0.148,-9.587,0,0.0272,128.012,0.249),('5piJiL6aRhvrKBa9YuEfS9','Peace Frog','6AFLOkpJjFF652jevcSOZX',0.16,0.646,0.725,0.00324,0,0.345,-7.457,1,0.0372,112.62,0.813),('5pUudDDuJgIpgKIGk2zmxv','Baby I\'m Bleeding','51WLEfPEEkzAWurvuY6Gco',0.195,0.574,0.859,0,1,0.416,-2.401,1,0.193,171.392,0.828),('5QsghN74Cu1xxu1rTYJUzU','Turning Out','1NZBzIrSV5yca91Su4i1MC',0.166,0.604,0.522,0,3,0.139,-5.505,1,0.0361,97.028,0.459),('5QvBXUm5MglLJ3iBfTX2Wo','RUNNING OUT OF TIME','5zi7WsKlIiUXv09tbGLKsE',0.296,0.36,0.391,0.000406,6,0.129,-10.6,1,0.0528,84.281,0.162),('5r7OKhOQl2vM8SZnCXSQk1','Free The Frail','5ilsl5R2lGACTnPZMKIp7o',0.515,0.553,0.509,0,1,0.154,-7.955,1,0.353,153.674,0.264),('5RdhBLmB4DyFHLglRrfx63','I\'ll Be There','5d6X8oegJmu9XKn9UBAswG',0.593,0.51,0.515,0.00000124,5,0.654,-7.247,1,0.0253,93.212,0.331),('5rIhBK9aaVMck0W2YtOwci','Decks Dark','6vuykQgDLUCiZ7YggIpLM9',0.668,0.56,0.5,0.833,2,0.117,-10.829,0,0.0272,139.174,0.249),('5Rizj5FLb2AyNKu9esjYY6','Rape Me','6ohX7moZZnF1FwYrli1OJ6',0.0141,0.42,0.746,0,8,0.0661,-10.628,1,0.0467,111.886,0.229),('5RjbFGeWVsCpw8EcE8OrvZ','Gone','5ll74bqtkcXlKE7wwkMq4g',0.0148,0.84,0.668,0,1,0.0699,-6.042,1,0.262,92.805,0.344),('5sBmpL4tJEd75UnvGrfvUD','Yellow Bike','5XyB57ycIwMzsO4OQFD6Gw',0.191,0.605,0.692,0.151,9,0.105,-7.556,1,0.057,119.427,0.686),('5SBQxVy2GTO8dYJZwm7phx','Miss Primetime','0OKwbn6fymXTOc1Qx2Ika1',0.00273,0.587,0.927,0,0,0.109,-2.197,1,0.111,136.921,0.576),('5sCvipEhpAhVhu3K6kzm1P','2 / 14','6cSlODoo4uSPxXfyGwcY9I',0.377,0.607,0.708,0,9,0.294,-7.428,1,0.0539,97.005,0.551),('5SdmtFbNOD7Qej6jFCHkOM','Faust Arp','7eyQXxuf2nGj9d2367Gi5f',0.834,0.338,0.289,0.344,0,0.0966,-13.479,1,0.0366,121.857,0.226),('5sKSfC8yrl9f8uPNzaIXch','Cassandra','0dHrxJNZ6GYq4Dzocjc4ff',0.87,0.168,0.184,0.218,5,0.0982,-14.764,1,0.0322,78.083,0.128),('5sl2735QKaOmL8UL4Q39Ut','Peso','5iHriAMstCv20NpOo0BX1A',0.167,0.527,0.831,0,10,0.0861,-6.876,0,0.27,140.017,0.584),('5suEtW2DUAfvroohjzgatb','Blasé (feat. Future & Rae Sremmurd)','2DtLmzu6cCDYO9U53a6hRA',0.0219,0.897,0.642,0.00000131,2,0.159,-8.828,1,0.0534,127.984,0.291),('5Th6EdNVhxp0TPX41ZLZk6','One Way Or Another - Remastered','4Au1NRTNzdr2GUEUCNctii',0.0118,0.45,0.877,0.0000495,9,0.0699,-6.403,1,0.0532,162.477,0.896),('5tsI3xxDHDgzHhn30LTQNz','These Days','6HiGOyRSF5SiFh5Yv5mEu5',0.533,0.815,0.364,0.0000352,2,0.108,-11.158,1,0.375,129.937,0.328),('5tVA6TkbaAH9QMITTQRrNv','Free Fallin\'','5d71Imt5CIb7LpQwDMQ093',0.212,0.623,0.449,0,5,0.0613,-13.333,1,0.0253,84.383,0.572),('5TxRUOsGeWeRl3xOML59Ai','ARE WE STILL FRIENDS?','5zi7WsKlIiUXv09tbGLKsE',0.128,0.216,0.497,0.00000239,10,0.111,-8.025,1,0.0371,187.308,0.313),('5U0lHydo7tQh5t3dxHpQzu','Attics of My Life - 2013 Remaster','2UDDZVesmQwA4aYfa55diS',0.376,0.44,0.218,0.00000819,9,0.097,-12.991,1,0.0257,90.258,0.287),('5ubUprLRov5UPDCS2UP4cb','Spaceman','7FuhgOwoael0fsg9zjZxog',0.00198,0.517,0.918,0.000677,4,0.123,-3.957,1,0.059,151.979,0.83),('5uDpwSGjljhIgDB1ZYdp9c','1983...(A Merman I Should Turn to Be)','5z090LQztiqh13wYspQvKQ',0.159,0.357,0.682,0.00609,1,0.357,-9.207,1,0.106,138.258,0.229),('5UnoxzcNj2Ym6ZOnIGdwGE','Long Wave','7uo0oJVjhuw0fIGltmSPcs',0.26,0.52,0.411,0.0478,9,0.111,-11.692,1,0.0302,173.119,0.504),('5uRoxIk6Ng1HY2gU1fBn3D','The Beast and Dragon, Adored','3VfwgheyI86T9yto1b1M5H',0.0666,0.677,0.512,0.000187,5,0.377,-6.085,1,0.0359,127.153,0.416),('5v501hmUMvbHPKa7qm0MGD','F*ck Your Ethnicity','13WjgUEEAQp0d9JqojlWp1',0.392,0.601,0.883,0.0000193,0,0.397,-6.944,1,0.328,150.967,0.52),('5VarZFY00sO54HErJ3TPCI','So Good At Being in Trouble','41C5iULlHU9sMYiekI75Pn',0.0363,0.829,0.435,0.878,0,0.119,-10.136,1,0.0515,103.816,0.594),('5vCK2zLPho1HZ9jTBNzMQ3','Animal Bar','7xl50xr9NDkd3i2kBbzsNZ',0.0733,0.562,0.669,0.000404,2,0.114,-4.139,1,0.039,146.82,0.22),('5VErNsWF69eD0HiBt2vWcH','Nineteen Hundred And Eighty Five - Remastered 2010','257oomaawruFknt5wYCPDh',0.0102,0.528,0.655,0.723,0,0.377,-7.85,0,0.0262,115.285,0.367),('5vkkhwtKWnGkFu3tagE71D','Holiday','1xpGyKyV26uPstk1Elgp9Q',0.000408,0.487,0.811,0.0000383,8,0.146,-7.223,1,0.0432,120.124,0.382),('5VnDkUNyX6u5Sk0yZiP8XB','Thunder','51s30K7a36ORx6AAaPBRRY',0.00782,0.604,0.826,0.15,0,0.154,-4.804,1,0.0434,167.985,0.241),('5vnK7vy2ChCUKjKVTbTJTy','Half Light I','3DrgM5X3yX1JP1liNLAOHI',0.000255,0.425,0.687,0.314,0,0.334,-6.03,1,0.0255,93.403,0.284),('5vnuJ8EopkP5dHukpOmT3L','What Would Meek Do?','07bIdDDe3I3hhWpxU6tuBp',0.0064,0.678,0.636,0.00000838,1,0.177,-3.155,1,0.0782,83.071,0.0636),('5VPFATm85G3P04Q5g8yxqr','Nelly','1zRXmMa2gKZ9C2giHrnj4D',0.606,0.901,0.364,0,11,0.106,-7.183,0,0.198,122.064,0.777),('5VvzGpBzEBU6SSwoDRPKck','Travel','5yuWF28EuLGYQ3dtGLjUAC',0.00607,0.521,0.947,0.0000022,6,0.332,-3.368,0,0.0856,102.99,0.6),('5VWC7v2dC2K0SIIjT9WTLN','Welcome to the Machine','0bCAjiUamIFqKJsekOYuRw',0.52,0.382,0.36,0.171,0,0.0747,-12.442,1,0.0365,133.273,0.0362),('5VzeI5JM2y9t21JwrWAnkH','Addiction','5ll74bqtkcXlKE7wwkMq4g',0.185,0.659,0.756,0,1,0.252,-8.318,0,0.165,115.389,0.551),('5w3joDvFdDskgw6TvLh7vN','UP','2JtlTPzThXs3Pvz8V2iBIB',0.343,0.703,0.692,0,4,0.382,-6.26,0,0.168,155.992,0.659),('5WCuoYligCr05q99p5D50S','II. Earth: The Oldest Computer (The Last Night)','0zi2TaQkYxfXIBvl2yTjQJ',0.00541,0.574,0.717,0.000263,2,0.0365,-6.208,1,0.0517,140.112,0.153),('5Wj1rJnCLpMHdLaxsFtJLs','Bennie And The Jets - Remastered 2014','5WupqgR68HfuHt3BMJtgun',0.259,0.665,0.673,0.00000762,0,0.497,-7.95,1,0.0493,132.642,0.779),('5wmn1zWhSSDLUmLLwYO9Rj','Old Friend','653wRjqO0GOZPQPcXpeAXD',0.356,0.577,0.448,0.0000138,10,0.218,-9.126,1,0.0228,89.931,0.327),('5WuVWOngcRkMOx9RRLCvui','The Tide Is High - Radio Mix','340y6ZpqGxp4xW0203bOPN',0.0234,0.776,0.693,0.00177,7,0.0322,-2.528,1,0.0314,102.996,0.635),('5wYG7LnAI1pQU6kwFaJswW','Get Out Yo Feelin\'s','4VqdntbxmB7r1At6sPKRnb',0.176,0.662,0.608,0,2,0.0998,-6.815,1,0.451,104.024,0.427),('5wzuewBsK1GdViQK4uBraa','Grand Piano','5ooCuPIk58IwSo6DRr1JCu',0.889,0.33,0.21,0.000011,4,0.0784,-10.808,1,0.0307,128.154,0.135),('5X3uhutgZktlUWmzIOE3NG','Where I End and You Begin','1oW3v5Har9mvXnGk0x4fHm',0.0626,0.297,0.714,0.859,8,0.142,-7.863,1,0.0351,121.326,0.486),('5xdLhGUSJfyf86qd8ghX49','1998','4zETbpGKT1FHsEZq3QFQUR',0.15,0.346,0.565,0.00277,6,0.36,-10.2,1,0.224,83.238,0.518),('5XOsO5eO4rCE0zdpa8HwgU','Thot Tactics','5ilsl5R2lGACTnPZMKIp7o',0.174,0.618,0.613,0.0000591,8,0.135,-5.798,0,0.274,125.665,0.488),('5xrGRfPozR7XRlt9ny8bWo','Lightning In A Bottle','0e9KCPvGyBlMcnqa5zskmb',0.0872,0.658,0.873,0,4,0.293,-1.626,1,0.0332,128.985,0.761),('5y7IfSDhBHFVnlGj1UrlA1','Detroit','43otFXrY0bgaq5fB3GrZj6',0.000277,0.439,0.885,0.00367,4,0.372,-4.679,1,0.0625,92.738,0.495),('5yBIFMrspA4t2o4DUBIH3j','Sunday','26CDwp11zMD8gnr28kj2Fm',0.147,0.62,0.625,0,6,0.0418,-9.071,1,0.372,126.055,0.529),('5YCGqhMNKBqvgGiEzLpOJO','Pretty Boy Swag','7DzgEGHg8oFmciCalWm9xV',0.186,0.837,0.389,0,8,0.386,-5.91,1,0.075,123.126,0.111),('5YnY2sr2dSFvXSNaZntWdJ','I\'m Not Famous','6hpiZXzsZxlkTXY8zavu3N',0.002,0.627,0.815,0,5,0.324,-6.01,1,0.0688,95.072,0.666),('5YScXJKtefsgdskIy60N7A','Tubthumping','0x3uUHhj8bCoM5Uzi5FNIv',0.106,0.263,0.871,0,2,0.363,-7.496,1,0.131,206.679,0.622),('5Z0C84Bheh6tWReHCUSwJ0','Paradise - Extended','4Nlbt2EuXedr6UqaeXEI4c',0.0426,0.802,0.64,0,8,0.111,-5.506,0,0.279,127.976,0.22),('5Z3GHaZ6ec9bsiI5BenrbY','Young Dumb & Broke','6kf46HbnYCZzP6rjvQHYzg',0.199,0.798,0.539,0.0000166,1,0.165,-6.351,1,0.0421,136.949,0.394),('5zA8vzDGqPl2AzZkEYQGKh','Uptown Girl','3R3x4zIabsvpD3yxqLaUpc',0.0747,0.701,0.943,0,4,0.601,-2.986,1,0.0456,128.992,0.791),('5ZGaGCHi0YrSvsjj6QwETb','Fireworks','16i5KnBjWgUtwOO7sVMnJB',0.00082,0.217,0.304,0.000163,7,0.0963,-11.238,1,0.0387,72.819,0.135),('5ZISTTuh3YIBtYsCvBKk5w','Torture Me','7xl50xr9NDkd3i2kBbzsNZ',0.00442,0.28,0.947,0.000659,6,0.187,-3.461,1,0.142,90.149,0.401),('5ZLzl6T8JwqMTMdoE0nCbU','Friend of the Devil','7rqgm1BnAZ8I4d6hukpkdg',0.334,0.642,0.628,0.00000829,7,0.614,-12.849,1,0.0358,103.317,0.893),('5zMXjQ2PmSjW42mT5w93zs','Atchafalaya','5hptBuBwjb6Z11tV5bM9Oa',0.163,0.43,0.675,0.891,10,0.685,-10.513,0,0.306,202.523,0.645),('5zP3VXdeIiivfQYk9wGC1P','Pillow Talk','6VTxfTTsn6eAbwA43VYXGR',0.0211,0.811,0.582,0,1,0.105,-9.655,1,0.0912,142.006,0.358),('5Zrc2fZzrUIFQwhufwUzNM','Live from Wembley (feat. Azizi Gibson)','2Qf9eEl4SC3lGTVBQ9RRTA',0.683,0.731,0.595,0,1,0.108,-7.898,0,0.166,116.031,0.445),('60BVxPevV4Jr3Dj4M7Md0z','Good Lovin','1nlrqrQvdjMd8N4IqwaApw',0.295,0.585,0.754,0.00000323,0,0.109,-5.231,1,0.237,82.822,0.598),('60fJEaeW7LqbDBfcHKzTwM','Forlorn Beach','3gJBEJXhxUgPaFwHaPCHgS',0.0798,0.823,0.192,0.815,10,0.0721,-12.22,1,0.356,100.989,0.889),('60ZMdbcC5wwmzbGr5XkDHd','Lights Please','4skqOUXyBUnzxVPNPxrGWV',0.0293,0.813,0.563,0,7,0.125,-7.083,1,0.269,83.009,0.761),('61ARSKFMwoVnIwXAVnfNNh','Neighborhood #2 (Laika)','6ZB8qaR9JNuS0Q0bG1nbcH',0.0556,0.555,0.876,0.00503,11,0.121,-5.628,0,0.0369,130.703,0.961),('61OMCRdMORzZKZ5ury05iG','Yesterday','1HT8zTMIromrZOA4wnbGdV',0.524,0.849,0.531,0,7,0.0693,-5.534,1,0.258,91.927,0.77),('620VdAujudX2uvtWai7C81','Blacks & Browns','4nwd6ernojhNIIRifDJoRz',0.22,0.848,0.582,0,0,0.0603,-7.02,1,0.329,92,0.217),('62KeM7jbmYvzT5FycdiQeS','Wake Up Mr. West','5ll74bqtkcXlKE7wwkMq4g',0.815,0.728,0.303,0,10,0.0657,-9.765,1,0.937,73.121,0.681),('62p6fF2r4NY6pwZbxxvmr8','Fool in the Rain','4wVHvawxZy52Oemd4sGyUm',0.0866,0.539,0.866,0.00414,0,0.0953,-8.404,1,0.0483,130.345,0.761),('62vpWI1CHwFy7tMIcSStl8','No Role Modelz','7viNUmZZ8ztn2UB4XB3jIL',0.302,0.696,0.521,0,10,0.0565,-8.465,0,0.332,100,0.458),('62zuXt6X5B6YQOBNFV2eXG','The Thin Ice','5Dbax7G8SWrP9xyzkOvy2F',0.354,0.359,0.128,0.00181,9,0.656,-16.983,0,0.0372,110.35,0.178),('632wpQN4nWLEvxUyGZxyLM','Behind Blue Eyes','53PBYiedQrASAs5sy63JqT',0.115,0.412,0.523,0.00000734,2,0.314,-10.714,1,0.0335,128.592,0.294),('6336VDSySvOz7FD2EX7VcT','Wasted Hours','3DrgM5X3yX1JP1liNLAOHI',0.461,0.627,0.502,0.036,11,0.0826,-10.203,1,0.039,114.789,0.142),('634HZykqTbJhmdoq6v2w7i','Empty Room','3DrgM5X3yX1JP1liNLAOHI',0.000542,0.334,0.987,0.862,2,0.296,-4.087,1,0.0521,161.755,0.632),('63dETSxIKCdUHGzlUyCjWb','Lift Off','1YwzJz7CrV9fd9Qeb6oo1d',0.187,0.403,0.784,0.00177,2,0.165,-7.584,0,0.171,179.427,0.275),('63I1WTV8FKkL9F1V1mrUHN','If I Had A Gun...','4yim2wNOMcXYO7c2lkKRab',0.0465,0.295,0.754,0.0514,6,0.164,-3.16,0,0.0349,152.465,0.18),('63J2iqaDDp92P1eZgvuELp','Guiding Light','3thbkS5Ijz41mAbAOat7wc',0.063,0.553,0.711,0.00000841,7,0.0759,-7.714,1,0.0453,99.997,0.299),('63M8PK8yavNITSViKUB62p','Schemin Up (feat. Drake and P. Reign)','6cgyMrFiZf5J9RIbwyX7WL',0.338,0.752,0.766,0,1,0.0861,-5.11,1,0.251,141.82,0.501),('63p3Slj0shAFP0Q7dQetj5','Used To','0ptlfJfwGTy0Yvrk14JK1I',0.0703,0.926,0.427,0.00033,10,0.0818,-7.584,0,0.107,96.023,0.305),('64BbK9SFKH2jk86U3dGj2P','Otherside','2Y9IRtehByVkegoD7TcLfi',0.00316,0.458,0.795,0.000202,0,0.0756,-3.265,1,0.0574,123.229,0.513),('64sn7wgJfeQKY3Jisnl59w','Tuesday\'s Gone','6DExt1eX4lflLacVjHHbOs',0.0778,0.232,0.615,0.00000568,9,0.0601,-8.636,1,0.0295,146.488,0.41),('64yrDBpcdwEdNY9loyEGbX','21 Guns','1AHZd3C3S8m8fFrhFxyk79',0.0518,0.268,0.742,0,5,0.626,-4.939,1,0.0355,159.779,0.416),('65u1dHQyQyE4y4aN2eDmMF','$$$ - with Matt Ox','2Ti79nwTsont5ZHfdxIzAm',0.0636,0.774,0.507,0,1,0.138,-6.952,0,0.065,140.067,0.508),('66bVLKIOwOHbHcnO7nLKpL','The Good Parts','0lq7zwC6uQiu8pwW5FK3Fb',0.0691,0.57,0.473,0,0,0.108,-7.53,1,0.331,165.961,0.266),('66cuLvkHsW7dNkfNk6gQP9','A Wolf At the Door','1oW3v5Har9mvXnGk0x4fHm',0.265,0.48,0.675,0.00000423,7,0.235,-7.134,1,0.029,138.784,0.37),('66kQ7wr4d2LwwSjr7HXcyr','All The Stars (with SZA)','3mau89iBea8nCPw3I8kKAk',0.0287,0.705,0.628,0.0193,5,0.0863,-5.362,0,0.0489,96.799,0.465),('66Q3fAmSX5eHamgbKa9alP','Real Friends','7gsWAHLeT0w7es6FofOXk1',0.262,0.441,0.744,0.000382,6,0.138,-6.248,0,0.476,81.396,0.124),('66ZcOcouenzZEnzTJvoFmH','The Sweet Escape','7xnZ539lh8x6de9jzlpCJp',0.191,0.756,0.77,0,1,0.178,-3.502,1,0.0343,119.961,0.73),('67DbWkrzdGaDwe2ilGiV2z','Rollercoaster Baby','5ufzqDK2p7Te64hQBAu35t',0.0443,0.604,0.784,0.0489,1,0.218,-10.717,1,0.0354,119.965,0.233),('67oyFnjJnn78fZP9KjeZx0','Goodbye Stranger - 2010 Remastered','1zcm3UvHNHpseYOUfd0pna',0.607,0.42,0.668,0.016,1,0.0585,-7.35,1,0.0517,125.391,0.338),('68YLPZqAoyrR76z7nzUy1M','Goodbye','6VTxfTTsn6eAbwA43VYXGR',0.128,0.646,0.419,0.0000343,5,0.389,-10.643,0,0.0905,109.618,0.119),('68zC6NEny9EG3OuE6npJcr','On My Own','3RDqXDc1bAETps54MSSOW0',0.0297,0.916,0.492,0.0000248,4,0.0641,-6.789,0,0.0856,121.981,0.803),('695pNiwymyh0BEldOfvZ3B','Baby','5FWXNOt1Hyv9nja1qz8qv4',0.77,0.499,0.691,0,11,0.346,-3.831,1,0.0402,120.697,0.661),('69b0SDYOymaqYwm3la237H','Ye vs. the People (starring TI as the People)','1PkFK7nfqX9jEMaIA8O12Y',0.0568,0.464,0.822,0,1,0.103,-1.881,1,0.294,79.973,0.722),('69pwmeyvQMuHMtkCmpEWhQ','How To Disappear Completely','19RUXBFyM4PpmrLRdtqWbp',0.315,0.168,0.302,0.79,6,0.11,-11.645,0,0.0344,102.041,0.205),('6aaq70LyfV64LaMxWvY9d8','Drawing Board','7L4ZwpSwKQCerDQv9C4O1M',0.0458,0.608,0.725,0,5,0.373,-6.347,1,0.0398,99.843,0.662),('6ad7bQ48TlqAgebCExUJVe','いきのこり●ぼくら','4yqm0ZLcphXs8M8cVvLKym',0.946,0.592,0.0833,0.0791,0,0.0941,-16.517,0,0.0835,143.243,0.205),('6aGNg25mRJdqd318f9X6Wn','Otis','1YwzJz7CrV9fd9Qeb6oo1d',0.552,0.755,0.631,0,7,0.5,-4.751,0,0.302,94.571,0.433),('6amzJ3wmEDf7e5tHAndZmn','Déjà vu','4gqnsOwnA490OYq58VfJV3',0.164,0.568,0.617,0,8,0.0888,-8.994,1,0.2,123.667,0.404),('6aVeSCobcOjIkMFARN9B7l','Drive','3RDqXDc1bAETps54MSSOW0',0.0512,0.581,0.678,0,1,0.164,-6.624,1,0.063,142.968,0.284),('6b2oQwSGFkzsMtQruIWm2p','Creep','6400dnyeDyD2mIFHfkwHXN',0.0102,0.515,0.43,0.000141,7,0.129,-9.935,1,0.0369,91.841,0.104),('6b8nz7zFlAeNACOA1lVYG7','Hazy Miss Daisy','67vmBAu5bzXKL13wbYGfb7',0.888,0.747,0.368,0.0087,8,0.126,-8.214,1,0.0416,76.008,0.773),('6Bg7MznA9X0dIhlAsLyBYj','Ghost Town','5EBGCvO6upi3GNknMVe9x9',0.0954,0.572,0.543,0,7,0.329,-4.251,0,0.0287,83.364,0.329),('6bGwKHXHNLmTy6yt147FPh','If You Know You Know','07bIdDDe3I3hhWpxU6tuBp',0.0186,0.46,0.697,0,6,0.362,-5.954,0,0.325,153.426,0.701),('6bHowZwEPIQ7sBPkvg04tV','Mundane','4jBtKZtAdIboAJqvx9xiX1',0.0306,0.599,0.752,0.00000186,6,0.14,-5.869,1,0.0328,120.039,0.688),('6BJbOXDlgVAXSaq6wYFYT2','NC-17','41GuZcammIkupMPKH2OJ6I',0.0678,0.804,0.763,0,2,0.368,-5.48,1,0.0519,136.052,0.0585),('6bM3GKo47KVgvj3gHdWS0U','Like Woah','5dOpbgAmJeyoakKQ0QLWkR',0.035,0.717,0.907,0.00696,4,0.594,-4.457,0,0.0389,107.051,0.401),('6Bm3TYTfP6jjxUTE6OdXG3','Tranquilize','4NtamseeVOGesCm8W9oHSz',0.0788,0.387,0.813,0.00000536,1,0.163,-4.178,0,0.0527,78.057,0.43),('6bOkaEXc5CopinGazSLokx','WHAT\'S GOOD','5zi7WsKlIiUXv09tbGLKsE',0.0567,0.458,0.909,0.00000426,1,0.11,-6.553,1,0.487,118.227,0.449),('6br4Pc0BzU6dTD5fEmks2i','Electric Body','3arNdjotCvtiiLFfjKngMc',0.492,0.897,0.598,0.0014,2,0.0646,-7.164,1,0.0466,119.966,0.528),('6bTn1ovliI0OkjUNkiMBJq','Nobody','653wRjqO0GOZPQPcXpeAXD',0.0764,0.398,0.716,0,0,0.0848,-5.254,1,0.0392,117.295,0.494),('6bXOlIfGIWh7Tyn4oyvLQW','I Wonder','3SZr5Pco2oqKFORCP3WNj9',0.13,0.54,0.476,0.000252,0,0.135,-8.658,1,0.111,191.259,0.116),('6bxUnsSGZCmoHHU5auwtps','Beware','5RlT8X7XGGLKUhoimrDl54',0.219,0.7,0.554,0.00000136,1,0.419,-5.909,1,0.187,97.127,0.0633),('6BYVAEPmqWVUSqtrQpvLTT','Phoenix','1E1eyI5uGllppJZCxNoF9w',0.577,0.65,0.508,0.00372,9,0.0792,-11.227,0,0.135,143.96,0.504),('6c20LH3R4foocWLmYyojWq','Maggie May','3fa5cl6Nplripk1h9z1SFv',0.611,0.611,0.583,0.0853,2,0.0688,-10.428,1,0.0408,129.432,0.53),('6c6W25YoDGjTq3qSPOga5t','Ink','2G4AUqfwxcV1UdQjm2ouYr',0.0661,0.688,0.706,0.125,6,0.118,-7.31,1,0.0324,112.019,0.689),('6C7RJEIUDqKkJRZVWdkfkH','Stronger','3SZr5Pco2oqKFORCP3WNj9',0.00728,0.625,0.726,0,10,0.318,-7.731,0,0.155,103.98,0.483),('6cJ7CoT1gJ89Xy7NJXIInt','Want Some More','5ooCuPIk58IwSo6DRr1JCu',0.129,0.842,0.466,0.000582,10,0.187,-7.231,0,0.0518,124.922,0.214),('6cmt9CRoK0KGcNg9Tpje53','Riot!','66at85wgO2pu5CccvqUF6i',0.834,0.489,0.624,0.347,4,0.325,-1.916,0,0.0344,167.108,0.574),('6cpsixIHI63L0hwh3CwZg3','Infrared','07bIdDDe3I3hhWpxU6tuBp',0.0518,0.674,0.578,0.0055,10,0.72,-8.768,0,0.298,112.265,0.163),('6cR5WracqJzYoH80lSKW0L','Yellow - Live in Sydney','3JMOZD2qixTTLRW9I6JuF4',0.0458,0.265,0.674,0.000141,11,0.724,-7.48,1,0.0324,171.366,0.187),('6cT5orvyKqwghJp6KB9vG0','Furthest Thing','2gXTTQ713nCELgPOS0qWyt',0.147,0.484,0.78,0,9,0.057,-5.264,0,0.135,137.101,0.271),('6CWKC36nBqH9Yt0kVXd1kU','For You','0e60weBrikKbHDMRUIdoZ8',0.949,0.799,0.329,0.119,8,0.103,-14.369,1,0.0376,138.031,0.173),('6D7wPuNjkQUsIvLeOeIHsM','ringtone','4CGanXs6KlVuXXdNrf82qE',0.0779,0.612,0.349,0,8,0.202,-6.984,1,0.26,107.929,0.79),('6dbo1dCjqgVS3XHcnJmOHx','Hear This','7A186wgjFKohuXALsrR0m4',0.0348,0.752,0.701,0.0967,9,0.202,-5.386,1,0.0678,110.004,0.387),('6dDIOU6AqgLkrjFNPgvKY6','FU (feat. French Montana)','3RDqXDc1bAETps54MSSOW0',0.199,0.548,0.833,0,7,0.305,-3.294,1,0.0497,190.029,0.467),('6dfhF1BDGmhM69fnCb6wSC','America','3bzgbgiytguTDnwzflAZr2',0.554,0.259,0.241,0.00000662,2,0.0849,-15.955,1,0.042,178.453,0.275),('6dFn6my1sHK2bcf23GlHwM','2009','5wtE5aLX5r7jOosmPhJhhk',0.77,0.533,0.496,0.000164,6,0.0969,-9.363,0,0.517,155.158,0.173),('6dGnYIeXmHdcikdzNNDMm2','Here Comes The Sun - Remastered 2009','0ETFjACtuP2ADo6LFhL6HN',0.0339,0.557,0.54,0.00248,9,0.179,-10.484,1,0.0347,129.171,0.394),('6dktyiCWz2JYGmcPQ5D5dY','Peach Jam','6YFBWwUDdot8IjBZSYOacB',0.0175,0.857,0.668,0.000595,7,0.101,-6.816,1,0.052,89.986,0.624),('6DlJZmRXDfHzGzAVo1yjfP','Picasso Baby','0OTjYdGtP7AbwOwbYsGhyi',0.0171,0.525,0.74,0.0000652,1,0.249,-5.383,1,0.295,85.8,0.662),('6DNtNfH8hXkqOX1sjqmI7p','Cold Water (feat. Justin Bieber & MØ)','3o99825qhG7K7D07naRs4F',0.0736,0.608,0.798,0,6,0.156,-5.092,0,0.0432,92.943,0.501),('6dsq7Nt5mIFzvm5kIYNORy','15 Step','7eyQXxuf2nGj9d2367Gi5f',0.0489,0.6,0.853,0.346,1,0.0934,-7.584,1,0.0423,94.457,0.847),('6E5Sk0iJA4FqnhI3Qz3KPc','Dead As Yesterday','2abOENaFUOUgkvexbJ2hWB',0.709,0.321,0.385,0.0000226,7,0.358,-6.158,1,0.0312,145.518,0.425),('6eDfe957aV4sqGnDhlSikJ','Drive Safe','2ZGkTvwtwDoembcBr8SS0d',0.635,0.635,0.312,0,7,0.138,-8.134,1,0.0265,98.017,0.414),('6EpRaXYhGOB3fj4V2uDkMJ','Strip That Down','2mnDyPSNM02LMvniaMWnLl',0.246,0.869,0.485,0,6,0.0765,-5.595,1,0.0545,106.028,0.527),('6EuE9M1viu9gkdFSafia9o','I Thought About Killing You','5EBGCvO6upi3GNknMVe9x9',0.822,0.742,0.407,0,2,0.0541,-6.938,1,0.426,116.064,0.39),('6EvKur4wMhUzMVPm07XzN3','Caught In The Rain','16SMGvTZrwtiJ132g69toP',0.554,0.557,0.705,0,11,0.129,-10.626,1,0.257,201.951,0.629),('6f65alTsp8H5BBd7MKh2Ya','A Cloak Of Elvenkind','5dR0fhE3oveLRSUMMQ3oRB',0.694,0.415,0.363,0.633,7,0.105,-10.736,1,0.0315,83.486,0.258),('6f6pEjgfTtuRROmJ4a7Gf3','The Numbers','6vuykQgDLUCiZ7YggIpLM9',0.652,0.282,0.372,0.416,5,0.0754,-9.771,1,0.0316,105.215,0.0552),('6fAyRZ0GHuuvSOEIOwi58N','Backseat Freestyle','6PBZN8cbwkqm1ERj2BGXJ1',0.000739,0.546,0.651,0,1,0.235,-7.601,1,0.3,77.878,0.646),('6FE2iI43OZnszFLuLtvvmg','Classic','5IenxFp0vpnXBUxPcwJtbE',0.0384,0.72,0.791,0,1,0.157,-4.689,1,0.124,102.071,0.756),('6FedhFiHb0KxTvOD1qEX8L','In the Morning','4skqOUXyBUnzxVPNPxrGWV',0.764,0.44,0.671,0,3,0.212,-10.598,0,0.477,83.078,0.479),('6fJhF2zdKgCSO3E4JcvVER','Abbey','3Y2DBOg3GKXDlsUvh4htsi',0.835,0.511,0.204,0,11,0.128,-9.117,1,0.0316,111.991,0.254),('6fTdcGsjxlAD9PSkoPaLMX','Sunday Candy','3eM1KTKmpqrQOvuvYY42cr',0.53,0.511,0.596,0,0,0.0798,-6.56,1,0.224,158.063,0.554),('6FxbwB6o1MKOy0dHvxNr2W','Undone - The Sweater Song','33CmI2lR8PnQwz6133Mc7l',0.00556,0.45,0.652,0.000786,6,0.0933,-5.541,1,0.0276,80.128,0.514),('6GcuA4J9ruyClBizBd4m5E','Ego','23Y5wdyP5byMFktZf8AcWU',0.155,0.623,0.389,0,1,0.163,-7.816,1,0.241,79.454,0.489),('6ghe4sMRzup1cOu7TyEztf','Everybody Loves the Sunshine','4TGSaAeUH3oyE7eRHPT57v',0.165,0.591,0.578,0.00000283,11,0.164,-10.313,0,0.0351,80.307,0.691),('6gifrVamdnrYxkXPV6ul0k','See You Leave','0YxRHKnTnNbLvgfSWm9E4T',0.0437,0.769,0.613,0.00286,1,0.0508,-6.059,0,0.205,81.96,0.502),('6GmUVqe73u5YRfUUynZK6I','Let Her Go','2sRnJq6dfXdqhIflBk0ve1',0.365,0.479,0.545,0,7,0.0963,-7.346,1,0.0688,74.897,0.244),('6gpSU2C1VJq0xaVIGtQPVi','Francis Forever','472GvzwE3EZ0i2EEaly5mX',0.00262,0.535,0.448,0.0000194,2,0.115,-9.167,1,0.0279,101.984,0.32),('6GsP3uMCd0Dn5T37C93waZ','Sick Love','43otFXrY0bgaq5fB3GrZj6',0.183,0.591,0.794,0,4,0.292,-5.935,0,0.069,147.974,0.875),('6HksxcBzMVdT17aq1Q79Xe','My Friends','2rQ135imvelvp89D8eEZOi',0.00565,0.439,0.709,0.00152,0,0.131,-3.545,1,0.026,81.331,0.319),('6hmHwqQ4ALAxXNH2DhiQFb','Protector','4n9J61IrlrEFswxTu0MJIo',0.56,0.379,0.563,0.115,0,0.378,-8.7,1,0.0319,154.399,0.232),('6Hmj7SrLRbreLVfVS7mV1S','Wake Up','6ZB8qaR9JNuS0Q0bG1nbcH',0.12,0.252,0.8,0.0538,0,0.118,-4.845,1,0.0368,139.361,0.29),('6hP8N6hD4j9zwspKHXoJWW','I Come Apart (feat. Florence Welch)','1E1eyI5uGllppJZCxNoF9w',0.495,0.599,0.613,0.00000649,1,0.114,-3.42,0,0.0861,83.765,0.325),('6HZILIRieu8S0iqY8kIKhj','DNA.','4eLPsYPBmXABThSJ821sqY',0.00454,0.638,0.523,0,1,0.0842,-6.664,1,0.357,139.913,0.422),('6HzZALdO9vjjQhyzWe9ns5','Four Door Aventador','5ooCuPIk58IwSo6DRr1JCu',0.48,0.681,0.657,0,1,0.295,-7.767,1,0.337,83.87,0.639),('6i3K9JRY0Bc6kZZeyMuikL','Will He','1vcvxiljwF8jQLXC6apIhX',0.837,0.618,0.217,0.000163,10,0.538,-15.372,1,0.0515,116.013,0.0872),('6iaEL3KYwAb1cUtdOjSxNl','Don\'t Come To LA','4nwd6ernojhNIIRifDJoRz',0.021,0.689,0.564,0.0000423,0,0.472,-8.604,1,0.189,100.002,0.107),('6IBVwpcF5HkRgk2MNc2HIM','25 bands and a geccco','7KpuGjIfduSD45wl5IQc7G',0.513,0.735,0.555,0,4,0.162,-6.477,0,0.419,155.853,0.637),('6ifYmJxaQR3FHtxjcxjFp4','I Got A Question','4nwd6ernojhNIIRifDJoRz',0.0168,0.864,0.441,0,10,0.0918,-9.264,0,0.415,92.991,0.373),('6IlQTriFgUeEbVx3Y10sia','Driving Ms Daisy','1Mk7Lei0Ra3hawezqmad5V',0.37,0.657,0.822,0.00000188,9,0.104,-4.612,0,0.0535,160.049,0.536),('6ImxYXeLDQPIv4qo7bMhSk','Company','0ptlfJfwGTy0Yvrk14JK1I',0.0403,0.651,0.55,0,7,0.165,-8.216,1,0.0496,107.571,0.119),('6Ius4TC0L3cN74HT7ENE6e','Wet Dreamz','7viNUmZZ8ztn2UB4XB3jIL',0.0752,0.504,0.705,0,6,0.128,-8.205,0,0.364,175.483,0.584),('6J3oJ2aQunU2XzVIPUz1op','The Party\'s Over','2AKyhaWkspi7U2NCxJjzsE',0.000222,0.423,0.755,0.0000039,5,0.344,-8.235,0,0.0651,116.767,0.337),('6JjEVlMkfHWMeYavkEYzNO','Gassed Up','6YCcGxz3l1shgr3F7XbNee',0.0213,0.798,0.568,0,5,0.0586,-9.072,0,0.135,148.88,0.45),('6jl01C724Mk68qlOQLco5I','Blow My High (Members Only)','13WjgUEEAQp0d9JqojlWp1',0.316,0.959,0.524,0,9,0.274,-8.145,0,0.274,119.933,0.84),('6JyEh4kl9DLwmSAoNDRn5b','4th Dimension','6pwuKxMUkNg673KETsXPUV',0.278,0.765,0.542,0.0000187,1,0.609,-6.755,1,0.39,171.945,0.734),('6JZv5f9ufV0Uz7VbGpd2DL','Skiptracing','1qMDN9zRQreK81cJ9G1hed',0.0729,0.72,0.677,0.000103,11,0.397,-9.202,0,0.0245,109.401,0.822),('6JzzI3YxHCcjZ7MCQS2YS1','Black Star','500FEaUzn8lN9zWFyZG5C2',0.00312,0.288,0.555,0.0513,7,0.27,-7.431,1,0.0401,158.699,0.307),('6K07Ahf6V7CAQn0ikrOztl','So Appalled','20r762YmB5HeofjMCiPMLv',0.255,0.629,0.754,0,1,0.63,-5.873,0,0.289,87.07,0.58),('6k0DJqW2v2e4809Z1zN0YU','FDT','4nwd6ernojhNIIRifDJoRz',0.172,0.8,0.51,0,8,0.259,-7.201,1,0.497,96.69,0.146),('6k7b4mcxLP5HPo6hNoXoM6','Shot For Me','63WdJvk8G9hxJn8u5rswNh',0.0555,0.566,0.465,0,2,0.567,-11.714,1,0.235,143.015,0.177),('6kBuHuvEzKwVqc7Wl7UYzy','Since \'84','2xvk51ccjE7SThC1PM5E0b',0.00223,0.778,0.604,0,11,0.144,-5.131,0,0.122,92.001,0.673),('6kex4EBAj0WHXDKZMEJaaF','Swalla (feat. Nicki Minaj & Ty Dolla $ign)','2e5CxfyEwBW115beiwh7Mc',0.075,0.696,0.817,0,1,0.187,-3.862,1,0.109,98.064,0.782),('6kIh5c8x8vzOe6OKW1X59U','Too Much','2gXTTQ713nCELgPOS0qWyt',0.173,0.637,0.569,0,6,0.18,-5.858,1,0.55,140.269,0.148),('6KM0MPPSPGjBlQgdwIeJLc','Angels','1E1eyI5uGllppJZCxNoF9w',0.36,0.781,0.754,0,0,0.0867,-3.61,0,0.0894,120.521,0.519),('6kpMYSZ58MkohGS7OkO4A9','Bron-Yr-Aur - 1993 Remaster','1lZahjeu4AhPkg9JARZr5F',0.667,0.343,0.295,0.835,0,0.0946,-18.524,1,0.0375,171.668,0.261),('6KuHjfXHkfnIjdmcIvt9r0','On Top Of The World','1rzDtYMpZDhRgKNigB467r',0.0893,0.635,0.926,0.00000453,0,0.0928,-5.589,1,0.151,100.048,0.761),('6KziiQUOoCmC7Kc7Rv4jar','Wu-Tang Forever','2gXTTQ713nCELgPOS0qWyt',0.0474,0.832,0.427,0,8,0.101,-8.516,0,0.257,99.935,0.369),('6L5ks2ivQVCLnI4JmIr9NT','Outside with the Cuties','7mTf6AXzDt1q7Iy4Vig1U5',0.689,0.524,0.182,0.000101,9,0.16,-13.155,1,0.0637,85.72,0.158),('6M1QxOSjcCBCNnS7GSjd1o','Take_it_Back_v2','5LsyqeWryTmxsmda4xkm5a',0.0329,0.508,0.821,0.00000705,10,0.594,-7.416,0,0.454,88.255,0.345),('6mcxQ1Y3uQRU0IHsvdNLH1','Where Is My Mind?','2l7RPWC3E6eStJJLBsUeCI',0.0157,0.518,0.436,0.000621,4,0.079,-14.134,1,0.0349,80.88,0.27),('6MCYY4i1zrRIbVj9YlVUdF','The Underdog','3k4KtMTnGJsnqTt0AHEmnw',0.0667,0.693,0.527,0.00143,7,0.663,-10.856,1,0.0365,145.165,0.911),('6mevhNrcHqHgHgisXUNaqw','Blessings','4Nlbt2EuXedr6UqaeXEI4c',0.332,0.775,0.621,0,1,0.122,-7.634,1,0.295,118.843,0.15),('6mFkJmJqdDVQ1REhVfGgd1','Wish You Were Here','0bCAjiUamIFqKJsekOYuRw',0.735,0.481,0.262,0.0114,7,0.832,-15.73,1,0.0414,122.883,0.375),('6MjiSBqVWiJCki6aUWV7h7','Texas Reznikoff','472GvzwE3EZ0i2EEaly5mX',0.0613,0.297,0.263,0.00000119,2,0.0935,-9.752,1,0.0347,145.647,0.37),('6MTA4AwgmjVASTXpBEwvn8','SWAMP','0XnqQzdSFAml08XZoRt1St',0.0224,0.692,0.655,0.0519,9,0.11,-5.758,1,0.0482,141.015,0.4),('6muOWhMh7Tf0UFUtMDBhUR','Orphans','6DX4K0afv5l01Pf6lymJuB',0.0254,0.503,0.808,0.00162,11,0.557,-5.051,0,0.045,107.975,0.283),('6mzaCRuLTRiz1caGOum3zT','The Way (feat. Chance the Rapper)','34JNly8P6uZRKTGnmmLNAt',0.389,0.746,0.538,0,10,0.139,-6.479,1,0.32,101.018,0.516),('6n2GPvMJtFZ4ckoc9EWHMx','Do My Thang','3RDqXDc1bAETps54MSSOW0',0.282,0.76,0.575,0.000383,6,0.0993,-4.06,1,0.0444,131.983,0.314),('6n6EXIwLtNwe4u4CFzENYm','The General','0tN2TkilPoLmqN21UJBC77',0.446,0.541,0.675,0,10,0.107,-6.136,1,0.192,91.09,0.686),('6n7GUf2h8D2Ad2wUy5s7nE','Lucky','7dxKtc08dYeRVHt3p9CZJn',0.053,0.206,0.4,0.638,11,0.111,-9.813,0,0.0324,133.442,0.196),('6NMtzpDQBTOfJwMzgMX0zl','SKELETONS','41GuZcammIkupMPKH2OJ6I',0.00146,0.46,0.686,0,0,0.375,-5.948,0,0.0367,148.054,0.252),('6Nq5lE0CeOAAAqN4qhkbZU','Suga Suga','42LlDinsxjsByAqqpZXRp4',0.688,0.662,0.748,0.00000843,5,0.0841,-3.041,0,0.268,82.331,0.535),('6NyhBA9M6KK0fuVsojxL00','January 28th','7viNUmZZ8ztn2UB4XB3jIL',0.259,0.483,0.546,0,5,0.0951,-8.59,1,0.349,81.967,0.372),('6O8iT490HuTFVjQo3eHdoi','That Power','4q5E2s5u5X5HT4UMJpbMKE',0.106,0.413,0.675,0,4,0.159,-7.072,0,0.232,79.995,0.683),('6OaVWaGfhXn70ZJfdVcabn','NO BYSTANDERS','41GuZcammIkupMPKH2OJ6I',0.0204,0.731,0.811,0,1,0.411,-3.225,1,0.0712,147.045,0.426),('6ocbgoVGwYJhOv1GgI9NsF','7 rings','2fYhqwDWXjbpjaIJPEfKFw',0.592,0.778,0.317,0,1,0.0881,-10.732,0,0.334,140.048,0.327),('6oEVXNUt5x4cIMGYrKiB4w','You Know You\'re Right','4KXUz9ro76jtJgX6riZrzo',0.0284,0.271,0.755,0.000411,5,0.123,-6.306,0,0.142,177.02,0.437),('6oF3Es1YzzmLKjGBfThUvD','Worst Behavior','2gXTTQ713nCELgPOS0qWyt',0.158,0.779,0.799,0,9,0.209,-6.359,1,0.15,109.944,0.414),('6oLHyWvmk6bKrA91EIYZBp','Wednesday Night Interlude','0ptlfJfwGTy0Yvrk14JK1I',0.729,0.321,0.466,0.00000763,9,0.215,-8.163,0,0.0512,135.089,0.194),('6olUplztLFFfU7fMYmFXOP','Sober','5GBcqixIFDPEom7AUNbFiM',0.0972,0.699,0.601,0.0000117,0,0.562,-6.48,1,0.0304,98.04,0.434),('6oMBDrzwGG1BzCoZyPyGuG','Neighborhood #4 (7 Kettles)','6ZB8qaR9JNuS0Q0bG1nbcH',0.817,0.472,0.41,0.038,7,0.125,-12.948,1,0.0291,107.923,0.301),('6ORqU0bHbVCRjXm9AjyHyZ','Good Riddance (Time of Your Life)','3x2uer6Xh0d5rF8toWpRDA',0.183,0.475,0.432,0,7,0.161,-7.844,1,0.0302,94.605,0.648),('6OYWNSxFgUx1udwR76RBD1','The Other Woman','07Fr36M0hRPJrSJMFWGnvD',0.953,0.375,0.0377,0.00329,11,0.0975,-21.11,1,0.0671,175.307,0.155),('6p3RSoc1B77D6sJT4vtVZ4','Resentment','0Zd10MKN5j9KwUST0TdBBB',0.6,0.29,0.574,0,6,0.149,-5.387,1,0.112,197.431,0.48),('6p6LQkPZFP8MLCFT1tRpZw','Heart Of Gold','5xeMctXQWNmMq4aAjwuR3e',0.562,0.582,0.679,0.0302,10,0.438,-5.76,1,0.0324,165.262,0.777),('6PbeGqzGdjookqESRgm1AS','True Love Waits (Live In Oslo)','6svTt5o2lUgIrgYDKVmdnD',0.455,0.374,0.483,0.00298,5,0.689,-8.821,1,0.0367,113.565,0.0639),('6PBHfI3G8MlQ8qdItoVoxL','Electioneering','7dxKtc08dYeRVHt3p9CZJn',0.00267,0.185,0.889,0.0981,9,0.291,-5.491,0,0.0743,77.555,0.331),('6PCUP3dWmTjcTtXY02oFdT','Castle on the Hill','3T4tUhGYeRNVUGevb0wThu',0.0232,0.461,0.834,0.0000114,2,0.14,-4.868,1,0.0989,135.007,0.471),('6PGoSes0D9eUDeeAafB2As','LOVE. FEAT. ZACARI.','4eLPsYPBmXABThSJ821sqY',0.264,0.8,0.585,0,10,0.153,-7.343,1,0.0924,126.058,0.779),('6pnwfWyaWjQiHCKTiZLItr','Shine On You Crazy Diamond (Pts. 1-5)','0bCAjiUamIFqKJsekOYuRw',0.771,0.266,0.294,0.697,7,0.107,-11.938,0,0.0291,137.941,0.0397),('6PVa4pTYFPv2Sew9wLoyrz','Alabama - 2009 Remaster','2l3QxNo4QubBNmVKxLeum0',0.566,0.429,0.472,0.00402,7,0.152,-13.08,0,0.0347,147.501,0.378),('6q0VhEKHOFzI6vtotZtaNw','Opera Singer','5OCg9OWnL1PY4tW2ON8ssj',0.0619,0.71,0.675,0.0193,4,0.0606,-7.9,1,0.0412,94.986,0.953),('6q0zsagVIiAn9zb7vqTmZi','Compton','6PBZN8cbwkqm1ERj2BGXJ1',0.0815,0.342,0.907,0,1,0.383,-4.432,0,0.415,170.38,0.225),('6QbI1KSaDQhftv6aGHT5vn','Bodys','20U1UWeGcGq7JVW0tf8yfH',0.00135,0.518,0.842,0.0115,2,0.132,-7.361,1,0.0533,143.944,0.249),('6QgjcU0zLnzq5OrUoSZ3OK','Feel It Still','4VzzEviJGYUtAeSsJlI9QB',0.0417,0.801,0.795,0.000113,1,0.0717,-5.115,0,0.0504,79.028,0.754),('6qIqEZ5A7a7YxkrsBF9GTk','The Good Part','6hpiZXzsZxlkTXY8zavu3N',0.0929,0.283,0.443,0.0000336,5,0.382,-5.377,1,0.0372,185.873,0.534),('6qjHgp6jR9c0VJqOw6XBlY','Three-Thirty','1NZBzIrSV5yca91Su4i1MC',0.31,0.66,0.682,0,6,0.333,-4.297,0,0.134,96.029,0.675),('6qNB2ChCVPepl5ZjVJJTUW','STUPID (feat. Yung Baby Tate)','5eKuModdAdZRmc51241r4D',0.00459,0.772,0.637,0,2,0.0778,-6.881,1,0.114,149.906,0.54),('6qQGxKyy6LcyZVsWn93lyS','Pink Triangle','3jWhmYMAWw5NvHTTeiQtfl',0.0118,0.282,0.894,0,6,0.347,-4.834,1,0.0822,118.809,0.466),('6qsmOmG6mzT7SjMXDe4I7C','I Ain\'t Lyin','4VqdntbxmB7r1At6sPKRnb',0.00966,0.775,0.493,0.0000244,8,0.138,-8.061,1,0.0627,102.942,0.187),('6qspW4YKycviDFjHBOaqUY','Waterfalls','5eg56dCpFn32neJak2vk0f',0.311,0.77,0.505,0.000074,1,0.0777,-7.345,1,0.0828,171.798,0.757),('6r8jsn2AXmomUCxYtsoifL','Ruling Me','1vhQIBznzVjSCQw26WlMsB',0.00168,0.474,0.935,0.00000121,6,0.106,-6.317,1,0.0682,141.934,0.467),('6rbeWjEavBHvX2kr6lSogS','Work Out','4skqOUXyBUnzxVPNPxrGWV',0.0531,0.831,0.427,0,2,0.316,-6.903,1,0.106,93.004,0.216),('6rC55vFj1dBuxN5zjuOIF1','Can You Feel It','4TPKpY5rqTMSyuQwBXIZeS',0.0208,0.606,0.685,0.000928,7,0.107,-7.486,1,0.0343,116.994,0.224),('6rje9f1wRFJDO2iTORw0lH','I Know','1j2x7FJXTgUT0X5hZ8TDXE',0.327,0.744,0.334,0,1,0.116,-11.314,1,0.0757,119.976,0.27),('6RKGBcDtgzXx21zUjpeu6F','Cold Cold Man','2r69WsAMyjbgLf8c4woaUr',0.00652,0.613,0.661,0,9,0.0976,-4.984,1,0.0263,110.978,0.509),('6RRPMzuEvUsUYht0DVz3VZ','Who\'s There (feat. Jarren Benton, Dizzy Wright)','16SMGvTZrwtiJ132g69toP',0.174,0.78,0.72,0,8,0.122,-8.012,0,0.271,99.025,0.184),('6RUKPb4LETWmmr3iAEQktW','Something Just Like This','4JPguzRps3kuWDD5GS6oXr',0.0498,0.617,0.635,0.0000144,11,0.164,-6.769,0,0.0317,103.019,0.446),('6s3GEN8wK0OMzzzZbXj0fu','Hymn for the Weekend - Seeb Remix','0ezwRysfWCrR5tDgpBwkIw',0.00868,0.565,0.849,0.00000468,0,0.12,-3.516,0,0.0517,102.034,0.427),('6S5SJlNXgrUBTLa58NMwGk','2 Of Amerikaz Most Wanted','1WBZyULtlANBKed7Zf9cDP',0.0426,0.853,0.876,0.00202,1,0.0548,-3.415,1,0.131,99.236,0.845),('6saVm6PTYfMwBEDjvkHM3p','Me & My Bitch','4F6GGyqtJoF4EOxDgsKzsB',0.0691,0.742,0.624,0,0,0.358,-7.873,1,0.245,82.446,0.33),('6scpNkWEmUxmKY7nYjVLsX','Apple Pie','4PWBTB6NYSKQwfo79I3prg',0.0335,0.655,0.496,0,3,0.156,-4.139,0,0.0364,137.945,0.28),('6tbiixKgvaDuii0L5F49bg','800db cloud','4CGanXs6KlVuXXdNrf82qE',0.205,0.399,0.754,0,5,0.742,-5.283,0,0.374,130.475,0.36),('6tLALP9mi7VbNC7s16iBRK','Bloom','1DBkJIEoeHrTX4WCBQGcCi',0.62,0.518,0.959,0.884,0,0.0831,-7.596,0,0.157,149.722,0.341),('6TodWdTSDfzwgYynTZSvJn','Midsummer Madness','6YFBWwUDdot8IjBZSYOacB',0.359,0.409,0.678,0.00000476,9,0.167,-7.731,1,0.0878,89.968,0.168),('6tS3XVuOyu10897O3ae7bi','California Gurls','5BvgP623rtvlc0HDcpzquz',0.00446,0.791,0.754,0,0,0.163,-3.729,1,0.0569,125.014,0.425),('6TTtJwtPEAI7yPHKR3XEKE','Never Ending','3Q149ZH46Z0f3oDR7vlDYV',0.751,0.53,0.391,0.0000697,10,0.187,-9.096,1,0.0286,82.215,0.521),('6u6TkdaTeteA7dFTTGzEKP','Potion Number 25','1dB64RmXsX57irQpWrjZGp',0.314,0.853,0.734,0,1,0.11,-5.843,1,0.177,120.007,0.801),('6U6WhNKNDm9JIVZpoJUqUf','Basher','5FWZm9haAG0NhY6WmdS4oW',0.0284,0.684,0.518,0.902,2,0.107,-5.155,1,0.0412,81.698,0.97),('6u7jPi22kF8CTQ3rb9DHE7','Old Town Road (feat. Billy Ray Cyrus) - Remix','38kpkGLuPr1nNfD3iEyOlJ',0.0533,0.878,0.619,0,6,0.113,-5.56,1,0.102,136.041,0.639),('6uhOq4yyFKGXySbH1yv5j6','Really Be (Smokin N Drinkin)','4F6GGyqtJoF4EOxDgsKzsB',0.0051,0.762,0.546,0.00000829,4,0.674,-8.481,0,0.379,146.048,0.689),('6uxKBULqEBZ9x5nhfcZnQg','who dat boi','4aHyt9fwGcyZBqvYYiviln',0.148,0.828,0.518,0.0000545,1,0.666,-8.809,1,0.316,86.141,0.819),('6UzHNNLNH6hq7cL2RUPonf','Sorry Momma','4F6GGyqtJoF4EOxDgsKzsB',0.453,0.541,0.445,0,6,0.652,-9.98,0,0.23,80.69,0.491),('6V2D8Lls36APk0THDjBDfE','Started From the Bottom','2gXTTQ713nCELgPOS0qWyt',0.0328,0.794,0.522,0,8,0.156,-7.829,1,0.159,86.318,0.567),('6vB49BJ70zBpDrrAPwdaB8','Drive Slow','5ll74bqtkcXlKE7wwkMq4g',0.031,0.593,0.592,0.0000112,11,0.229,-8.217,1,0.29,81.33,0.488),('6vnfObZ4Ys70SBAtti1xZ9','COFFEE BEAN','41GuZcammIkupMPKH2OJ6I',0.0862,0.81,0.582,0.00681,5,0.207,-5.098,0,0.125,95.004,0.503),('6vPIRcylcXttSYprNGsSPK','They Know','6dgQDrfjCOe7E8ruh1ruWa',0.0373,0.551,0.865,0.00076,2,0.483,-3.401,1,0.209,175.994,0.498),('6vrUTGn5p8IrfTZ0J6sIVM','Iris','0UccZZgelTAbbk3OSPZymO',0.00133,0.291,0.79,0.00000561,11,0.0811,-5.683,0,0.0363,155.667,0.513),('6vSmfVyxYCm6D1VVXp2knn','20 Joints','3foc9z8KL9D4DmIuE5IWEM',0.251,0.836,0.731,0,6,0.0679,-7.396,0,0.146,100.861,0.766),('6vWEAOUSxohKxhp0K1BsxL','Mixed Personalities (feat. Kanye West)','09b9NC1oQbYaHcacgXn66k',0.457,0.661,0.44,0,2,0.128,-9.104,1,0.0803,149.937,0.352),('6vy95NfrMeUfaXpaTm4O53','II. Zealots Of Stockholm [Free Information]','0zi2TaQkYxfXIBvl2yTjQJ',0.103,0.241,0.429,0.000336,1,0.272,-10.901,1,0.0834,74.019,0.0909),('6WdKzXgNyPeSOBI8OWN6Zp','OOH-AHH하게 Like OOH-AHH','3EaCSjHsgMGMbvC1xFCXUD',0.241,0.72,0.876,0.000101,6,0.381,-1.166,1,0.0776,141.997,0.694),('6WE7jSshLCuVKoCmobVKVf','Heartbreaker - 1990 Remaster','70lQYZtypdCALtFVlQAcvx',0.0746,0.403,0.709,0.494,9,0.132,-9.366,1,0.0885,97.161,0.654),('6wfzokDylbrJzrJcpnBkcy','Freestyle 4','7gsWAHLeT0w7es6FofOXk1',0.0449,0.564,0.537,0,9,0.0907,-8.381,0,0.095,126.036,0.459),('6wo37KVqFJhtuxPTpLCcfe','Takeaway (feat. Lennon Stella)','1JawI0XkEwmQ5Bwef3RMbq',0.12,0.294,0.505,0,3,0.0977,-8.106,1,0.042,85.332,0.357),('6wpGqhRvJGNNXwWlPmkMyO','I Still Haven\'t Found What I\'m Looking For','5y6wlw1LnqFnQFruMeiwGU',0.0135,0.564,0.774,0.00191,1,0.0861,-9.424,1,0.0368,100.894,0.657),('6WQyaRxqf332knjOMWUMQf','That\'s All I Need','2yt8pr76AIWu3ohmnZKNcd',0.0175,0.765,0.657,0,11,0.345,-6.394,0,0.0829,91.998,0.553),('6Wrx0ZDaB3dxBDl1ZnddXT','Wish I Never Met You','6XeL8rkWXe5pUdg2uGqmak',0.0797,0.621,0.692,0,7,0.0806,-5.279,1,0.217,165.967,0.705),('6WUjz18yIeTGDR1E69WHtf','Porcelain','2Y9IRtehByVkegoD7TcLfi',0.443,0.371,0.259,0.00384,7,0.0752,-11.352,1,0.0312,140.425,0.0467),('6WvgizUMVUdPksmm7BMfnm','I Got The Blues - Remastered','29m6DinzdaD0OPqWKGyMdz',0.467,0.442,0.382,0.0216,7,0.121,-5.295,1,0.0317,119.947,0.199),('6wxGZ8D8lAuJpocaTAVVyL','This Joint','5FWZm9haAG0NhY6WmdS4oW',0.241,0.781,0.726,0.00204,10,0.0764,-5.733,0,0.102,74.995,0.961),('6X8DdhqGXlp9i9dsoUlXIZ','You Got Yr. Cherry Bomb','3k4KtMTnGJsnqTt0AHEmnw',0.244,0.57,0.691,0,7,0.651,-7.165,1,0.03,141.87,0.702),('6XjBFtW4QcuGG26RysHzuS','Ancient Walls Of Flowers','5dR0fhE3oveLRSUMMQ3oRB',0.326,0.577,0.537,0.0000788,2,0.191,-9.583,1,0.0372,152.528,0.485),('6xKXkSSJqv6ttwL8bj3Dm2','Time Today','5Az98PddCKwVoorl9pK6U7',0.229,0.506,0.677,0.000183,3,0.0897,-5.73,1,0.0494,175.655,0.327),('6XVsDxStbIgBO32qk40RSv','Slow Mo','74pSWus8BPsJruK4zEYeS4',0.0154,0.536,0.612,0,1,0.0752,-7.736,0,0.0383,142.074,0.263),('6XyxCBp6x3jvtxXvMN5sAA','1539 N. Calvert','51WLEfPEEkzAWurvuY6Gco',0.278,0.863,0.717,0.0826,4,0.0991,-3.143,0,0.17,152.05,0.357),('6Xz7FeyE8HTP90HecgHV57','Wild World','25Vt8FvZBx4BsSJWEsF7sJ',0.376,0.484,0.508,0.000791,0,0.0961,-9.308,1,0.0364,151.867,0.554),('6yIjtVtnOBeC8SwdVHzAuF','Heard \'Em Say','5ll74bqtkcXlKE7wwkMq4g',0.0535,0.727,0.696,0.0454,7,0.128,-8.313,0,0.165,95.067,0.559),('6YK2tAEYnHgYkkC6TSziqM','Fell In Love With A Girl','0LicnijsvZ3Q7OCU0g9U8Z',0.704,0.178,0.981,0.0000745,4,0.854,-1.743,0,0.162,88.21,0.369),('6YpeKrAqSUQduSdnSsprZY','Yoshimi Battles the Pink Robots, Pt. 1','37WmpkMVJBLF1A67a7vYDi',0.19,0.552,0.953,0,0,0.117,-3.89,1,0.128,156.137,0.574),('6YQP8txj9ZXTGiaP8S8jOZ','SLAY','3u3C0J0FIiZi75ZfXbSijo',0.0671,0.734,0.442,0,10,0.33,-7.646,0,0.0441,87.989,0.243),('6YR5h7yYi5NE4VojNa5EF9','Black Like Me','3k4KtMTnGJsnqTt0AHEmnw',0.202,0.421,0.641,0.0000498,11,0.15,-8.604,0,0.0462,171.064,0.26),('6ysRK6One7O5GiRVvrs0x1','He','6DnxZc9FT5qSMKKFDdviO2',0.514,0.743,0.441,0.00524,11,0.309,-11.169,1,0.0898,95.024,0.465),('6YT0soqYkgiBRdc93jZGcN','Good Guys Get Left Behind','16SMGvTZrwtiJ132g69toP',0.0591,0.62,0.883,0,8,0.0982,-8.512,1,0.436,82.619,0.519),('6z1z7D2WcyVWkRAr2UVbt5','Rise and Shine','4skqOUXyBUnzxVPNPxrGWV',0.0551,0.425,0.768,0,9,0.19,-5.969,1,0.272,81.337,0.274),('6zC0mpGYwbNTpk9SKwh08f','Wonderful Tonight','5MAL7e4EnKXW1hFg6NbFqP',0.649,0.572,0.214,0.129,7,0.125,-15.625,1,0.0293,95.542,0.485),('6zeE5tKyr8Nu882DQhhSQI','Dust in the Wind','6oU298pdPTCQnMx1PYwyUA',0.367,0.475,0.322,0.00056,7,0.11,-10.687,1,0.0283,93.503,0.387),('705u4LfXcTBuDOB8UCy0A7','Kush & Corinthians','13WjgUEEAQp0d9JqojlWp1',0.726,0.383,0.731,0,1,0.504,-5.996,1,0.201,176.781,0.306),('70gbuMqwNBE2Y5rkQJE9By','Going to California - 2012 Remaster','44Ig8dzqOkvkGDzaUof9lK',0.943,0.503,0.265,0.045,2,0.0867,-15.913,1,0.0333,78.044,0.522),('70QqoQ3krRFUHfEzit7vjT','Goodbye Baby','16l2hETgnzUG3T8F8xqfnL',0.664,0.747,0.422,0.00277,7,0.392,-10.008,1,0.0294,111.141,0.595),('70wYA8oYHoMzhRRkARoMhU','When You Were Young','4o3RJndRhHxkieQzQGhmbw',0.000152,0.467,0.988,0.0484,11,0.28,-3.313,1,0.112,130.435,0.321),('70XP39KE8vTgxtRXcwfxJA','All That Matters','7Cz0XcQzoxUi7L7sfgXLml',0.00508,0.696,0.513,0,6,0.0682,-5.567,0,0.0424,129.859,0.144),('70YPzqSEwJvAIQ6nMs1cjY','In Your Arms (with X Ambassadors)','60xcVwuQJAOyu11xf9mObS',0.198,0.404,0.806,0,2,0.114,-4.75,1,0.0496,148.036,0.112),('71CbCgUWOlvxR5q5veuDeB','Sav It Out Mobb','1bgNeSFRtmRJfaXIlSqbSs',0.0216,0.766,0.74,0,1,0.107,-4.171,1,0.0837,87.985,0.615),('722tgOgdIbNe3BEyLnejw4','Black Skinhead','7D2NdGvBHIavgLhmcwhluK',0.00112,0.766,0.821,0,1,0.168,-6.124,1,0.268,130.073,0.299),('72hFOhhhnOJZnnp6uVOgPn','Complexion (A Zulu Love)','7ycBtnsMtyVbbwTfJwRjSP',0.566,0.665,0.558,0.00000457,2,0.219,-7.863,0,0.303,89.953,0.37),('72jbDTw1piOOj770jWNeaG','Paris','4JPguzRps3kuWDD5GS6oXr',0.0215,0.653,0.658,0.00000166,2,0.0939,-6.428,1,0.0304,99.99,0.219),('72Qo3U5apeuv91j9BEqJBM','I Don\'t Wanna Waste My Time','6ZksrxRWlJ7ExylPyJwfLJ',0.765,0.287,0.234,0.0636,4,0.123,-17.86,1,0.0672,74.454,0.121),('72Z17vmmeQKAg8bptWvpVG','Space Oddity - 2015 Remaster','1ay9Z4R5ZYI2TY7WiDhNYQ',0.0748,0.299,0.443,0.000138,0,0.177,-12.621,1,0.0346,139.539,0.434),('739vCwA3EpBSkk3uDsI2wB','Lemon - Drake Remix','2TKbBIv3QaM46sT9BtHKm1',0.000738,0.777,0.657,0.00000334,1,0.0932,-6.434,1,0.237,189.992,0.245),('73I8Q4TUVRJgl9xuhawtQN','Full Circle','5CHtbHytqjRfyRzrmyZgWU',0.133,0.575,0.75,0.000223,2,0.127,-8.923,0,0.0335,89.042,0.329),('73NbHgUZ51H65Bfo2HFKUi','Whatever It Takes','51s30K7a36ORx6AAaPBRRY',0.0392,0.675,0.662,0,1,0.128,-4.989,1,0.0318,134.936,0.536),('749SJvmRHD43wFUnBtUJ36','Over My Dead Body','63WdJvk8G9hxJn8u5rswNh',0.759,0.489,0.57,0.0000021,1,0.179,-10.291,1,0.306,185.516,0.584),('74vs7PD7iG2GnWUGnb8Yuq','Middle Of The Night','69Pj3ce9XFZUi3XuQylLKf',0.00359,0.588,0.752,0,11,0.0813,-4.322,0,0.0576,130.09,0.4),('75hLNJfiXV5k2YGrbGEW51','Feel Again','2bbhW5ifCwOYM8DMkqoYBF',0.0198,0.467,0.815,0.00000123,7,0.118,-7.929,0,0.0524,140.047,0.335),('75izAeHlGuOgA865CFDyIv','For Free? - Interlude','7ycBtnsMtyVbbwTfJwRjSP',0.588,0.526,0.896,0,8,0.37,-4.708,1,0.197,129.313,0.745),('75JFxkI2RXiU7L9VXzMkle','The Scientist','0RHX9XECH8IVI3LNgWDpmQ',0.727,0.56,0.442,0.0000171,5,0.11,-7.224,1,0.0243,146.448,0.212),('75YUnz58ajMo2VIIuUFvOV','The Tourist','7dxKtc08dYeRVHt3p9CZJn',0.224,0.241,0.295,0.0328,4,0.11,-8.571,1,0.0319,114.759,0.0398),('7635mlfbjmTS7t17pKtl6r','Bitch, Don’t Kill My Vibe - Remix','6PBZN8cbwkqm1ERj2BGXJ1',0.0479,0.625,0.773,0,1,0.201,-5.822,1,0.235,133.798,0.134),('76EeScTnI2sCjDY0SfEoSb','Work This Body','3mNoFlD1wsoXfkljfFzExT',0.0283,0.421,0.831,0,4,0.464,-5.128,1,0.107,134.027,0.488),('76hfruVvmfQbw0eYn1nmeC','Cake By The Ocean','3Wv4X8OA65pGpFzBkuUgAh',0.153,0.774,0.753,0,4,0.0371,-5.445,0,0.0517,119.002,0.896),('76kyKtPLsFbQkdQ86QrkF4','Plastic Bag','1ozpmkWcCHwsQ4QTnxOOdT',0.0104,0.845,0.479,0.00000184,1,0.157,-6.065,1,0.299,170.921,0.349),('76TZCvJ8GitQ2FA1q5dKu0','The Boxer','0JwHz5SSvpYWuuCNbtYZoV',0.702,0.439,0.488,0.000339,11,0.16,-14.464,1,0.0615,93.017,0.629),('77hlFloRkg0O7agtvmmC6K','Matrix Slave Ship','2wxO6auSkzsTuSua9PqZop',0.086,0.682,0.403,0.0377,8,0.204,-8.935,0,0.274,144.063,0.111),('77oU2rjC5XbjQfNe3bD6so','Beast Of Burden - Remastered','1Jv2AqzhgsduUik2p4k3cS',0.39,0.783,0.878,0.000778,1,0.0426,-3.864,0,0.0308,100.626,0.885),('77SPrxY5gn6VPrKPGrfLnM','There, There','1oW3v5Har9mvXnGk0x4fHm',0.0193,0.614,0.677,0.518,9,0.108,-8.317,0,0.0323,126.477,0.717),('77UXyXy6qie0sOtLdEIH4A','Demons','6ZksrxRWlJ7ExylPyJwfLJ',0.416,0.464,0.378,0.0917,2,0.0966,-11.354,0,0.143,164.486,0.037),('78Jfmw8XNJL68aWjeIUGHC','Cadmium','2SmrUzUMMOYQqoPuOhlhjw',0.484,0.456,0.32,0,4,0.158,-9.883,1,0.0477,131.214,0.33),('78mYKNu21OYcRyWUVrNK6n','TOO COCKY','3u3C0J0FIiZi75ZfXbSijo',0.0137,0.926,0.353,0,5,0.334,-8.161,1,0.131,100.04,0.405),('793xe74Xm4VFkkAOI6eZvy','Hell (feat. Santigold)','1E1eyI5uGllppJZCxNoF9w',0.141,0.621,0.479,0,2,0.202,-9.172,1,0.169,142.267,0.253),('794F99D5BQHS5ZGRXAs7I5','Anaconda','5ooCuPIk58IwSo6DRr1JCu',0.0668,0.964,0.605,0.00000778,9,0.214,-6.223,1,0.179,129.994,0.646),('79jX8RM5CgPqDKdGEKNW9K','In My Blood','0OrcP3iH5AnzeEmvlpunlN',0.0524,0.628,0.715,0,5,0.119,-7.097,1,0.0541,139.991,0.429),('79reBHqpRoWXaQbjBBY3UC','All Day','6PMuXABPVPf11EgTxrjroO',0.0739,0.861,0.651,0,9,0.211,-4.718,0,0.111,122.985,0.421),('79XrkTOfV1AqySNjVlygpW','Energy','0ptlfJfwGTy0Yvrk14JK1I',0.38,0.748,0.571,0,11,0.534,-7.916,1,0.478,172.105,0.553),('7a2dsbIZcf5SAz7Uv4G0NR','Trife Life','1cCAb1vN8uUsdfEylVmTLs',0.0337,0.539,0.75,0,8,0.257,-6.436,1,0.528,178.267,0.567),('7A3ETuOrieyx9KSF0sn0Zf','You Ain\'t Gotta Lie (Momma Said)','7ycBtnsMtyVbbwTfJwRjSP',0.455,0.443,0.635,0.0000207,11,0.285,-5.404,0,0.223,93.742,0.672),('7aag0fFgE9K1Gj8lJwQaGI','HAPPINESS','0DjJIQPOsxd5OiUoVskRBH',0.00703,0.575,0.765,0,9,0.331,-6.608,1,0.0345,98.037,0.407),('7aBAo2pO8LvrN8mGba7MvA','Icky Thump','77dc8fS3O8FaQjhbNASpgM',0.021,0.424,0.632,0.0117,9,0.0545,-7.243,1,0.0922,97.694,0.356),('7AbWkvrK7kajTYSqy4QgPn','Comanche','7sdz6zUhXNwbwzqVRskzj9',0.0622,0.62,0.35,0.00000306,2,0.0549,-10.879,1,0.0496,115.61,0.961),('7AFASza1mXqntmGtbxXprO','changes','2Ti79nwTsont5ZHfdxIzAm',0.883,0.669,0.308,0,11,0.0984,-10.068,1,0.029,64.934,0.52),('7aiClxsDWFRQ0Kzk5KI5ku','hot girl bummer','37CqAwxTungNxKpIK5vSgE',0.128,0.778,0.559,0,6,0.399,-7.109,0,0.0776,129.989,0.678),('7AijU6oTPGmG64uWf63Qvc','1Train','1E1eyI5uGllppJZCxNoF9w',0.349,0.622,0.872,0,2,0.695,-3.403,1,0.332,83.568,0.768),('7aKWgpecgLEqisWcXPElDl','Never There','1vbpW28Od2ATmVyAZ0QZ3j',0.0426,0.761,0.735,0.0838,9,0.0917,-8.171,0,0.043,125.815,0.592),('7aNTfUxWGwdHZswsdThYbW','Fat Spliffs','5FWZm9haAG0NhY6WmdS4oW',0.122,0.817,0.682,0.475,2,0.0828,-5.477,1,0.0707,82.153,0.914),('7aNW0M1R6eUnoXKpN2HncV','HEADY','2v9Eny0s7E50ugTiFlCuUF',0.0178,0.656,0.595,0,1,0.23,-6.627,1,0.0297,115.064,0.559),('7AuBNOScoZCBtjKp3CVlz9','Moving Forward','1xXSEeYg8T9UFaphdP9FtP',0.0611,0.402,0.591,0.00000326,1,0.084,-6.135,1,0.0262,94.885,0.266),('7b9h63I7EafcW2pVS9pcUr','Retro [ROUGH]','5GBcqixIFDPEom7AUNbFiM',0.233,0.868,0.636,0.0125,5,0.112,-5.691,0,0.0391,109.954,0.304),('7BL20x1o7Xp13doge3OeRP','Don\'t You Evah','3k4KtMTnGJsnqTt0AHEmnw',0.0425,0.77,0.615,0,6,0.169,-7.165,1,0.0294,120.891,0.961),('7bmNoosrYK6nNIe5qqOM4X','Wake up Jacob','3bHTLP5a6S4knOG7Lstppm',0.153,0.573,0.657,0.0141,6,0.6,-7.557,1,0.162,94.936,0.584),('7BSLBLVXOFtFwvVIss7mEm','Smoke & Ride','1HMw6LQLUfP2wxseAtdnfz',0.131,0.455,0.755,0,5,0.277,-4.587,0,0.366,90.69,0.379),('7CcoUAtUcYhUfBsmtn0ajO','Walk On Water (feat. Beyoncé)','0U6ldwLBEMkwgfQRY4V6D2',0.805,0.483,0.439,0,9,0.637,-10.212,0,0.238,81.986,0.618),('7cer0SfbnGwmwJGu6lF2BB','Truckin\' - 2001 Remaster','3qzvxfhCWUYsJuVSOSv0AP',0.0725,0.631,0.758,0.00289,11,0.158,-9.938,0,0.0616,127.02,0.669),('7CGLNcywkJGwXlJGhw92RT','Zeplike','5FWZm9haAG0NhY6WmdS4oW',0.0356,0.519,0.781,0.71,11,0.334,-6.042,0,0.0346,80.079,0.781),('7CkbRn6S0itJqcqn88AtSV','going down!','2Ti79nwTsont5ZHfdxIzAm',0.0216,0.873,0.663,0.000356,1,0.0867,-4.086,1,0.15,135.499,0.525),('7CVYxHq1L0Z4G84jTDS6Jl','Don\'t Look Back In Anger - Remastered','6ozp33PI3p9AdddB6ZL3xQ',0.0596,0.333,0.922,0.00000205,0,0.126,-4.087,1,0.0592,162.978,0.335),('7D0RhFcb3CrfPuTJ0obrod','Sparks','6ZG5lRT77aJ3btmArcykra',0.746,0.371,0.268,0.0517,1,0.104,-10.506,1,0.0283,102.623,0.165),('7d1hHm5w6uHTrUHaGjAUdh','Checkpoints','0HmKhR7Umt3ACs52ZLnKyK',0.205,0.413,0.67,0,2,0.506,-7.662,1,0.0882,145.509,0.545),('7D49Iig0avHre9RFSUMkd2','I Lived','2bbhW5ifCwOYM8DMkqoYBF',0.0746,0.599,0.854,0,9,0.278,-5.429,1,0.0436,119.986,0.311),('7D5mjGj6O2cHHCoBF8O7qV','Une Annee Sans Lumiere','6ZB8qaR9JNuS0Q0bG1nbcH',0.0416,0.441,0.782,0.584,2,0.0784,-7.032,1,0.0288,105.946,0.582),('7dF151sPnAGBOC8RfjuKE1','bmbmbm','14LuwckQuyWIvVlKrYuLzP',0.0267,0.615,0.678,0.000833,11,0.143,-6.662,1,0.0985,89.075,0.335),('7DLCgotDOZZyiW4cuL1sgn','Cop Car','1IGzUKAM596CnZN0zApFmd',0.0004,0.442,0.672,0.00364,6,0.107,-6.218,0,0.0284,98.018,0.182),('7DTfOX4SIuMMt33sSVvLRr','Supersonic Rocket Ship','5amQlpdmcWbZ2KCbA5Fj5b',0.863,0.622,0.43,0.0217,7,0.118,-15.587,1,0.0434,148.219,0.882),('7dxKdQC9Vo1hDxIUnt1z0Q','Rollercoaster','1Uf67JAtkVWfdydzFFqNF2',0.0583,0.697,0.58,0,11,0.393,-7.986,0,0.0451,123.977,0.467),('7eqFExt8qLJZ5wyaVEWIFJ','La La La','1xOyUrDmQjLkYtWWv0iLf0',0.00168,0.416,0.821,0.739,4,0.0973,-8.297,0,0.0465,174.461,0.79),('7eTYcpjEwXTphautuv9Hj7','Summer Jam','13adsFjbBOQtjaf29Y6w1e',0.0707,0.644,0.729,0.0000264,8,0.195,-7.158,1,0.184,171.875,0.573),('7EulRO07ZgchxqKUHb8Pvc','1985 - Intro to “The Fall Off”','4Wv5UAieM1LDEYVq5WmqDd',0.147,0.678,0.648,0,2,0.182,-5.892,1,0.445,94.336,0.635),('7F02x6EKYIQV3VcTaTm7oN','Hey You','5Dbax7G8SWrP9xyzkOvy2F',0.221,0.588,0.301,0.00236,0,0.128,-14.979,1,0.0294,112.458,0.19),('7FCiDC7ojdm19CJePq6QAe','Vera','5Dbax7G8SWrP9xyzkOvy2F',0.678,0.183,0.162,0.022,4,0.119,-22.191,0,0.151,34.717,0.0839),('7fjLBPTsQrbkV2WRedi2bw','Ziggy Starfish (Anxiety Raps) [feat. Gold Panda]','7BlWNRjwKnLrf7yf0VdSvg',0.0117,0.683,0.86,0.000379,7,0.356,-7.317,1,0.31,143.311,0.298),('7FOJvA3PxiIU0DN3JjQ7jT','Power Trip (feat. Miguel)','1NfrmcXk8xNennyxQ57JcW',0.322,0.667,0.61,0.000203,1,0.426,-7.054,1,0.217,99.991,0.465),('7FYH5AW3bVfZHJIQpq3UOA','I Don\'t Fuck With You','1j2x7FJXTgUT0X5hZ8TDXE',0.0355,0.824,0.733,0,1,0.324,-5.475,1,0.0613,97.971,0.393),('7G4JtFBBuMEjDKJLOB4xA7','Peppa Pig (Prod. Y2K)','3EpRX9PQqKeLuPfngk8Lk3',0.223,0.832,0.322,0.0000244,4,0.609,-9.545,0,0.458,128.853,0.359),('7G4U7IDXXPz1PFlKpfDGoZ','The Horror','7DmNwRBDJRUEFUlk3oa2Aj',0.0149,0.558,0.894,0.845,1,0.182,-1.334,1,0.0934,95.042,0.386),('7G7tgVYORlDuVprcYHuFJh','Don\'t Dream It\'s Over','1dJpgn1rqvvr4yyNYLEYBG',0.0148,0.439,0.422,0.0000484,8,0.0697,-17.227,1,0.0409,81.833,0.551),('7G7zCzvyqz39BFE7TqPM3O','All Your Love','1Z35j1egN42Xvtul5WRlu6',0.293,0.568,0.587,0.329,11,0.137,-8.814,0,0.127,174.682,0.491),('7gDwRzJhLs0fFHaGtMDJVM','Baby Blue (feat. Chance the Rapper)','7ijgeLAW3W3vZ9jf6tozFq',0.247,0.828,0.487,0.0000186,6,0.136,-6.142,0,0.0343,85.027,0.761),('7Gpr3kKk4BMgItz6UbI73q','Road Trippin\'','0fLhefnjlIV3pGNF9Wo8CD',0.28,0.378,0.474,0.00138,4,0.117,-8.202,0,0.0271,102.379,0.38),('7GptbanebPZYkLPvjNfd6m','Buddy Holly','33CmI2lR8PnQwz6133Mc7l',0.00611,0.535,0.931,0.0000726,8,0.0887,-4.012,1,0.0451,120.958,0.825),('7GPyFLPbZhDf60lH74AWIn','Tummy - Instrumental','2qN66BH6XzAQbZJeVmB8bO',0.664,0.789,0.242,0.845,10,0.342,-8.149,0,0.395,68.931,0.436),('7GRTrWsP3yo2Fx8umJfA1X','Freeee (Ghost Town Pt. 2)','6pwuKxMUkNg673KETsXPUV',0.00457,0.334,0.81,0,9,0.158,-4.855,0,0.0632,151.643,0.306),('7H6ev70Weq6DdpZyyTmUXk','Say My Name','283NWqNsCA9GwVHrJk59CG',0.273,0.713,0.678,0,5,0.149,-3.525,0,0.102,138.009,0.734),('7HEoY8JLuFFckI44suYFna','Gyöngyhajú lány','2D2sLvgcdRApZmAhqgDZbh',0.0202,0.266,0.348,0.664,10,0.16,-11.609,0,0.0371,144.154,0.403),('7HFC0t4r97pMHDRrv7lo7k','Don\'t Let Go','2OBSz5Nlto0Q5CtYPzPY7c',0.000038,0.376,0.91,0.0161,2,0.188,-3.485,1,0.0448,142.662,0.584),('7hIRQZhDjab4YgqkkkehV9','If I Lose Myself','2bbhW5ifCwOYM8DMkqoYBF',0.0969,0.482,0.713,0,2,0.111,-6.017,1,0.0487,140.069,0.263),('7hJ1fEr1nf2e4qsE4bfmcc','My Darlin\' (feat. Future)','3RDqXDc1bAETps54MSSOW0',0.0276,0.616,0.475,0,8,0.2,-6.714,1,0.0464,142.879,0.224),('7Hkwpt3GaRntiCrbCyJ4BN','Corpus Christi','6wi40lIjhukePWyXRKY7qO',0.914,0.408,0.362,0.0355,0,0.116,-10.306,0,0.117,77.502,0.549),('7hm4HTk9encxT0LYC0J6oI','Someday','2k8KgmDp9oHrmu0MIj4XDE',0.00425,0.538,0.52,0,9,0.367,-7.46,1,0.0299,106.031,0.678),('7hniD3L7AJUoBpytFpkcDn','Cary Me Back','1qMDN9zRQreK81cJ9G1hed',0.0582,0.499,0.491,0.166,2,0.118,-7.635,1,0.0322,134.001,0.136),('7hNx9Dynz2fRO41L9AEVA8','Champion','3SZr5Pco2oqKFORCP3WNj9',0.00315,0.481,0.505,0,3,0.67,-8.19,0,0.296,98.331,0.765),('7HSk4yGZxfjOkHyOvZrBQZ','Ramparts','3a9g6ueh2eVIYGTfmSoKkb',0.951,0.386,0.428,0.882,10,0.162,-9.949,0,0.0295,172.311,0.73),('7huc9zi62N3uBYkJOmAhTf','The Joy','1YwzJz7CrV9fd9Qeb6oo1d',0.146,0.584,0.516,0.0000307,7,0.139,-6.256,1,0.325,79.743,0.326),('7hVhRCDV100Jq26NGR7adw','Good Times Roll','4tJPWT4r4FSKwy784Qs1Fq',0.0951,0.607,0.662,0.0000827,4,0.125,-9.456,1,0.0278,107.643,0.629),('7iEoaTyBCqLaAwJnOP1BTn','The Games We Play','07bIdDDe3I3hhWpxU6tuBp',0.0713,0.694,0.796,0.0163,5,0.096,-3.696,1,0.198,78.033,0.592),('7ijXITJ7C9HgpU65GHs2Zr','Nickels And Dimes','0OTjYdGtP7AbwOwbYsGhyi',0.0808,0.602,0.741,0.084,7,0.305,-8.825,1,0.337,178.616,0.357),('7iN1s7xHE4ifF5povM6A48','Let It Be - Remastered 2009','0jTGHV5xqHPvEcwL8f6YU5',0.631,0.443,0.403,0,0,0.111,-8.339,1,0.0322,143.462,0.41),('7isbPMomU1kbgaNKOFocGJ','One Time Comin\'','4VqdntbxmB7r1At6sPKRnb',0.00305,0.825,0.598,0,8,0.125,-7.158,1,0.0374,108.044,0.375),('7J2gyNghNTzl4EsLhXp01Q','infinity (888) - feat. Joey Bada$$','2Ti79nwTsont5ZHfdxIzAm',0.274,0.562,0.579,0,10,0.102,-6.788,0,0.484,84.143,0.577),('7j31rVgGX9Q2blT92VBEA0','Teenagers','0FZK97MXMm5mUQ8mtudjuK',0.0506,0.463,0.857,0,4,0.184,-3.063,1,0.0632,111.647,0.856),('7jaDLcrbilPxoH4mIcYyB3','I Found You','0XTXsyyHWn0yhefqH6i570',0.0945,0.728,0.701,0.0000208,1,0.181,-6.58,1,0.0406,137.97,0.413),('7jAxGkXU58FwNMjqoMahn7','Celebration','5ll74bqtkcXlKE7wwkMq4g',0.0164,0.295,0.777,0.00000132,5,0.118,-4.199,1,0.212,80.039,0.354),('7jCfMSjfhHiPHULtRJawSn','Postcards Holiday','6HEMA5Jovh1s1zUhtqwJL3',0.352,0.669,0.753,0.602,0,0.0983,-5.925,1,0.0283,95.109,0.543),('7JfkcLEt80b6GotACR4HnG','Weeping Willow','5ufzqDK2p7Te64hQBAu35t',0.0908,0.416,0.632,0.119,8,0.103,-7.459,0,0.0414,118.307,0.323),('7JMVhsR4cggN4Rvq0NQVOX','Beta Male Strategies','5ilsl5R2lGACTnPZMKIp7o',0.484,0.573,0.582,0.0000061,0,0.161,-6.647,1,0.275,119.69,0.214),('7jruR1S3Fhz6odhVGLJ6iU','Use Me','6wi40lIjhukePWyXRKY7qO',0.187,0.686,0.531,0.00664,4,0.0963,-9.702,0,0.204,145.019,0.338),('7JSdsfOoM8ueAuqPOrjc4T','Death By Numbers','0zi2TaQkYxfXIBvl2yTjQJ',0.392,0.657,0.397,0.78,10,0.197,-10.53,0,0.0681,100.09,0.528),('7jWgkIrTDiB3vF8dm5AUyQ','Pop Thieves (Make It Feel Good)','5GBcqixIFDPEom7AUNbFiM',0.0746,0.544,0.869,0.0000127,5,0.102,-8.363,0,0.0836,104.622,0.0647),('7JXZq0JgG2zTrSOAgY8VMC','Jungle','0ptlfJfwGTy0Yvrk14JK1I',0.618,0.69,0.235,0.000144,7,0.107,-8.651,1,0.0541,99.906,0.378),('7k6IzwMGpxnRghE7YosnXT','Me & U','0j1qzjaJmsF1FkcICf3hRu',0.352,0.803,0.454,0,8,0.0655,-4.802,0,0.0294,99.99,0.739),('7kftK4n15rl1wbpfjSq2Tk','Wherever I Go','30Ni9qg2MBeeZXybsMOQ7m',0.1,0.54,0.675,0,10,0.237,-6.449,0,0.0429,99.97,0.348),('7kfTqGMzIHFWeBeOJALzRf','Headlines','63WdJvk8G9hxJn8u5rswNh',0.365,0.636,0.566,0.000353,6,0.0917,-7.16,0,0.106,151.894,0.425),('7KLB6Jptw9wyQXkSLiO8qh','Might Be','0fIsnhdTNKflr8zk7kQjz7',0.378,0.448,0.782,0,9,0.114,-6.766,0,0.458,74.037,0.694),('7km95zsDFQluKPA3Morwb0','BULLETPROOF','3u3C0J0FIiZi75ZfXbSijo',0.141,0.778,0.511,0,8,0.321,-7.419,1,0.427,162.56,0.462),('7KQvT4YuzcmyogWg7Gq4Z5','Up North Trip','1cCAb1vN8uUsdfEylVmTLs',0.0391,0.845,0.641,0.0000024,6,0.326,-5.102,0,0.275,87.86,0.774),('7Ks4VCY1wFebnOdJrM13t6','Wesley\'s Theory','7ycBtnsMtyVbbwTfJwRjSP',0.359,0.509,0.787,0.0000276,7,0.26,-6.754,1,0.265,114.449,0.507),('7KwZNVEaqikRSBSpyhXK2j','Hypnotize - 2014 Remaster','7dRdaGSxgcBdJnrOviQRuB',0.145,0.901,0.697,0,9,0.287,-3.439,1,0.28,93.941,0.67),('7kXINLuqpicfE1sDCZ3Xwv','Barry Bonds','3SZr5Pco2oqKFORCP3WNj9',0.0452,0.475,0.613,0,1,0.294,-6.217,1,0.382,166.755,0.718),('7KXjTSCq5nL1LoYtL7XAwS','HUMBLE.','4eLPsYPBmXABThSJ821sqY',0.000282,0.908,0.621,0.0000539,1,0.0958,-6.638,0,0.102,150.011,0.421),('7KZ5MMVgBVox9ycroB2UrI','CAROUSEL','41GuZcammIkupMPKH2OJ6I',0.229,0.428,0.403,0,5,0.22,-5.914,0,0.209,95.387,0.133),('7lAK3oHbfEnvUQWosrMMpR','YOSEMITE','41GuZcammIkupMPKH2OJ6I',0.283,0.785,0.554,0.0000034,0,0.116,-6.571,1,0.0409,128.047,0.144),('7lGKEWMXVWWTt3X71Bv44I','Unsteady','7A8fZ2jjiu5heq7wNCutKN',0.178,0.389,0.665,0.000732,0,0.116,-6.169,1,0.0644,117.055,0.199),('7lgvU7WnwcNZ8dbGUz8yhP','Bitch Please II','6t7956yu5zYf5A829XRiHC',0.0783,0.918,0.586,0,1,0.145,-2.89,1,0.133,95.517,0.779),('7lir0j0yV5XM06AgKyAlIX','Landslide - 2017 Remaster','6jTUmLtY779ZNYsyugOq2q',0.847,0.431,0.297,0.000589,7,0.115,-14.933,0,0.0307,160.168,0.467),('7lL3MvFWFFSD25pBz72Agj','A Tale of 2 Citiez','7viNUmZZ8ztn2UB4XB3jIL',0.553,0.559,0.556,0,6,0.251,-7.844,1,0.531,189.861,0.362),('7lQWRAjyhTpCWFC0jmclT4','Gangsta\'s Paradise','0fYctMs4EvoEqzDh8Kmg5g',0.0655,0.647,0.514,0,8,0.398,-10.05,1,0.0593,79.974,0.387),('7LsxpUkzwsqIjWIxMqKxxj','Baka','2cckMutNyENw9bBl2s5sYT',0.0687,0.611,0.446,0.00563,6,0.86,-8.73,0,0.44,130.02,0.25),('7LVHVU3tWfcxj5aiPFEW4Q','Fix You','4E7bV0pzG0LciBSWTszra6',0.163,0.209,0.418,0.00195,3,0.113,-8.74,1,0.0338,138.265,0.123),('7m9OqQk4RVRkw9JJdeAw96','Jocelyn Flores','5VdyJkLe3yvOs0l4xXbWp0',0.469,0.872,0.391,0.00000413,0,0.297,-9.144,0,0.242,134.021,0.437),('7MVKVv3BY3WyCZw1vSY1lb','Jungle Bash (feat. SwizZz)','16SMGvTZrwtiJ132g69toP',0.342,0.812,0.608,0,6,0.108,-9.775,1,0.22,102.543,0.279),('7N1Vjtzr1lmmCW9iasQ8YO','Survival of the Fittest','1cCAb1vN8uUsdfEylVmTLs',0.125,0.813,0.703,0.00000126,11,0.237,-5.077,0,0.268,94.828,0.241),('7n1y18wPhZv5YxpR6nFBck','I Need Help','16SMGvTZrwtiJ132g69toP',0.117,0.755,0.63,0,5,0.124,-5.909,0,0.0838,150.141,0.368),('7n9bPHZvl5UvmLPhNjUH1C','Good Grief','50IYgxihl1VlfSk0dReOOT',0.17,0.73,0.775,0,1,0.29,-4.821,1,0.0782,120.053,0.92),('7nCONy10IHp7XD3oYZ0lcx','I\'ve Seen Footage','1PQDjdBpHPikAodJqjzm6a',0.0481,0.603,0.944,0,11,0.342,-3.626,0,0.347,130.035,0.418),('7njKgVl3AnLflRad38o7AG','Paradise','5mLjE4CPn8kNpzqNNslabJ',0.0828,0.844,0.644,0,11,0.113,-6.273,0,0.0479,122.061,0.591),('7nRTwoV1u3iQZ02FmvDsAM','Word Is Bond','4nwd6ernojhNIIRifDJoRz',0.0577,0.842,0.551,0,8,0.195,-6.569,1,0.0829,97.955,0.105),('7nsOsdlqa9Srr1LBYyd9pC','Speechless (feat. Tori Kelly)','4PG2VYLVZls4GxvLjKMrp5',0.664,0.562,0.383,0,6,0.259,-6.063,1,0.0337,135.15,0.497),('7nWxZ1OWN4gtVH1mplNRxV','Dollar and a Dream III','4skqOUXyBUnzxVPNPxrGWV',0.516,0.42,0.726,0,3,0.0907,-7.113,0,0.415,76.585,0.316),('7oK9VyNzrYvRFo7nQEYkWN','Mr. Brightside','4undIeGmofnAYKhnDclN1w',0.00101,0.356,0.924,0,1,0.0953,-3.74,1,0.0808,148.017,0.232),('7p3XAxYOxflnVHHrotNizM','Big Wheels','6wi40lIjhukePWyXRKY7qO',0.0442,0.619,0.87,0.102,0,0.316,-6.551,0,0.0599,83.92,0.35),('7pdCmGogZHZH3Xv7LnqVrH','Real','6PBZN8cbwkqm1ERj2BGXJ1',0.0282,0.652,0.458,0,1,0.664,-12.272,1,0.194,100.046,0.174),('7pegxVesMmE2qK0o58xoFG','Homage','1qMDN9zRQreK81cJ9G1hed',0.153,0.546,0.468,0.00257,5,0.321,-8.167,1,0.0287,73.372,0.416),('7pRcWov3NHxi0GDkKdbSb0','I. The Worst Guys','0zi2TaQkYxfXIBvl2yTjQJ',0.0534,0.613,0.684,0,5,0.0662,-6.488,0,0.104,97.028,0.399),('7psPPGwhFzP3pyOcb3ivcT','Unbelievers','2Qi2SySN2ePZwMLDSv9Krn',0.142,0.644,0.811,0.000629,11,0.169,-7.681,1,0.0499,154.903,0.831),('7pu0a2lDSnwQS0ERqAtCnS','4x4 (feat. Nelly)','3RDqXDc1bAETps54MSSOW0',0.0504,0.922,0.797,0,4,0.134,-6.567,0,0.0558,119.955,0.922),('7pVHKNbYuz5HWZ99iIQ0Mb','Pretender - Acoustic','1NZBzIrSV5yca91Su4i1MC',0.639,0.811,0.365,0,7,0.224,-6.943,0,0.0291,97.941,0.539),('7q8sUaaTLX7KMKg8NgBcyc','Punk Rock:','3DJXBtZOugSQhzgnfoWp8k',0.922,0.371,0.267,0.856,7,0.0963,-17.204,0,0.0318,96.023,0.105),('7qFg0joTjCiYOvzrt9nNtg','Bad, Bad Leroy Brown','5M1LRjo6pwaxEBuu7Dbvjb',0.459,0.663,0.844,0,7,0.0701,-6.211,1,0.0421,148.013,0.817),('7qiZfU4dY1lWllzX7mPBI3','Shape of You','3T4tUhGYeRNVUGevb0wThu',0.581,0.825,0.652,0,1,0.0931,-3.183,0,0.0802,95.977,0.931),('7qPdc4CH1GGZaHBImyoZ69','Tesselation','1qMDN9zRQreK81cJ9G1hed',0.135,0.667,0.407,0.121,9,0.0961,-9.467,1,0.0321,73.998,0.547),('7qZnrRGtCSDz4apCr4IGtD','God\'s Gift','4skqOUXyBUnzxVPNPxrGWV',0.0311,0.332,0.791,0.000264,1,0.104,-4.489,0,0.22,79.65,0.439),('7rpNuuoMbid56XkDsx2FjE','Black And White','5gdoRB1AUsGnScCuZ8gmPp',0.0301,0.443,0.582,0,2,0.127,-6.02,1,0.0482,147.589,0.239),('7rWGO6nfsDwHTqYrHP9eSh','A Loving Feeling','16i5KnBjWgUtwOO7sVMnJB',0.0000128,0.331,0.748,0.0000665,9,0.166,-8.685,1,0.0568,147.183,0.338),('7s1upm7yr7ZjrzXMwHawtG','Sexual Healing - Kygo Remix','6j62lF3YXsygj6xTjAyRG5',0.321,0.689,0.68,0.0211,0,0.0431,-7.196,0,0.0427,100.987,0.646),('7seOKP6sCDCCutHavQygpY','I Can\'t Keep on Missing You','3UFnSqy7cAR3AEtkXm4Qwc',0.0622,0.617,0.819,0,9,0.393,-6.759,1,0.0615,130.035,0.661),('7sljA9XJXVCbbXLK5XpDtu','Maybe','5OtuvumuyOk1s5kGJAk1bJ',0.953,0.66,0.306,0.826,9,0.319,-10.895,1,0.0296,91.763,0.491),('7sOv7Zx2uvuA1uSFQNDjlQ','See It No Other Way','5FWZm9haAG0NhY6WmdS4oW',0.0106,0.668,0.704,0.0000015,8,0.051,-6.805,1,0.38,170.887,0.904),('7spxYjVBMBaL7HIrpKJCVc','Big Daddy','5ooCuPIk58IwSo6DRr1JCu',0.0901,0.803,0.66,0,8,0.115,-5.671,1,0.152,114.06,0.207),('7t97jbSsGY54ULs52xAV5a','Joyride','6wi40lIjhukePWyXRKY7qO',0.675,0.634,0.796,0.00023,9,0.198,-6.485,0,0.0691,79.977,0.594),('7tr2za8SQg2CI8EDgrdtNl','Slide (feat. Frank Ocean & Migos)','2HaqChIDc5go3qxVunBDK0',0.498,0.736,0.795,0.00000121,1,0.254,-3.299,0,0.0545,104.066,0.511),('7u0hfStBmf1j0yiD3Em39J','V. 3005 - Beach Picnic Version','5GBcqixIFDPEom7AUNbFiM',0.013,0.573,0.438,0.0867,8,0.117,-9.306,1,0.0449,165.997,0.133),('7uHbtFnf3VFdA70pmkkJyK','When I Was Gone','4F6GGyqtJoF4EOxDgsKzsB',0.105,0.839,0.358,0,8,0.0599,-8.377,1,0.579,96.594,0.365),('7ujbNS6fmb82EcZfiDsUd5','Ghetto Symphony','1E1eyI5uGllppJZCxNoF9w',0.265,0.483,0.926,0,6,0.529,-3.361,1,0.422,128.137,0.523),('7ujucw8kFBPIy9mz7DlmAq','JUNKY','0XnqQzdSFAml08XZoRt1St',0.316,0.638,0.662,0,1,0.258,-5.497,1,0.404,82.327,0.675),('7ukgH1zo3oYXI40bj0PpHO','Glorious Day','2OBSz5Nlto0Q5CtYPzPY7c',0.0000457,0.207,0.832,0.000211,9,0.0912,-4.361,1,0.044,206.915,0.161),('7unx2Rvsq8D0RfOLRXclTA','For Sale? - Interlude','7ycBtnsMtyVbbwTfJwRjSP',0.442,0.301,0.686,0.000115,2,0.121,-8.36,1,0.0831,79.036,0.276),('7uWVT3UkCAZyANvv0bdyQn','These Walls','7ycBtnsMtyVbbwTfJwRjSP',0.11,0.752,0.489,0.00000357,1,0.202,-5.233,1,0.137,108.005,0.373),('7v27WiEpo3B9jXItsZmoJW','Good Times Interlude','4nwd6ernojhNIIRifDJoRz',0.873,0.751,0.361,0,11,0.633,-20.521,0,0.903,109.15,0.693),('7vFv0yFGMJW3qVXbAd9BK9','Your Body Is a Wonderland','3yHOaiXecTJVUdn7mApZ48',0.0206,0.647,0.729,0.0489,5,0.134,-6.251,1,0.0236,94.01,0.687),('7vGuf3Y35N4wmASOKLUVVU','Silence','2bw00gRKNKbTFOqCkohbSh',0.256,0.52,0.761,0.00000496,4,0.17,-3.093,1,0.0853,141.971,0.286),('7w0YG5qn9w8LYA4tHpQe0o','Jailbreak the Tesla (Feat. Aminé)','5UWKsRDw3O4BsobmeyRpB9',0.069,0.474,0.698,0,8,0.179,-5.541,0,0.277,102.289,0.729),('7w92YbaSoYBwyQCCS2BDH8','TOO BRAZY','3u3C0J0FIiZi75ZfXbSijo',0.0221,0.921,0.561,0,11,0.0852,-8.146,1,0.353,100.095,0.505),('7wBJfHzpfI3032CSD7CE2m','STARGAZING','41GuZcammIkupMPKH2OJ6I',0.00947,0.487,0.789,0.00000405,8,0.189,-3.69,1,0.044,150.007,0.0564),('7wclPheMJAUKn2njmO2s3A','Pork And Beans','6v8wNjiQDhDijoapXXZ9mZ',0.0109,0.599,0.624,0.00000806,6,0.158,-6.622,1,0.0339,119.838,0.706),('7wMCECqH5hlj6HF2J2LKAZ','Doorman','5Ki4YFQrUx7hCcQx1LJUQb',0.19,0.673,0.892,0,10,0.228,-7.175,0,0.244,87.497,0.293),('7x2xjJV3YAPeLQJ7u3Kjet','Box of Rain - 2013 Remaster','2UDDZVesmQwA4aYfa55diS',0.413,0.52,0.49,0,2,0.121,-12.828,1,0.0286,117.755,0.76),('7xC6xlFSZJKpSbCuTnraxG','Gone Crazy','5dR0fhE3oveLRSUMMQ3oRB',0.377,0.74,0.452,0.000192,4,0.125,-11.716,1,0.0356,84.138,0.591),('7xHsIaGEmiZunovi6oFtQz','Angel','4jNUqLLTYdMHhH8Z8tt93S',0.143,0.802,0.77,0,6,0.0424,-2.998,1,0.0925,85.286,0.778),('7xIBKYHW0iZJfb6eKWLaLd','High Tolerance','6TYkTDE0UnV2FAtVIII6ER',0.459,0.672,0.59,0.00269,1,0.117,-12.026,0,0.255,160.068,0.496),('7xqeIdLJSf3bgmZ7vUvHrE','Idioteque','19RUXBFyM4PpmrLRdtqWbp',0.0352,0.615,0.931,0.0000237,3,0.0914,-7.8,1,0.24,137.544,0.53),('7xsvZuhTQEGsLfopzFjMsS','Heroin','1gGjSTfser1MPfowGiuy9l',0.265,0.2,0.778,0.72,1,0.101,-10.139,1,0.0735,146.969,0.212),('7xTY3rJMgj0nh6OOPHgsLw','Freaks And Geeks','6L4gtDcKB0RBRpx2DhHrsQ',0.124,0.667,0.873,0,10,0.0725,-5.605,1,0.314,81.052,0.799),('7xVtgIGE05H4shsfFCD85h','Make You Famous','732gud2ZvQiD9nHSi8qMtA',0.00434,0.888,0.511,0.00338,1,0.0954,-8.739,1,0.242,128.965,0.299),('7yCm5uEZcQ6uzt9E5Py6IR','Middle Of The Night','52bwpFP1d8uri0V5oWQLF0',0.00392,0.607,0.724,0,11,0.0712,-4.313,0,0.0517,130.008,0.414),('7ycWLEP1GsNjVvcjawXz3z','Praise The Lord (Da Shine) (feat. Skepta)','3MATDdrpHmQCmuOcozZjDa',0.0609,0.85,0.569,0.0816,5,0.1,-8.152,0,0.136,80.02,0.294),('7yeWt7sq2oRlEZWv880u9E','CLOUD','4zETbpGKT1FHsEZq3QFQUR',0.161,0.593,0.499,0.0885,9,0.256,-10.189,0,0.0441,82.983,0.548),('7yMiX7n9SBvadzox8T5jzT','Clint Eastwood','0YvYmLBFFwYxgI4U9KKgUm',0.0249,0.663,0.694,0,10,0.0698,-8.627,0,0.172,167.964,0.524),('7yNK27ZTpHew0c55VvIJgm','Dark Fantasy','20r762YmB5HeofjMCiPMLv',0.274,0.59,0.587,0,5,0.167,-5.919,1,0.0457,88.015,0.367),('7yQDLdub1VuUUwbpteUX7w','No Make-Up (Her Vice)','13WjgUEEAQp0d9JqojlWp1',0.541,0.535,0.696,0.00521,5,0.63,-7.181,0,0.0901,91.002,0.213),('7zdORPbuIBkZHCJXl9J2e5','Sherane a.k.a Master Splinter’s Daughter','6PBZN8cbwkqm1ERj2BGXJ1',0.486,0.503,0.508,0.0102,10,0.124,-11.094,0,0.52,81.908,0.317),('7zJi6HnUzxo2J4La1yTFj3','Satan Is My Motor','1vbpW28Od2ATmVyAZ0QZ3j',0.149,0.684,0.705,0.0000216,9,0.108,-8.355,1,0.0394,102.394,0.969),('7zTTDkkLkJ2iHAqq1daDCr','OUTTA MY MIND','6WWXMhWEmIM9SaAyZCFvYL',0.066,0.689,0.463,0.000152,2,0.145,-8.121,0,0.0365,86.998,0.864);
/*!40000 ALTER TABLE `songs` ENABLE KEYS */;
UNLOCK TABLES;

--
-- Table structure for table `user_songs`
--

DROP TABLE IF EXISTS `user_songs`;
/*!40101 SET @saved_cs_client     = @@character_set_client */;
/*!50503 SET character_set_client = utf8mb4 */;
CREATE TABLE `user_songs` (
  `song_id` varchar(50) NOT NULL,
  `user_id` varchar(50) NOT NULL,
  PRIMARY KEY (`song_id`,`user_id`),
  KEY `user_songs_user_fk_users` (`user_id`),
  CONSTRAINT `user_songs_song_fk_songs` FOREIGN KEY (`song_id`) REFERENCES `songs` (`song_id`) ON DELETE CASCADE ON UPDATE RESTRICT,
  CONSTRAINT `user_songs_user_fk_users` FOREIGN KEY (`user_id`) REFERENCES `users` (`user_id`) ON DELETE CASCADE ON UPDATE RESTRICT
) ENGINE=InnoDB DEFAULT CHARSET=utf8mb4 COLLATE=utf8mb4_0900_ai_ci;
/*!40101 SET character_set_client = @saved_cs_client */;

--
-- Dumping data for table `user_songs`
--

LOCK TABLES `user_songs` WRITE;
/*!40000 ALTER TABLE `user_songs` DISABLE KEYS */;
INSERT INTO `user_songs` VALUES ('023OVLNzXhX0j7CxswUt6D','12176798410'),('029B34AzPVXzOQCyaJpkdH','12176798410'),('0385HqYimoTQaHZP17KwG1','12176798410'),('04DwTuZ2VBdJCCC5TROn7L','12176798410'),('064tgRK6FYBwikCdxaHFV1','12176798410'),('0afhq8XCExXpqazXczTSve','12176798410'),('0aoOzL2OjoBn7rg2YCu5um','12176798410'),('0azC730Exh71aQlOt9Zj3y','12176798410'),('0bAM9qivrntXnHyklRRx39','12176798410'),('0BCPKOYdS2jbQ8iyB56Zns','12176798410'),('0FDzzruyVECATHXKHFs9eJ','12176798410'),('0fYVliAYKHuPmECRs1pbRf','12176798410'),('0HxIzAPhbR9aAc5azPc6EB','12176798410'),('0ibG3XCJ32Qq9maUY4AViR','12176798410'),('0j35X8cTq543QDYLOyqB8W','12176798410'),('0j7pdNXDzEVQST5Zcoh5xo','12176798410'),('0KKkJNfGyhkQ5aFogxQAPU','12176798410'),('0mIllpvSLn6pEgBNTkCmKX','12176798410'),('0mrW7NyeWkWko7VTRu124M','12176798410'),('0MsrWnxQZxPAcov7c74sSo','12176798410'),('0mtmrbRFsectINNpHdDkUQ','12176798410'),('0N3W5peJUQtI4eyR6GJT5O','12176798410'),('0NSwXfEWMG7HIRvXioGu03','12176798410'),('0ofbQMrRDsUaVKq2mGLEAb','12176798410'),('0OJg8K1N7UX3QM2HafN0L4','12176798410'),('0ppUopIIOTVmoq79vAkDFj','12176798410'),('0PywzrV955BnXDC8FHAf0n','12176798410'),('0SGkqnVQo9KPytSri1H6cF','12176798410'),('0t3ZvGKlmYmVsDzBJAXK8C','12176798410'),('0tgVpDi06FyKpA1z0VMD4v','12176798410'),('0TK2YIli7K1leLovkQiNik','12176798410'),('0wwPcA6wtMf6HUMpIRdeP7','12176798410'),('0yc37FvbXRwwFaQxzpxbsd','12176798410'),('0yTJtxZJ5VLfBEHhiNUNeY','12176798410'),('0ZPHHXmmW3nVoDBe3YUdmm','12176798410'),('104pmtTQOlmW8Zt2BipGKH','12176798410'),('13P5rwmk2EsoFRIz9UCeh9','12176798410'),('152lZdxL1OR0ZMW6KquMif','12176798410'),('17FK4etx1u2NK60cptINMS','12176798410'),('17onAqgx91Bp9MXtF4TvJ8','12176798410'),('19YmvsVCetCBeVj6O2mljR','12176798410'),('1AamNShZqArJpaZMu6wW76','12176798410'),('1bQhZOoXYqjXs7u7rFXo0h','12176798410'),('1bsQUnczB7JI4YnDzOjFMz','12176798410'),('1C2QJNTmsTxCDBuIgai8QV','12176798410'),('1cS0TgbR263ey9jn0MwD2s','12176798410'),('1DFwdp24dOEXv47sXoeIGt','12176798410'),('1eMBtkX7Ae4WHoKyMRn4wQ','12176798410'),('1etiUDkISHELzQGMY79ryt','12176798410'),('1gZFRYcPz3wKevEaNYRwfW','12176798410'),('1hZk9dktp4yRFTm0TrycuH','12176798410'),('1i1fxkWeaMmKEB4T7zqbzK','12176798410'),('1Ib5tLTFz8teJPcxZycpj3','12176798410'),('1KDPWUuA213r6M2WbWUauE','12176798410'),('1KDYN3odJHnj9pqGHN3FVs','12176798410'),('1mea3bSkSGXuIRvnydlB5b','12176798410'),('1mRiY74pNcCrKkWz6NjdYV','12176798410'),('1NDxZ7cFAo481dtYWdrUnR','12176798410'),('1NhPKVLsHhFUHIOZ32QnS2','12176798410'),('1NrJYpdAi7uosDRPmSYrsG','12176798410'),('1NtIMM4N0cFa1dNzN15chl','12176798410'),('1ny5puGJQ4r7sMvazXClsd','12176798410'),('1OAh8uOEOvTDqkKFsKksCi','12176798410'),('1qezCC5Fsvs62et9UA1tpm','12176798410'),('1SBj3BmNJ5SNCoC0VtlR9Z','12176798410'),('1UqhkbzB1kuFwt2iy4h29Q','12176798410'),('1V2K6ftpUhL9sLEoceuzoY','12176798410'),('1VuBmEauSZywQVtqbxNqka','12176798410'),('1wjzFQodRWrPcQ0AnYnvQ9','12176798410'),('1x5sYLZiu9r5E43kMlt9f8','12176798410'),('1XzzHgGGmul65gGyjlmxBj','12176798410'),('1zi7xx7UVEFkmKfv06H8x0','12176798410'),('1ZzehTXQaSjL0okOGJBVPB','12176798410'),('21fq2CKL93mfnYHItpitxg','12176798410'),('21TdkDRXuAB3k90ujRU1et','12176798410'),('22mek4IiqubGD9ctzxc69s','12176798410'),('22VdIZQfgXJea34mQxlt81','12176798410'),('27GmP9AWRs744SzKcpJsTZ','12176798410'),('2csLe4BoU50n8TtzKQF5yB','12176798410'),('2dgFqylK6gyILa4HY65u0y','12176798410'),('2dpaYNEQHiRxtZbfNsse99','12176798410'),('2EEeOnHehOozLq4aS0n6SL','12176798410'),('2Ex5M7OjJhkH38JvCUzwXR','12176798410'),('2habSXqcJGExM6JJyskY7O','12176798410'),('2hKdd3qO7cWr2Jo0Bcs0MA','12176798410'),('2iUXsYOEPhVqEBwsqP70rE','12176798410'),('2jdAk8ATWIL3dwT47XpRfu','12176798410'),('2JVwsN6viHjR9t5pCPQ4Br','12176798410'),('2kAIpGWnlFLQh48iut6Zzq','12176798410'),('2kqMzzgzqyDrQO4WurQiJA','12176798410'),('2mb32CDk3XusDc87vjeAoG','12176798410'),('2MLHyLy5z5l5YRp7momlgw','12176798410'),('2QCndYqRherBtKjBpyySC6','12176798410'),('2qfEcCkEo5NscA9GL7ER72','12176798410'),('2RiBogNRfulkNf7fVbPOrJ','12176798410'),('2rmq49FcJ4U3wh1Z7C9UxE','12176798410'),('2TfSHkHiFO4gRztVIkggkE','12176798410'),('2vHfabj6nFebekTYODqntl','12176798410'),('2VPjeDCsNEyoUXbEwphx1K','12176798410'),('2x0WlnmfG39ZuDmstl9xfX','12176798410'),('2y4lAQpi5VTNLu2ldeTdUH','12176798410'),('2Z8WuEywRWYTKe1NybPQEW','12176798410'),('2Za1AlJNvksouPPWbXpR2X','12176798410'),('2ZDpSQfBdgkooeXw6oj3Uz','12176798410'),('38yBBH2jacvDxrznF7h08J','12176798410'),('39exKIvycQDgs4T6uXdyu0','12176798410'),('39nEKLqQrmS3RAbmdSKDmO','12176798410'),('3a1lNhkSLSkpJE4MSHpDu9','12176798410'),('3A7qX2QjDlPnazUsRk5y0M','12176798410'),('3aAoy02NwrmZcqXYYjqNh2','12176798410'),('3aGibUHhQyBsyumYHylw0K','12176798410'),('3AO00ixxqEBEwpGMb63BQ9','12176798410'),('3AYcyxEACnmE6d96RPubID','12176798410'),('3B54sVLJ402zGa6Xm4YGNe','12176798410'),('3bidbhpOYeV4knp8AIu8Xn','12176798410'),('3cphb8kdsjElYR7r5icK3H','12176798410'),('3e0yTP5trHBBVvV32jwXqF','12176798410'),('3eR23VReFzcdmS7TYCrhCe','12176798410'),('3hBBKuWJfxlIlnd9QFoC8k','12176798410'),('3HooZZPp0evFShqaJ2Pwer','12176798410'),('3HVr6jTVwBHBa2flM0eURR','12176798410'),('3JMAdPq5TUOKBGsTATjLEH','12176798410'),('3JpdV2yT3txeXNWUg6QZnF','12176798410'),('3KkXRkHbMCARz0aVfEt68P','12176798410'),('3LlAyCYU26dvFZBDUIMb7a','12176798410'),('3MhOHLfjD0cGoKwgmyo4eb','12176798410'),('3O3PHBElCzieb0DFaYl1EC','12176798410'),('3qd6wKpFQf4JljGU7y18CJ','12176798410'),('3QpkbrYXtlU3LRJu3sTK6V','12176798410'),('3QWgLzCrAVkmw5eoHPN5uB','12176798410'),('3S4px9f4lceWdKf0gWciFu','12176798410'),('3s4U7OHV7gnj42VV72eSZ6','12176798410'),('3Tiv2bF1OLCXXnuXaDKaG3','12176798410'),('3umkzHosXJRxujeCjIhRmU','12176798410'),('3V9cM3nCH2G66afoDi0snu','12176798410'),('3VygfAvvgVaJUeaBUSzlZu','12176798410'),('3wYOGJYD31sLRmBgCvWxa4','12176798410'),('3xgK660fsZH7ZDcOMfIdfB','12176798410'),('3Z2sglqDj1rDRMF5x0Sz2R','12176798410'),('3ZffCQKLFLUvYM59XKLbVm','12176798410'),('3zxrecYFao03IrrcyFiaMU','12176798410'),('45iMRHmfLZu3yjdZ8P5e3t','12176798410'),('45pQlGqXDJDhgR4GKPbd7r','12176798410'),('48s0QHJgmiNsth3WEO6U4M','12176798410'),('4B0JvthVoAAuygILe3n4Bs','12176798410'),('4BltOFLhXUDvXV0MAmoep7','12176798410'),('4BUtvtGTRvJB49Hx2F7lle','12176798410'),('4C0XaRymxeAq2bB0NOF1WB','12176798410'),('4cI2rd2D44mBjwUVFxTkUZ','12176798410'),('4dRqYKhLVujxiBXcq50YzG','12176798410'),('4fP4xTSBli3tKck172LEZ4','12176798410'),('4FquNAgja6onlomj4QLNvH','12176798410'),('4gRhNHR9bem8yDBFBTU7NK','12176798410'),('4gs07VlJST4bdxGbBsXVue','12176798410'),('4h8VwCb1MTGoLKueQ1WgbD','12176798410'),('4ha9ajL4Kz98uldAfuos6p','12176798410'),('4j3GWI86JvSaF0BLdmgcfF','12176798410'),('4j6lDQ7Nl4ClcTtur36CMN','12176798410'),('4KANJH1baadr3U7XsVbM17','12176798410'),('4oFtLSgHyZPNYDCcANhTnO','12176798410'),('4pdPtRcBmOSQDlJ3Fk945m','12176798410'),('4TPDqoA9k7jFtdigCgM2VT','12176798410'),('4uZBBwJwTJeL3Swlk2ufLr','12176798410'),('4VC5nFbYO4avKksJ9jN4pY','12176798410'),('4W3LpDT8Z1DrlzOrLUkoo4','12176798410'),('4WiiRw2PHMNQE0ad6y6GdD','12176798410'),('4wNIkl5XGiAACjFBlDWuSd','12176798410'),('4XOVGSQjmxtSbt3pKk0Ouh','12176798410'),('4y3OI86AEP6PQoDE6olYhO','12176798410'),('4yLoZbvsw3UXMgOgylYgQn','12176798410'),('4zGvb8hxGLB2jEPRFiRRqw','12176798410'),('50pJjHSDBz8DnHYAmHzqQ6','12176798410'),('55fg1bDXyNUsY2KaSMNFpA','12176798410'),('55S2PQgSMYAhgoTCcGCDfw','12176798410'),('576JG18qrZLR6umK0uU8V7','12176798410'),('5aAx2yezTd8zXrkmtKl66Z','12176798410'),('5BJSZocnCeSNeYMj3iVqM7','12176798410'),('5fIXvEcVEQV5vK3IJapBp3','12176798410'),('5fmf2sDbU6cbodUM6On6wg','12176798410'),('5GorCbAP4aL0EJ16frG2hd','12176798410'),('5imShWWzwqfAJ9gXFpGAQh','12176798410'),('5j0oqJkeHoXjtPCgz9hMmd','12176798410'),('5JEx7HbmvHQQswJCsoo9rA','12176798410'),('5JwuHzmJCmHuHGjP9W6KtK','12176798410'),('5k38wzpLb15YgncyWdTZE4','12176798410'),('5knuzwU65gJK7IF5yJsuaW','12176798410'),('5ma71INSTL8sY1HzjVBj2g','12176798410'),('5MKfN1QC8ZWKeQGDFJSxaq','12176798410'),('5N5k9nd479b1xpDZ4usjrg','12176798410'),('5NDUXbMwcnTQp66tI2zcdR','12176798410'),('5Ohxk2dO5COHF1krpoPigN','12176798410'),('5oMzKQoMFXKcyhzumiVM7o','12176798410'),('5QsghN74Cu1xxu1rTYJUzU','12176798410'),('5sBmpL4tJEd75UnvGrfvUD','12176798410'),('5SBQxVy2GTO8dYJZwm7phx','12176798410'),('5sCvipEhpAhVhu3K6kzm1P','12176798410'),('5VnDkUNyX6u5Sk0yZiP8XB','12176798410'),('5VvzGpBzEBU6SSwoDRPKck','12176798410'),('5xrGRfPozR7XRlt9ny8bWo','12176798410'),('5YnY2sr2dSFvXSNaZntWdJ','12176798410'),('5Z3GHaZ6ec9bsiI5BenrbY','12176798410'),('63J2iqaDDp92P1eZgvuELp','12176798410'),('64yrDBpcdwEdNY9loyEGbX','12176798410'),('66bVLKIOwOHbHcnO7nLKpL','12176798410'),('66kQ7wr4d2LwwSjr7HXcyr','12176798410'),('6aaq70LyfV64LaMxWvY9d8','12176798410'),('6bHowZwEPIQ7sBPkvg04tV','12176798410'),('6dbo1dCjqgVS3XHcnJmOHx','12176798410'),('6DNtNfH8hXkqOX1sjqmI7p','12176798410'),('6eDfe957aV4sqGnDhlSikJ','12176798410'),('6EpRaXYhGOB3fj4V2uDkMJ','12176798410'),('6FE2iI43OZnszFLuLtvvmg','12176798410'),('6fTdcGsjxlAD9PSkoPaLMX','12176798410'),('6GmUVqe73u5YRfUUynZK6I','12176798410'),('6HZILIRieu8S0iqY8kIKhj','12176798410'),('6kex4EBAj0WHXDKZMEJaaF','12176798410'),('6KuHjfXHkfnIjdmcIvt9r0','12176798410'),('6muOWhMh7Tf0UFUtMDBhUR','12176798410'),('6ocbgoVGwYJhOv1GgI9NsF','12176798410'),('6olUplztLFFfU7fMYmFXOP','12176798410'),('6ORqU0bHbVCRjXm9AjyHyZ','12176798410'),('6PCUP3dWmTjcTtXY02oFdT','12176798410'),('6PGoSes0D9eUDeeAafB2As','12176798410'),('6QgjcU0zLnzq5OrUoSZ3OK','12176798410'),('6qIqEZ5A7a7YxkrsBF9GTk','12176798410'),('6qjHgp6jR9c0VJqOw6XBlY','12176798410'),('6rC55vFj1dBuxN5zjuOIF1','12176798410'),('6RUKPb4LETWmmr3iAEQktW','12176798410'),('6s3GEN8wK0OMzzzZbXj0fu','12176798410'),('6tS3XVuOyu10897O3ae7bi','12176798410'),('6u7jPi22kF8CTQ3rb9DHE7','12176798410'),('6wo37KVqFJhtuxPTpLCcfe','12176798410'),('6wpGqhRvJGNNXwWlPmkMyO','12176798410'),('6Wrx0ZDaB3dxBDl1ZnddXT','12176798410'),('6XVsDxStbIgBO32qk40RSv','12176798410'),('70YPzqSEwJvAIQ6nMs1cjY','12176798410'),('72jbDTw1piOOj770jWNeaG','12176798410'),('73NbHgUZ51H65Bfo2HFKUi','12176798410'),('74vs7PD7iG2GnWUGnb8Yuq','12176798410'),('75hLNJfiXV5k2YGrbGEW51','12176798410'),('76EeScTnI2sCjDY0SfEoSb','12176798410'),('79jX8RM5CgPqDKdGEKNW9K','12176798410'),('7aag0fFgE9K1Gj8lJwQaGI','12176798410'),('7aiClxsDWFRQ0Kzk5KI5ku','12176798410'),('7AuBNOScoZCBtjKp3CVlz9','12176798410'),('7CcoUAtUcYhUfBsmtn0ajO','12176798410'),('7D49Iig0avHre9RFSUMkd2','12176798410'),('7dxKdQC9Vo1hDxIUnt1z0Q','12176798410'),('7hIRQZhDjab4YgqkkkehV9','12176798410'),('7jaDLcrbilPxoH4mIcYyB3','12176798410'),('7kftK4n15rl1wbpfjSq2Tk','12176798410'),('7KXjTSCq5nL1LoYtL7XAwS','12176798410'),('7lGKEWMXVWWTt3X71Bv44I','12176798410'),('7n9bPHZvl5UvmLPhNjUH1C','12176798410'),('7njKgVl3AnLflRad38o7AG','12176798410'),('7nsOsdlqa9Srr1LBYyd9pC','12176798410'),('7oK9VyNzrYvRFo7nQEYkWN','12176798410'),('7psPPGwhFzP3pyOcb3ivcT','12176798410'),('7pVHKNbYuz5HWZ99iIQ0Mb','12176798410'),('7qiZfU4dY1lWllzX7mPBI3','12176798410'),('7rpNuuoMbid56XkDsx2FjE','12176798410'),('7seOKP6sCDCCutHavQygpY','12176798410'),('7tr2za8SQg2CI8EDgrdtNl','12176798410'),('7vFv0yFGMJW3qVXbAd9BK9','12176798410'),('7vGuf3Y35N4wmASOKLUVVU','12176798410'),('7xTY3rJMgj0nh6OOPHgsLw','12176798410'),('7yCm5uEZcQ6uzt9E5Py6IR','12176798410'),('01TnVDiet1DFTsyWKUKovl','1252205107'),('01VGA34ATxwp0Xo1ldduo2','1252205107'),('01wKNvjjbeyUMcEQFmdb0m','1252205107'),('01wsKcJ8ptqUmatpJlEGYj','1252205107'),('01z2fBGB8Hl3Jd3zXe4IXR','1252205107'),('02LAK7qT1wya0klSeNO96f','1252205107'),('02pf9lLM8Nb8l4u4ts1GWb','1252205107'),('02tvc9CFnTyHuSRlGeNv9w','1252205107'),('03GSskFw5AAKkwlOfiUMpR','1252205107'),('03ImchswSXPA2KzLrc9hAL','1252205107'),('03L2AoiRbWhvt7BDMx1jUB','1252205107'),('03oACQmo4rDPHGNOAj75Hj','1252205107'),('03TsSYvCy8hxdThRdiCP74','1252205107'),('045sp2JToyTaaKyXkGejPy','1252205107'),('049V1aSofNvW906vGZgFsD','1252205107'),('05oETzWbd4SI33qK2gbJfR','1252205107'),('05uGBKRCuePsf43Hfm0JwX','1252205107'),('05v5mPkLAOoa7M5tnXXOwq','1252205107'),('05XKLYOAsDeZyA5983IHno','1252205107'),('068XDWvE8tDnQsKo8J3x1Z','1252205107'),('06isZAG9Bgm4jhPj7V0Rhx','1252205107'),('06UZYUYbMqpaawLgoKwSw9','1252205107'),('06WD650Zt5MQ55kFMP2f3r','1252205107'),('06wTEKL2rSrSaOjFtgG8fj','1252205107'),('06zwpJMkq4Rgh2YWz0dBfB','1252205107'),('0725YWm6Z0TpZ6wrNk64Eb','1252205107'),('076K8Jg7xmjCMn816yZboV','1252205107'),('078C2jXg7XsMgW78Gfx1JA','1252205107'),('07NI6CCv57IbIqzy10ddd7','1252205107'),('07oiSjg6TiehyOS3pRJo0l','1252205107'),('08auB3LvJQJcasevC2nkPc','1252205107'),('08Tbfp1GXta9Gb4RhoTuoX','1252205107'),('08xsXR637CEqbxJmpFcuSA','1252205107'),('09B19bcADQ9U0efD7WtfSI','1252205107'),('09W3YKEDiMFsX7QxWJm2zX','1252205107'),('0aAk9KMmPChiS2EG9Fg7IX','1252205107'),('0AfMo75qcGbttJ9l18YTGH','1252205107'),('0aFObVR01JzPbBMjze4xPV','1252205107'),('0aym2LBJBk9DAYuHHutrIl','1252205107'),('0B5QveFYJv8jpcJe2G5wcF','1252205107'),('0B8QzDH7YWih85V5SEMnyJ','1252205107'),('0BahRq8ZRCnlg40YfrVIvL','1252205107'),('0bcCgRudYZ4kiOHZNZfqxU','1252205107'),('0BCPKOYdS2jbQ8iyB56Zns','1252205107'),('0bMvFOj5bztaD5kUCZhPiS','1252205107'),('0bsDJFV8d8kiPxD8xsxdzp','1252205107'),('0BvV6bfJrzUgmT18lAgpeA','1252205107'),('0CjJqkWOpIUXdem5hUcxAk','1252205107'),('0CkSF2TAqIu8TJaVwwAOnT','1252205107'),('0COiZ7ncho2yi4HotbzgPv','1252205107'),('0cv2LgkvEoQiGgFWcZaAMA','1252205107'),('0d8ONGx43ZprlHlmLZODpD','1252205107'),('0Dc7J9VPV4eOInoxUiZrsL','1252205107'),('0De8H4o9xzPtjRp9dns0L5','1252205107'),('0Dg5AhpQSFvwErd0uhXu7Q','1252205107'),('0dRRNtK7aeF37E8BcnCHdM','1252205107'),('0DXzKuTYVys7VE4vbGhCPS','1252205107'),('0EA2RhRHL4KWeNa7JfD1Yw','1252205107'),('0EH6BeGSEWtbETiOAYr3sN','1252205107'),('0eJ9S6WTtq7yf3nEcMHuu8','1252205107'),('0EMmVUYs9ZZRHtlADB88uz','1252205107'),('0ESdtt9cjGZUkUbaubSrv2','1252205107'),('0eSuBkGm5URmCu6OymIv8x','1252205107'),('0eYmkWPJqioxUgSh9pVzS5','1252205107'),('0F4ZzkeDa1rNMxvijsXmua','1252205107'),('0fcQczCqmgsuuwwFVrehP4','1252205107'),('0fDf7lTJ6A6uzGWUEJHcCq','1252205107'),('0fIdptEaBDh3FZii3PRwtt','1252205107'),('0FMjqbY3aWo1QDbo3GwXib','1252205107'),('0fOv9Usm5mbJ0H1EQ7zrIQ','1252205107'),('0ftpc9EOGzCOFzeTioekK3','1252205107'),('0fv2KH6hac06J86hBUTcSf','1252205107'),('0FZmAvivvifvtN3pZScbw1','1252205107'),('0GRvnYqlnh7ttq9NS6s3Ta','1252205107'),('0h2gzJQBt6duqZD6kWiz4s','1252205107'),('0H4fQFdmbkARxfqEUVAXPY','1252205107'),('0hHJVyzLAARBLZl5vqKlCf','1252205107'),('0Hj5n2RMrcpa1NhamwCTuk','1252205107'),('0hjK7BtkiGm3HLTuCxAqne','1252205107'),('0hKRSZhUGEhKU6aNSPBACZ','1252205107'),('0HMCdlOPJkAGlB0MlSWIcO','1252205107'),('0i1qCBWE1JbfbCBPAofuHT','1252205107'),('0I3q5fE6wg7LIfHGngUTnV','1252205107'),('0IabpxMpUV7waD7U4uDIMJ','1252205107'),('0Ii6Ec7qLQqniKG4Bgfl8J','1252205107'),('0itNMuBHye9fu392b4e9oa','1252205107'),('0iTpQYzJnYgh7kIxyq8A2O','1252205107'),('0j1VVFif10Ib9s3U59adli','1252205107'),('0j35X8cTq543QDYLOyqB8W','1252205107'),('0J3ytriezGZ3KCREfHKDOI','1252205107'),('0JP9xo3adEtGSdUEISiszL','1252205107'),('0jWgAnTrNZmOGmqgvHhZEm','1252205107'),('0kD5goTrCibAzBcjIHqgro','1252205107'),('0kduHyov5fuZu7vwuEtV2s','1252205107'),('0kDziEq9KuZSEtCZ2l3rmO','1252205107'),('0Kojfmpnf0A2yC1zyv39Zx','1252205107'),('0kYUrLVQOfx21xuXu7OGrT','1252205107'),('0lcnTiDzZpaLwhSydDLRPt','1252205107'),('0LFqxv7O10lq49g4wpJ1ht','1252205107'),('0Ll60pqkEBHqzdeclRHdnl','1252205107'),('0ll8uFnc0nANY35E0Lfxvg','1252205107'),('0LnnRZnr7JqoBLLTVRsNrk','1252205107'),('0LrwgdLsFaWh9VXIjBRe8t','1252205107'),('0Mgu8kdyjgndwRPRrqN67K','1252205107'),('0mRWl4amZn1FtRx2cE5jf3','1252205107'),('0MRZ9nMoLc7qQ8Nhovv8C8','1252205107'),('0msrDPXxZpts4FRnoX0bFr','1252205107'),('0MVUm3Nied9ocRAkDjRWvP','1252205107'),('0N3W5peJUQtI4eyR6GJT5O','1252205107'),('0Nf3vtVBfiayZL7c8r4KBO','1252205107'),('0nfkzX4y8O7Jxotd7bCu2C','1252205107'),('0NkhsTIoveKdBQAfGDCNBw','1252205107'),('0NSbiBKXoODbsPwjSivfBr','1252205107'),('0NTMtAO2BV4tnGvw9EgBVq','1252205107'),('0O8Ymlu03OqEX5XU5p8Rw3','1252205107'),('0o995gJCGebaza0LWybToU','1252205107'),('0oTeJt9aDvLv5lNt1ZnMxr','1252205107'),('0P6SReGYBtbX9VThg1ERP8','1252205107'),('0pjCkLjbgSLn5c0Ilwuv8z','1252205107'),('0PN1iUBRQDWUtqwEvVfWfD','1252205107'),('0pN1Ld0Fr9DTUaCGbKRvlF','1252205107'),('0pNeVovbiZHkulpGeOx1Gj','1252205107'),('0pQGss1ghRRk0dSlRHJF9C','1252205107'),('0pQskrTITgmCMyr85tb9qq','1252205107'),('0Px86mRlxdB3YqpK6KXWlr','1252205107'),('0qdJUhXtk9u7sdSwfBB5XU','1252205107'),('0qy5D3OJre7SPJNMOL9I71','1252205107'),('0R332cdlS9LyE0Ge2PSlVC','1252205107'),('0r7UEhhOH1DJQYVPJ1NwOQ','1252205107'),('0rBMP6VVGRgwnzZCLpijyl','1252205107'),('0RLAh3SpNgaKYjLaoSxGlJ','1252205107'),('0Rn35uVnV5Q1S1DM8NBhSr','1252205107'),('0rSVWYKiBkirydeEyFevAn','1252205107'),('0RuJD7YfBO2gvj6smWkAgR','1252205107'),('0RzUwciNNYvMvdixIUtgfB','1252205107'),('0S1Fg4r85mh7UaoiH20mUs','1252205107'),('0sd6BRTa0O96tfEbFGhJF9','1252205107'),('0SGkqnVQo9KPytSri1H6cF','1252205107'),('0SMzXgUFqcAt0WNCsGm3tM','1252205107'),('0suLngfo7rJoetk7Ub6N8l','1252205107'),('0T5OfSkpotI0fla76KE3Uz','1252205107'),('0TiC3GtlMCskf2hIUIBcDV','1252205107'),('0TRJSoV6b5zDASVtdMK7oT','1252205107'),('0tu5HH23FGMhQiJxHRK3bp','1252205107'),('0tyYpW6eJ2q7Dtfyc3v7rO','1252205107'),('0TzIHqhAbvYR6qJKrMMFlk','1252205107'),('0U0p8weaMIbIFMJ0CPlvHV','1252205107'),('0U4Cy1X77KibvFA0et2Ew8','1252205107'),('0ua0Go4NN4Td7l0Zre6Ce3','1252205107'),('0UmV17gerlXy4V3wuOUWPo','1252205107'),('0uZ9Cop3w5BIkNrMwy2uOL','1252205107'),('0vFOzaXqZHahrZp6enQwQb','1252205107'),('0VNzEY1G4GLqcNx5qaaTl6','1252205107'),('0vRFKF7dGdL5XxZMXzpCpF','1252205107'),('0VrQ3dAV7vefMJYb56q0M3','1252205107'),('0VvfILoGGj0QbLTfYkrZNH','1252205107'),('0vyVsDtLIJmq3kV3oz66dr','1252205107'),('0W1M8vt5AoAidBEah3NE0H','1252205107'),('0w2piYWj1F2bzUftzGJgK9','1252205107'),('0wEC0GNF74lAqrEFZJMl1m','1252205107'),('0Wf8czfSUf68GaqkgaeJY9','1252205107'),('0Wi0Pk5bSwM7WEFmDAGzL5','1252205107'),('0WKYRFtH6KKbaNWjsxqm70','1252205107'),('0wsis8nb0CLqWoRvEPvwiS','1252205107'),('0WZZJ0mDKIkLfL0710ssZt','1252205107'),('0X8DcetL926BYiPJYstJTc','1252205107'),('0Xcy81PsJCOO6mhLZaQyQ4','1252205107'),('0XJ6tNQcWnFmTVFko1J7YR','1252205107'),('0xMEF2WiqKWTIG7Krjungw','1252205107'),('0xOeB16JDbBJBJKSdHbElT','1252205107'),('0XWTLNFUHKMfUuTlWqHkeO','1252205107'),('0YA2A2cJtfkIopVtIrcIxG','1252205107'),('0YveezON7jpiaHA8fnUHxN','1252205107'),('0YzMEu5sGNX0JKr9mdBtzd','1252205107'),('0Z1ozhbWc9XPczRSrFYqBb','1252205107'),('0zCm4JTVBuIWSSL8rMUChT','1252205107'),('0ZenaG5GmQrLaW8pjQ4zTr','1252205107'),('0zLClc0emc6qUeV1p5nc99','1252205107'),('0zO8ctW0UiuOefR87OeJOZ','1252205107'),('0zOjLt9kHEfbmOAsK89DNt','1252205107'),('0ZUI0mFegSJZ3lRPO7rPuT','1252205107'),('0zXDEhxZ02tdfIyAYAf4QL','1252205107'),('10Nmj3JCNoMeBQ87uw5j8k','1252205107'),('10VBBaul4zVD0reteuIHM2','1252205107'),('11kDth1aKUEUMq9r1pqyds','1252205107'),('11YWR8tzDTR2P4KZ3lAySj','1252205107'),('12bCgkFnyyTI8B1OmmRhbx','1252205107'),('12d5QFwzh60IIHlsSnAvps','1252205107'),('12KwQ5UHj6F8HzmAxlXPww','1252205107'),('12PlslqAWQUtiLoObNaj8a','1252205107'),('13U48U3VZb2iufNNvSTZLs','1252205107'),('13uyMAetJNWMWJamO4aynQ','1252205107'),('14JVvyYTdLtd167zqaSvro','1252205107'),('14Rcq31SafFBHNEwXrtR2B','1252205107'),('15drQPizu1vKPrBgAqfR0x','1252205107'),('15ea10YpJIl3mJq75yzqsD','1252205107'),('15kLz0zNFdtsaJdXKSGmTU','1252205107'),('164al00XRSLWG6h4hc12bD','1252205107'),('16J9CcYE8XRrjHolbP148Y','1252205107'),('16qYlQ6koFxYVbiJbGHblz','1252205107'),('16qzGrIMWoxerw2gnW0zuv','1252205107'),('16umSNZfofRpDqTvf8DIAo','1252205107'),('16VFadjfLwWo2w9ZtlpMUd','1252205107'),('16VhHtoaOjTU4AJBNSBNQ1','1252205107'),('16x9bQHw8TBNaGDyULvwad','1252205107'),('172rW45GEnGoJUuWfm1drt','1252205107'),('172TyTNb8qVzBx56tyBu5C','1252205107'),('17A18khjCRm3uNcd2fFn4I','1252205107'),('17LndP1IOtgzdzeBS21ytf','1252205107'),('192boLjFXYWZ0ADjtvhaJT','1252205107'),('19a3JfW8BQwqHWUMbcqSx8','1252205107'),('19FsxX4RthRMZGfXkImdCb','1252205107'),('19K3lUMJmOdeuOBTrbLm19','1252205107'),('19PBjnRb1MJTsOOMMLlMhP','1252205107'),('19PtHjgLtiKGsrRoC1f9IF','1252205107'),('19Shlms2uTnOjIUg50TXzd','1252205107'),('19slC7k8bsPOAKDjHYLU2W','1252205107'),('1AawyOAUCnID3AiuXsL5oB','1252205107'),('1Ac5BDsGUMQ3tsW2vnc52x','1252205107'),('1AIaVfRqcGmmnauYX4DvTA','1252205107'),('1amSa5xo79zINsgrpNlNge','1252205107'),('1bMD1NK0f9hFxqOf5bMz6i','1252205107'),('1bSpwPhAxZwlR2enJJsv7U','1252205107'),('1BTJFZypDtSrvWNooYx9mK','1252205107'),('1bxEpNR75Hq3T2oF9AZjt8','1252205107'),('1cm3a22bsdWVpHlGJO7yl2','1252205107'),('1cXeMu9DUAaa6xjkp39hJJ','1252205107'),('1D7UBHqaPWDbBHs2S5YXge','1252205107'),('1DdgqEZk4Hqfpl3drdXJun','1252205107'),('1dK6cNOMYjEP3QGYOfwP6t','1252205107'),('1dmwLTV54sRjGRRC9G2Sbr','1252205107'),('1DozKkvrqPPLYcXawVxIR2','1252205107'),('1eEPKr5gzWVSZKiMWIMZYa','1252205107'),('1eKvwK9l537WTS3j8migp1','1252205107'),('1Eolhana7nKHYpcYpdVcT5','1252205107'),('1eQBEelI2NCy7AUTerX0KS','1252205107'),('1ett0ayp7e0sad3oWQtJPQ','1252205107'),('1EYwaLwf6fdS3NIlTbUZ3X','1252205107'),('1FhbZvzP1zGhIEgtnmX7QN','1252205107'),('1fifW5EOTQVIeFynbpT751','1252205107'),('1fLdeDTrJWNkwOeFyAVLvF','1252205107'),('1fOkmYW3ZFkkjIdOZSf596','1252205107'),('1fv8SOmc4mzmV6STxsHaK2','1252205107'),('1G391cbiT3v3Cywg8T7DM1','1252205107'),('1g3WXUEJ53HXHSTgVXDX4u','1252205107'),('1Ge1bt4DDLMxEE1hcMh5Ar','1252205107'),('1GEOSS415bZVHNuXWlCT6b','1252205107'),('1gGsNNUfvVMOv4llVMg8Vg','1252205107'),('1gHtbcRP4tz1O1NsxPpBea','1252205107'),('1gqkRc9WtOpnGIqxf2Hvzr','1252205107'),('1GqlvSEtMx5xbGptxOTTyk','1252205107'),('1gv1jIEj20oPXhFDl7jyLS','1252205107'),('1HDaPtZuixue2q6VGNRdVO','1252205107'),('1hGy2eLcmC8eKx7qr1tOqx','1252205107'),('1HNs07uZxZniPNmniw2GTa','1252205107'),('1HR2CTi0ytRJIcik1QKdOa','1252205107'),('1hsH4GcMZ4FTGgxxlr7SkZ','1252205107'),('1hz7SRTGUNAtIQ46qiNv2p','1252205107'),('1Ic9pKxGSJGM0LKeqf6lGe','1252205107'),('1ID1QFSNNxi0hiZCNcwjUC','1252205107'),('1iFIZUVDBCCkWe705FLXto','1252205107'),('1IGvIN9NsJArwjqBPKCPx0','1252205107'),('1ihIXI2MVklmJdPvIUxExZ','1252205107'),('1ilVhLVjRIzgpsEMJhJDp0','1252205107'),('1iseKI8Fyn3IC86O6KceHB','1252205107'),('1J30UAywzkSeB63hl3nYrf','1252205107'),('1j581GCDFQ9P8xd6fyjgLt','1252205107'),('1J5ZXurCRQdFHWfOiFt12x','1252205107'),('1j6kDJttn6wbVyMaM42Nxm','1252205107'),('1JFx9R87En9oJOi4DRH1e9','1252205107'),('1JiA9BE3iRNzU2BJG0UHgs','1252205107'),('1JiiNRZhpbusYuby4Xkp2x','1252205107'),('1jJci4qxiYcOHhQR247rEU','1252205107'),('1jk9c0gZI0wbn5GvAj7PBV','1252205107'),('1JTrNAEJN6HCviUe9xMpAq','1252205107'),('1ju7EsSGvRybSNEsRvc7qY','1252205107'),('1k1Bqnv2R0uJXQN4u6LKYt','1252205107'),('1kBGeOp1CDUHVdbK4ergqo','1252205107'),('1kChx0uGraDIIyOVtBVawU','1252205107'),('1KGi9sZVMeszgZOWivFpxs','1252205107'),('1KPufbcPmwUjviOdqfCf7o','1252205107'),('1kxeWHF9PrCVZHvVskv8lg','1252205107'),('1lbF3wcYZreycbPrPC4dd6','1252205107'),('1LediIxLsOpgbVhjjQ7RB1','1252205107'),('1LeItUMezKA1HdCHxYICed','1252205107'),('1m0narIGhVsm0s7mcnxIW0','1252205107'),('1MBM7CyZbwJpVbbZJnHHRg','1252205107'),('1mFHMzbaECWFaPfoePoEYl','1252205107'),('1MJ5f5EYBC92ADD6xcz7nb','1252205107'),('1mqWaIqQfQXc43YCoxQUWt','1252205107'),('1N883b1C3trjGcx2h4E99B','1252205107'),('1nBbWnGMU6mpTKCptVcpLe','1252205107'),('1nf3rTXMYvaAdsocyhO8GX','1252205107'),('1nNPoG2hygEvrFGlHdhvJ9','1252205107'),('1nUrTsXhkHI9e5BKaEP5Sp','1252205107'),('1nUshsShuUStGBbewTNW5H','1252205107'),('1NV6sCADgcLSW7DG7zSWlq','1252205107'),('1nXZnTALNXiPlvXotqHm66','1252205107'),('1o0kWPueYo94LIjPYOE5Nf','1252205107'),('1o5jdqnWybW9Mau4GDWPMa','1252205107'),('1o6M2GxY3ITaFzOD3XEaFB','1252205107'),('1oFEAWvPHP5TdSlmIs77sV','1252205107'),('1OHoBC4icbuNhpSxP400sv','1252205107'),('1Oi2zpmL81Q0yScF1zxaC0','1252205107'),('1OWGLpptXlHLw1yibeHiHa','1252205107'),('1OXBfwBYtj2AAKi6jom1qT','1252205107'),('1PdHorDs2MY7Npj8VQynSn','1252205107'),('1pGPBMbyhGSV5OnkY8cZOd','1252205107'),('1pHP4JeQV9wDx87D6qH9hD','1252205107'),('1PNGJBI1Lx0h8QCpkHKZLU','1252205107'),('1ppuHX1oVMku5LTL0swNZP','1252205107'),('1PQu8BwTrJNZxqg26E4kou','1252205107'),('1PS1QMdUqOal0ai3Gt7sDQ','1252205107'),('1pzSeZfdQODtB9xmkH0Q91','1252205107'),('1Q1vOXBUU9PyJnBS4BmBrV','1252205107'),('1QEEqeFIZktqIpPI4jSVSF','1252205107'),('1qfAWRJXPBq45Z52a8heKp','1252205107'),('1QWfc0OkQNCJ7QwAO6Uv66','1252205107'),('1qyRvPjbQZbPPwVGtApQ7P','1252205107'),('1SDiiE3v2z89VxC3aVRKHQ','1252205107'),('1Se0r96r0gnqg67kJPmESc','1252205107'),('1SGt65i9AnXYdDQt1AtDRH','1252205107'),('1sme1XYO9GS7AcZhQDEukP','1252205107'),('1szEk0o1RJQMJIOb7lIQ4d','1252205107'),('1tdc73ozehKPyRWRKs0lja','1252205107'),('1TExiMMbxdXMWXxA3iESJQ','1252205107'),('1TKTiKp3zbNgrBH2IwSwIx','1252205107'),('1u1VcXquBfZfu7dc8PVYVc','1252205107'),('1u6GCyU5atrzrAqwC55og1','1252205107'),('1uDjaezEbalGyGnuH80zDK','1252205107'),('1UGD3lW3tDmgZfAVDh6w7r','1252205107'),('1UImyGhodlbYnnqAennkGb','1252205107'),('1uKzAldJYlwje9HstlwTie','1252205107'),('1UL8GkVAs6UcWF6BZ3DYZt','1252205107'),('1UMKquW1olreYO1LlLmTqi','1252205107'),('1uRxyAup7OYrlh2SHJb80N','1252205107'),('1uvcNjAEUEuA0kPqHVrmw3','1252205107'),('1UyHKeQGn55FpfwIm8H5cM','1252205107'),('1v12eTtcotARrkqV0YoLpr','1252205107'),('1VBcGsab5bnDFr319bzSWO','1252205107'),('1w8gsT5RBrFfTrLYhDRJIk','1252205107'),('1WCfoTz1BUn1t8PrO6wtvu','1252205107'),('1wHZx0LgzFHyeIZkUydNXq','1252205107'),('1wI3UvluGGKUeFeVFsP9do','1252205107'),('1Wsbr1d2BouNGk2q92mIj7','1252205107'),('1WT11QmhZutciEv1NsHt1R','1252205107'),('1x1R6gaNOufyamNGBkJcOI','1252205107'),('1X3rIaLi9dB8QA9jXBz6lk','1252205107'),('1X8Ga59KB8npOs0whTWhIp','1252205107'),('1XaL1OWGibGlPqLUW9MnCX','1252205107'),('1XDusI9Tc8F0gjPlKYYzez','1252205107'),('1xHflEg6AlgDQJUtAJ4BS1','1252205107'),('1Xi28qSSoARTXiqMwb8Srg','1252205107'),('1XMQ4v75bj65rHBCDwaBGc','1252205107'),('1xMT0HHQbQFmGJXDq1ApgX','1252205107'),('1XQhZctQWzkznclbmbE7FQ','1252205107'),('1XXA4Lok0sIaeHdCPkkCxD','1252205107'),('1xYpVRspgaLxdJLOTQkTjg','1252205107'),('1y9g5UW31xBqvOi10tcXGX','1252205107'),('1YI0uK36eupTmw9F8kHysr','1252205107'),('1yKu2MhpwzDXXH2tzG6xoa','1252205107'),('1YKy9m6mpAxJTM3fDLbKAm','1252205107'),('1yqrRceF7VaEM3N1Qwc9nJ','1252205107'),('1YR9iNGXtsbrd8deR9ULDD','1252205107'),('1zCHsS5wqf3Ou3dqlsT6Yp','1252205107'),('1zCi4cVFqe6ja16MeGZKRN','1252205107'),('1ZHYJ2Wwgxes4m8Ba88PeK','1252205107'),('1ZnA4VYOlYIShuGt60LmCs','1252205107'),('1Znlc3UZAbSodFaMBjdpsX','1252205107'),('1ZPMK5UTafelYEQXmckRgN','1252205107'),('1ZRqVJjwzlNNxWKfpTpUKJ','1252205107'),('1ZS5HBMAmZk3gjFcedts66','1252205107'),('1zuGHW5axtzu3NNrEr4vvY','1252205107'),('1ZX8sOGnVyE5FZBh1oKzZa','1252205107'),('1zXX9sBeDiUDy4ugl8HrW5','1252205107'),('1zZvPumuScWPZKZOCC6yq0','1252205107'),('1zZXXOfcYKJbUh494VmGVB','1252205107'),('20F9XLcFdWcI2yS74hHQ99','1252205107'),('20MuVazoNMv6xjKPnRFOxG','1252205107'),('20r94xA0bsYNLtYSiOE6r3','1252205107'),('20wR5XQpaL1uvVY8gmc4uY','1252205107'),('21j1PsCiTaO8ZW88UZrh3A','1252205107'),('21L1dVOTGhvAKvBXXnTIHj','1252205107'),('21PmKbhk8SsEgIEfDCDjvw','1252205107'),('228nYWqXzsBS9Ha0SIpM7q','1252205107'),('22DKsoYFV5npPXmnPpXL7i','1252205107'),('22L7bfCiAkJo5xGSQgmiIO','1252205107'),('22UDw8rSfLbUsaAGTXQ4Z8','1252205107'),('23khhseCLQqVMCIT1WMAns','1252205107'),('23luOrEVHMfoX0AhfbQuS6','1252205107'),('23pDpzEXA6JKYzzAcAGHMt','1252205107'),('23QNeWdV1uiLA8OyZ60mee','1252205107'),('23SZWX2IaDnxmhFsSLvkG2','1252205107'),('24YmWQgunJGAU8El3ndkyn','1252205107'),('25fqrbEPDnqe9Bf8RLL7an','1252205107'),('25K9cWrxNv991UYiOzBJqR','1252205107'),('26PwuMotZqcczKLHi4Htz3','1252205107'),('26ZXwyyui0YVpWZchlmB9h','1252205107'),('27a1mYSG5tYg7dmEjWBcmL','1252205107'),('27eO3EGKIUU7yug1eOxUZu','1252205107'),('27REOQk3qsqXWTVLn400EW','1252205107'),('282L6SR4Y8Rs0VUgtEy1Zw','1252205107'),('28cnXtME493VX9NOw9cIUh','1252205107'),('28eTONaWJyd0Jbnkb7xaDO','1252205107'),('28OkLLntKaxV9Fxk79sQkD','1252205107'),('29rK5iNto6z2Qd78YgWb8B','1252205107'),('2aibwv5hGXSgw7Yru8IYTO','1252205107'),('2akjLHnHjDGsgqxuf48VYs','1252205107'),('2AOia1qwgGdQFD4yQ8DpIB','1252205107'),('2aOPvzjpMwikBgngKcxsA9','1252205107'),('2Aqc48sn8He26hmTvQ2BMj','1252205107'),('2AxCeJ6PSsBYiTckM0HLY7','1252205107'),('2b3KgzISdjZVNPJJ1945nw','1252205107'),('2BFeLCEDQBecReNuLbOHoQ','1252205107'),('2bkyTJ4bAnc8a5ly3dg9DX','1252205107'),('2BuBXn15gj4MNYZydyWgrk','1252205107'),('2C1C4QjjMmru4mYrPSQzWs','1252205107'),('2C1nOw1nRxJaBWb9I1x05A','1252205107'),('2C5uGQlz0WO1v8SBR4cfX2','1252205107'),('2CHmgtK8OCL28WtIK96u4N','1252205107'),('2ctvdKmETyOzPb2GiJJT53','1252205107'),('2cx10hB95ygrUp2RsZW7Oh','1252205107'),('2cYqizR4lgvp4Qu6IQ3qGN','1252205107'),('2cYZpcIV39X48RnOFM7w2V','1252205107'),('2d4VlnTyBVserhtyH3b9BZ','1252205107'),('2D5Dd3clzZGTv6H9mtAAQq','1252205107'),('2DgMxFMUQRPthW4ROhjen1','1252205107'),('2dgrYdgguVZKeCsrVb9XEs','1252205107'),('2DHgvPQD1jApRnT1DBZdrS','1252205107'),('2DHNCWZYmVr1Lv08q5b0kB','1252205107'),('2dJ4rGtsOHOgvTQawsCRtg','1252205107'),('2doQ4LEtEDbL3cIPEeHP1E','1252205107'),('2DUkbddNcFTVwLvzvj7lUV','1252205107'),('2durxb17bXcmQJHSt8JAdO','1252205107'),('2DVI5bxoh3qXVYA1XmraN8','1252205107'),('2dxjKgT0li4qBI3QwuN9Ih','1252205107'),('2DxKSe9ZWmZUXGdbXCcPET','1252205107'),('2E5qfu2Bz1gevYJDIQXbZ6','1252205107'),('2EIEJ1zpvjpHuL6eWKGDZ8','1252205107'),('2EKJww1RnfmsukgV57gAK0','1252205107'),('2EoOZnxNgtmZaD8uUmz2nD','1252205107'),('2f1xAoQG7MAi4HTM3gOhW9','1252205107'),('2FTGmG9PvlXEERkb1sYBE3','1252205107'),('2Fve7wrBmRvouBLtL1A6xf','1252205107'),('2Fxmhks0bxGSBdJ92vM42m','1252205107'),('2fz1oSWtnrPYSmwgStV7VG','1252205107'),('2FZK25BWAi4qu7sMQPvGGG','1252205107'),('2GGMabyHXnJmjY6CXhhB2e','1252205107'),('2GKbtXbDgF1Nks1HQm7JVC','1252205107'),('2GLxvCiSUGu94wJFbojwWg','1252205107'),('2gSh6B45bWv4gDOhawR8C2','1252205107'),('2gtLeE3ZAfKiJKsFKwUdql','1252205107'),('2gws1v6aAT0mYxHVISMTph','1252205107'),('2Gy7qnDwt8Z3MNxqat4CsK','1252205107'),('2gZUPNdnz5Y45eiGxpHGSc','1252205107'),('2H2V8zM6H5RUg8dXfIhpNf','1252205107'),('2HbKqm4o0w5wEeEFXm2sD4','1252205107'),('2hiaVH6pb8cmDDIHy98sJY','1252205107'),('2hitsKa8SthKhRJBXUHbIv','1252205107'),('2hiuiI3ac0I5kJWtkeGHEL','1252205107'),('2HjukRh8jwoQm3MAuqwpib','1252205107'),('2HLtRAcBAWd4y7TfVVoIpm','1252205107'),('2hnMS47jN0etwvFPzYk11f','1252205107'),('2HUIm4ZmwC5aIEQQakmgO4','1252205107'),('2iaCM7WvOknQI1230hA9eK','1252205107'),('2iGasQ2ci0qQ0lw03hfjNw','1252205107'),('2IgbYlOlFpiSFYnsqB39lM','1252205107'),('2Ii1GRrLqdZCmMLLsxKhlG','1252205107'),('2Im64pIz6m0EJKdUe6eZ8r','1252205107'),('2IOT1BjoNs1vLs6Asngqqf','1252205107'),('2j2n2VGCMIyFaQ6ToEC0Cy','1252205107'),('2jdAk8ATWIL3dwT47XpRfu','1252205107'),('2JdzB67NvIa90K4gEZPLeX','1252205107'),('2JhIaeltCDCcp02K936tgx','1252205107'),('2jiHZ8s0uWDzSkFm86NeuG','1252205107'),('2jlUvPJnpAubdY0o5k0zCY','1252205107'),('2JmFRXaJrkAUD2cs6U20KG','1252205107'),('2JO1rrmxZ3ssbQsMacJUNi','1252205107'),('2JPavCWYtpCSnyLwnLBvXZ','1252205107'),('2jQIzjFeqCT3jOUi3dIlWB','1252205107'),('2jWdfpU2kvrOyEroQxQls2','1252205107'),('2Kbxfq8wkjMCno1QJe4yyw','1252205107'),('2kfpH2OAAdpk5J3JaraAIh','1252205107'),('2KMCM2dirSnthfYKNjS8iT','1252205107'),('2la10ufvOkSlJ4jCRp2NXl','1252205107'),('2LfUYXF8jfrHCfwYyf2pRj','1252205107'),('2lMg3lCMOGistaWBNGjuT3','1252205107'),('2m0HT6YzBjf3tJnrn1542Q','1252205107'),('2mbAFKj9gePjW91G1WH3sp','1252205107'),('2McT9smAArZgp6jKdLnL0X','1252205107'),('2MLHyLy5z5l5YRp7momlgw','1252205107'),('2mmUoyPxzbxehpfm1TpTRK','1252205107'),('2mPMFJvQ0v27gVqe5b6nDn','1252205107'),('2MYl0er3UZ1RlKwRb5LODh','1252205107'),('2MZSXhq4XDJWu6coGoXX1V','1252205107'),('2N3U8uTYhjX2KwGT0pf5x0','1252205107'),('2N5zMZX7YeL1tico8oQxa9','1252205107'),('2nTsKOXIVGDf2iPeVQO2Gm','1252205107'),('2NxIp9jbmsnaIiAExWOEo0','1252205107'),('2O3l4X1yTua8oMMCtazkyo','1252205107'),('2oaK4JLVnmRGIO9ytBE1bt','1252205107'),('2oe6dDthgthqUkfL3czpEd','1252205107'),('2os0aK782bakCPmjow0SU0','1252205107'),('2ovQyd0G6i1s6irAQvo4CC','1252205107'),('2PdIo7ewQPuAsP99LVg9uy','1252205107'),('2peoIrd4v8r4HXNPXePIXQ','1252205107'),('2PieESXphabz5AkALFS08X','1252205107'),('2q4rjDy9WhaN3o9MvDbO21','1252205107'),('2QeQNF182V61Im0QpjdVta','1252205107'),('2QhURnm7mQDxBb5jWkbDug','1252205107'),('2qN7J3rwekpYjskmtOT6Ex','1252205107'),('2qOm7ukLyHUXWyR4ZWLwxA','1252205107'),('2qq31IL5PChshB6u6sWDYh','1252205107'),('2qUZliZ9NHUYIAZqRNe6pZ','1252205107'),('2QXvhG5wkzZthF2OTMIaNz','1252205107'),('2r0pJWxAyYVQTHTwcnbM8A','1252205107'),('2r4JRwcbIeuAzWjH4YXlLs','1252205107'),('2R6go62CuxqqX0w1TgXxes','1252205107'),('2rhS1u6ckiW3fSslPn5V3A','1252205107'),('2RlgNHKcydI9sayD2Df2xp','1252205107'),('2rMFawCg4BW65jzbwztXAV','1252205107'),('2rmq49FcJ4U3wh1Z7C9UxE','1252205107'),('2rPE9A1vEgShuZxxzR2tZH','1252205107'),('2rqUblDWJKlMVwh9uJc0Vv','1252205107'),('2rtDHB2fSisS34D0ArWg06','1252205107'),('2RZWdE8kYPlCAcRUYDeuLC','1252205107'),('2S9r3he7RP6j6ptiQGVW6Y','1252205107'),('2sbF2F1fIKylqW79XFLbH8','1252205107'),('2SK8bg3M1Z2yukycOG0JiH','1252205107'),('2sXBdtNvV7fn1wbTzFrKrf','1252205107'),('2sywvGUBuSuYICHHKOElSn','1252205107'),('2T0VyprVdS76wpHKL7tdXg','1252205107'),('2tcatycPdcN1gMxA1V4heS','1252205107'),('2tCSHcztahZAmkqupEmTSn','1252205107'),('2TjdnqlpwOjhijHCwHCP2d','1252205107'),('2TK4NQXWehLphjpXTYxu1H','1252205107'),('2tOZtdbkAMQASWokLvSlzj','1252205107'),('2TVxnKdb3tqe1nhQWwwZCO','1252205107'),('2tznHmp70DxMyr2XhWLOW0','1252205107'),('2U4FtN8jDqDKSzGpVC1iLf','1252205107'),('2uMMGgkTOBisJpzyvMzNWm','1252205107'),('2UOAaxhSOWDgSaIWYeoaJk','1252205107'),('2UOYzhusMTypF7oAQwksCj','1252205107'),('2UpinCflz9pX3Dxi79mGOC','1252205107'),('2UWdUez9MB9yzL7Y81Mcip','1252205107'),('2uWMj52ImAeeGQFJmVlU5H','1252205107'),('2vCwSGPxJ9FPRva3xnFxfr','1252205107'),('2VMJkgrhqfOOYBlZif2nvX','1252205107'),('2vRDFgdJiILUdDOLL8hLH3','1252205107'),('2VtpdevRsfoxtWlnVm1l8A','1252205107'),('2VWbHHhWnMzKWPUs4IEEW9','1252205107'),('2vwlzO0Qp8kfEtzTsCXfyE','1252205107'),('2VYb3Fb5iK5Y8HGZ8oEEkp','1252205107'),('2w12ff20EDDeXpsx08CgG5','1252205107'),('2WfaOiMkCvy7F5fcp2zZ8L','1252205107'),('2wXhFFVeYnoEhNLLWJjQ9j','1252205107'),('2wyHiXes5gsguT8mwYofbC','1252205107'),('2xbrMtkxp399aSiCJ8EAON','1252205107'),('2xf1njws0OgzHmLi3Em21U','1252205107'),('2xGTktpqW2FXOtcVBijqJ2','1252205107'),('2xLMifQCjDGFmkHkpNLD9h','1252205107'),('2Xn5DIyAba7Fgyky3gU3rA','1252205107'),('2XSKbNkH4EeuvoOs8dliBH','1252205107'),('2XTkpF9T2PKvcLgamGJGx1','1252205107'),('2y4lAQpi5VTNLu2ldeTdUH','1252205107'),('2Y5ngAobMcspRywfmb77k5','1252205107'),('2YaDRtIlQiZ5WDDB2YuEOC','1252205107'),('2YDGAsI8ZY7fFDKga3Boqf','1252205107'),('2yGoiZes2YcueNA4nGDmdS','1252205107'),('2yk3JFNlLgGGRcgOm1FDc1','1252205107'),('2YkQuh1bijWzQJie9KfFQi','1252205107'),('2YlQCqBj6FJsrQmc8K2CGa','1252205107'),('2YodwKJnbPyNKe8XXSE9V7','1252205107'),('2yOj1pyRC3NcvQyeZ3yAcL','1252205107'),('2YRK0sJcvycajJToUOEP3L','1252205107'),('2yxkvnyno37480Hv1wuAee','1252205107'),('2z3htsNRuhDN923ITatc56','1252205107'),('2Zb7wnGUnNPCas2E0wWSQ5','1252205107'),('2ZBr6a8ecFqLJA0lcvFPCc','1252205107'),('2ZRo7axmMPeSVUvDbGkJah','1252205107'),('2ZVeONznS4VZGaPZsUmWpK','1252205107'),('308kjPoIVBzDNExO54sqAi','1252205107'),('30Chv2SmIry70YwtmtaKnj','1252205107'),('30vh2LXU2A9ccd0rgFYHpd','1252205107'),('30y5xCtLMDruFoAdZXsPD8','1252205107'),('30Zcjs7pgEkmJA1lEbGSWT','1252205107'),('31AOj9sFz2gM0O3hMARRBx','1252205107'),('31EJcKUZGaDCm684ByEx0G','1252205107'),('323BsMMgAWt1XaPeU0bAeS','1252205107'),('32IaQm944Z3z3OJnAVLbVB','1252205107'),('32lm3769IRfcnrQV11LO4E','1252205107'),('32oaQIN08rnsdSP8xuW0Vt','1252205107'),('33omqR79fIXhaqdO4kQFAz','1252205107'),('33pDmPx2pkJ7JCAQpRDQ9B','1252205107'),('33ZXjLCpiINn8eQIDYEPTD','1252205107'),('34Dk0bzjsXFDluNOgCwBAM','1252205107'),('34KUIBsIUiPV7oCIzSdDAU','1252205107'),('35fC3Wq3slX4OBfyvBVmHm','1252205107'),('35ieKju5aLWFN5UgfJ27mL','1252205107'),('35NjCsajdnNuD3EA2HYplH','1252205107'),('35XlkvHy9WHPI4Tf9eax4t','1252205107'),('362CS15hE1upuTKoWApzLn','1252205107'),('36o4taPyOdnOMf01ERmn9a','1252205107'),('371akJ9fYgSkrAFMyWoTdL','1252205107'),('37EmPMVwdBaKs7UhJOkHUU','1252205107'),('37jTPJgwCCmIGMPB45jrPV','1252205107'),('37kTASujIfZZ27NV7PfIrf','1252205107'),('37kUGdEJJ7NaMl5LFW4EA4','1252205107'),('389QX9Q1eUOEZ19vtzzI9O','1252205107'),('38zsOOcu31XbbYj9BIPUF1','1252205107'),('3903Tbix9PdoculpJLikHf','1252205107'),('392ThrZBnYXEBXApnWTVsQ','1252205107'),('3977oy5kwFbW4zLR8NmhjN','1252205107'),('39C5FuZ8C8M0QI8CrMsPkR','1252205107'),('39cpcnobaB8FdedVjHjXP2','1252205107'),('39hnH8WdPmNT3Q3yzwC9Rg','1252205107'),('39LEBNE9C20OeUwrUB2Ubw','1252205107'),('39NDBdU5Xkm5pCFGa5kZtI','1252205107'),('39oeKRgsLeynDIbWuXyA47','1252205107'),('39qcvV4f0uqDMHxIkSb7tE','1252205107'),('39X3vbD8M1ZX0EXaQpA83U','1252205107'),('39yhaWCECtvHPtGcNmmTkN','1252205107'),('3a8tAZFJxlmBwOtrf5L1oC','1252205107'),('3A9vIxzGBjEfqmDK7H9exS','1252205107'),('3ABG1UQTk0eLYUAeWkmfMi','1252205107'),('3AhXZa8sUQht0UEdBJgpGc','1252205107'),('3aJkV6DUTSCqOwVwaBDG9B','1252205107'),('3AJsTNjbYSH4odSmP1I6ox','1252205107'),('3aJW8kThBaB8rr8canVEod','1252205107'),('3AJwUDP919kvQ9QcozQPxg','1252205107'),('3AOVDqNiX73IUQz4Wo7aj7','1252205107'),('3arKRnq9OUd7yq6LRwVW8I','1252205107'),('3B0MpvbfesvHC2JpJKxXtN','1252205107'),('3bCySwiiWDst2BX3xbJTYL','1252205107'),('3BEsyXOFtgksOAhrd7G1CN','1252205107'),('3bNNk3657B2DoKewtTqYj3','1252205107'),('3bSEYQRy357vVNBGE32sz1','1252205107'),('3BtuIIrQlkujKPuWF2B85z','1252205107'),('3bWGaqVeYKMlLss40mPgNn','1252205107'),('3c1NaLIIBoFof2nrDeUlc1','1252205107'),('3cCxoOgfi6hgt8MNteuiiD','1252205107'),('3cfOd4CMv2snFaKAnMdnvK','1252205107'),('3clX2NMmjaAHmBjeTSa9vV','1252205107'),('3CmHvyZQQAGkKkTjTBFWN6','1252205107'),('3cNinQUA98lto0dGrUfAOI','1252205107'),('3CNqo3gYrfexdrtjFmC9he','1252205107'),('3Cx4yrFaX8CeHwBMReOWXI','1252205107'),('3Cx9j78Z0NE6jYwBWvvV3P','1252205107'),('3Czjz2aoEtKVMd2UJRS3T1','1252205107'),('3D4Xdw8Sx1hqfjAe22q6NQ','1252205107'),('3d9DChrdc6BOeFsbrZ3Is0','1252205107'),('3DamFFqW32WihKkTVlwTYQ','1252205107'),('3DFjTEueCBYqg7YE05eUJP','1252205107'),('3dG6tjetoR4GMmUGZUprLt','1252205107'),('3DK6m7It6Pw857FcQftMds','1252205107'),('3DkHNCA4QRBQgTzF2T18hm','1252205107'),('3dtBVBClM5ms0qCBBrqpUb','1252205107'),('3DUlkvCTUGXiwqFuBoircZ','1252205107'),('3duV3VHdZHnk6F1DzeqjJf','1252205107'),('3dYi32XQ9mVplNKDcWp59K','1252205107'),('3ebRmYrOYceH3NNowFoZVn','1252205107'),('3ee8Jmje8o58CHK66QrVC2','1252205107'),('3EMBRAE27agDta0zxgH8p4','1252205107'),('3ezrlEKaPwdLT3Z4vQMRYm','1252205107'),('3f9Mzvd3URfbbIJBX4pz9Z','1252205107'),('3Fb962k5BJZy1cmCLuKZJq','1252205107'),('3fdrpTQLt9fujuTvWR7hh0','1252205107'),('3FFcZZq3Z3EJrhUecwcMdG','1252205107'),('3fKOMqJToZH96WgR8zzN7h','1252205107'),('3fkPMWQ6cBNBLuFcPyMS8s','1252205107'),('3fNH4etsltJRU7NsgU9RVe','1252205107'),('3FtYbEfBqAlGO46NUDQSAt','1252205107'),('3FWR4iiUUPHIK7OpiEgh8J','1252205107'),('3fyMH1t6UPeR5croea9PrR','1252205107'),('3g2gQMeeQAEPztiQKMlGSl','1252205107'),('3GCb1V1yb8Jg4zqB8MqaC8','1252205107'),('3Gkl2fJztF2B3fnUheejAA','1252205107'),('3gl1RenSXn1biKijZ1qvky','1252205107'),('3gsCAGsWr6pUm1Vy7CPPob','1252205107'),('3gvyksxkLbyKwi0WjCiPXE','1252205107'),('3GZD6HmiNUhxXYf8Gch723','1252205107'),('3H1SZkodVAFy9jNTHWnSDt','1252205107'),('3HgA5R5alihocnOYE9ihpS','1252205107'),('3his1UkcI0rwrniPDR9kTj','1252205107'),('3hJLKtTpgct9Y9wKww0BiR','1252205107'),('3HooZZPp0evFShqaJ2Pwer','1252205107'),('3i85UIF4nR7qZXTnEwqdPr','1252205107'),('3I8MbKRkS2IBDuslhCS3iT','1252205107'),('3i8N6pqmAAPPxW7RMgT400','1252205107'),('3i9qrj8xXtDRK2uf2gut9F','1252205107'),('3If9Idk1rglOqubIsJcpmv','1252205107'),('3IrcvqIf3ZiBhf3xdsctRX','1252205107'),('3iVcZ5G6tvkXZkZKlMpIUs','1252205107'),('3IvVQ1qmekCQ4LRwGCyIJA','1252205107'),('3iXNy7VaY9OqJFBwzhmbOh','1252205107'),('3Jc6X15OZCCyhGSHBF4hwB','1252205107'),('3jg8bevUzKYONDLBBQquif','1252205107'),('3jgrNd3uPU1c2PFBKYsV9d','1252205107'),('3jKJnHixssQxdCShjpirKQ','1252205107'),('3JLrri1xSCui3bzITDJbkk','1252205107'),('3JOVTQ5h8HGFnDdp4VT3MP','1252205107'),('3keUgTGEoZJt0QkzTB6kHg','1252205107'),('3KfbEIOC7YIv90FIfNSZpo','1252205107'),('3kGt9uxpJzKTxwp2uJHrU5','1252205107'),('3kusLGvgYkZldKfoDoJklR','1252205107'),('3KVOzfmWJeRr7aEdBqrxeG','1252205107'),('3kw3rqgqtF4F7xVmHqTsGj','1252205107'),('3L2Nyi3T7XabH8EEZFLDdX','1252205107'),('3L6S3Px2rdU0HprDo2Famq','1252205107'),('3L9emV9fBA3kVkMtw6uNJY','1252205107'),('3LbrJ3y1XipPlAUGMJLHf2','1252205107'),('3LhtqibvTtjOUrzKs7Vsz1','1252205107'),('3LKgZUoFX1c4uT1CPDoOhz','1252205107'),('3lowcuAcg6INX4Rs32KzjJ','1252205107'),('3ls9lmPJ7xROR2VL5Kv1Gz','1252205107'),('3lSR267IJfT54p0Gfuw7mi','1252205107'),('3LuLUNgRmmgcr14dTIWH2S','1252205107'),('3MDmJDJlReM4fTYvgcQvy2','1252205107'),('3MnbXlC1N7GdS9M8HzA6no','1252205107'),('3mnPJGncE0FBsilRLvgII4','1252205107'),('3MNTXYdBLLeBJjbihvTjOJ','1252205107'),('3mNyhvYD3aYqIAFdJ75y9q','1252205107'),('3MODES4TNtygekLl146Dxd','1252205107'),('3mpO4PEpEMrkqhcluWSvh6','1252205107'),('3n69hLUdIsSa1WlRmjMZlW','1252205107'),('3nAq2hCr1oWsIU54tS98pL','1252205107'),('3nFqKT33VyVxsGHZRLpHgc','1252205107'),('3NLrRZoMF0Lx6zTlYqeIo4','1252205107'),('3o0MadTm5eFtCZ0hvxV2Md','1252205107'),('3ODXRUPL44f04cCacwiCLC','1252205107'),('3OGuiEDR8XXjaWqbOaVqUA','1252205107'),('3oiHKYb11NDsLlHJZXYa53','1252205107'),('3OOFEF20WqtsUPcRbPY3L7','1252205107'),('3oP2vxUR2bjFCrU9YolGnM','1252205107'),('3OsUjkcv1C1v5udFhgRSFg','1252205107'),('3oy9CClx1zCGnhzse9AvDu','1252205107'),('3PBC860LAeS4utDAqlqIe2','1252205107'),('3pcCifdPTc2BbqmWpEhtUd','1252205107'),('3pJJmtKV0ULcMJkx8xmYgP','1252205107'),('3ptQ2qKjiGOIW1USCFXVtT','1252205107'),('3PXTIwwI5dmlgrY0iYQq4J','1252205107'),('3PYNwzHABIkJxA6hPcf9bT','1252205107'),('3Q9b9Gt7ouG04Pw6iA3rGi','1252205107'),('3qbqWUDl9j09PeBaQ6CZgr','1252205107'),('3QicmLtjeMFqn1n4aoKYTV','1252205107'),('3Qig3auHwFlgO00p5QM6oJ','1252205107'),('3qiyyUfYe7CRYLucrPmulD','1252205107'),('3qnoOm4fwZPBS116f5hpgF','1252205107'),('3Qu5bTS5AvgS0TpeGhQyfc','1252205107'),('3rCNmRonlHN1TXQLcG3dSk','1252205107'),('3RjZPlsPExqGxYEsBRi1oY','1252205107'),('3RKblQNJs8HPvWBgXmq6nn','1252205107'),('3RPK9VQuTsiTySY48ldeqx','1252205107'),('3rUHyuFsFizq8gIQO0z2jH','1252205107'),('3s3ZBjw8kKX5HXymkRIDVy','1252205107'),('3SC5QsCtQ8xhuzbSxnsr3H','1252205107'),('3sEhtlX7nOLACzIfW79Sg2','1252205107'),('3SkKLZFgKIY0DKX5Vro5jV','1252205107'),('3SktMqZmo3M9zbB7oKMIF7','1252205107'),('3sNVsP50132BTNlImLx70i','1252205107'),('3SoDB59Y7dSZLSDBiNJ6o2','1252205107'),('3sPM57pMiIJnrB8K0Pds9G','1252205107'),('3srfWiHhuZTQGXdApM5JlV','1252205107'),('3ssX20QT5c3nA9wk78V1LQ','1252205107'),('3SUusuA9jH1v6PVwtYMbdv','1252205107'),('3SVAN3BRByDmHOhKyIDxfC','1252205107'),('3tAWCEZwiDUCsPm4SAypyz','1252205107'),('3Ti0GdlrotgwsAVBBugv0I','1252205107'),('3tlXDvaNrrOmdvG0XVUOcv','1252205107'),('3TO7bbrUKrOSPGRTB5MeCz','1252205107'),('3twmBbZV0Oss0cjZoHsZa1','1252205107'),('3u0kNxqOOC8SdoODpkmoZO','1252205107'),('3U9yv46nVSn3PkLsVcNIcA','1252205107'),('3UcE5MoL8bMMG9QBHH1sBg','1252205107'),('3UChNf9rb9hJZvOcU9HCTb','1252205107'),('3uS7pHvPRtJlyukzNZGpcO','1252205107'),('3uxhyRdWVXp7GQvERQl6fA','1252205107'),('3uYDO9dPLTVrgfwg7EYXSf','1252205107'),('3UYEIe5Tua73ouOCh852Ce','1252205107'),('3V000a1khz7RgRUv9niBrt','1252205107'),('3VdFW8GKw88ILB1Ezf1tqE','1252205107'),('3VEFybccRTeWSZRkJxDuNR','1252205107'),('3VeW0pO2pae144rAX2oXPP','1252205107'),('3VrU7rzxxUZQtdKIIDKf5g','1252205107'),('3VZmChrnVW8JK6ano4gSED','1252205107'),('3wnlfgRMOsQMLoJGyHDEHz','1252205107'),('3WTfYNzWm899ocajxIGPTw','1252205107'),('3X8feysVQ8Saawbv4uqqMC','1252205107'),('3xaugmCyXrVkrDTXbFkMW3','1252205107'),('3xBGFVU2b2PV556Q3ebsQH','1252205107'),('3xby7fOyqmeON8jsnom0AT','1252205107'),('3xGJuHvSxFJxxYlHj5BIoT','1252205107'),('3xJj1mU7B83yop2dA03Smk','1252205107'),('3XukKy28kqKFl52GiCUSFo','1252205107'),('3XzR2MH55r1E4MsbUnbSYH','1252205107'),('3Yh64aiu2ANBwDFztyPDkT','1252205107'),('3YhcVZIWyakQSTUJD1YMt4','1252205107'),('3yNVfRQlUPViUh8O2V9SQn','1252205107'),('3YnwIp2b99p3e5dsFTXIIx','1252205107'),('3YRCqOhFifThpSRFJ1VWFM','1252205107'),('3YucB1GctwtFtGi0Ti447R','1252205107'),('3yZgtLB64pkrk7AeVhnF1R','1252205107'),('3z1eL3iolJSdiYEEodX1k0','1252205107'),('3Z2sglqDj1rDRMF5x0Sz2R','1252205107'),('3ZIw7nCYObqthuWCuDrCu0','1252205107'),('3Zjdqz7eOox8XU0zTCPL4P','1252205107'),('3ZOEytgrvLwQaqXreDs2Jx','1252205107'),('3zsPDPpwg8zhMrnMe1tkKt','1252205107'),('3zXhvJaLpxefYIxBE0cnB0','1252205107'),('40bynawzslg9U7ACq07fAj','1252205107'),('40H5libEZWrbkc8HTlXGbt','1252205107'),('40riOy7x9W7GXjyGp4pjAv','1252205107'),('40ttk439NA9RvbLBJpJU1M','1252205107'),('40va05rWB9cMpBc6cMEXZ3','1252205107'),('40yJGQyEaBbIkXpwMFkXip','1252205107'),('41a5geUkthuhkKG4eQrmwk','1252205107'),('41cpvQ2GyGb2BRdIRSsTqK','1252205107'),('41on8RwRh22IHcChAN2gm8','1252205107'),('42DSTal38NakfMCu7RuNcv','1252205107'),('42GcjriRK6srwHkfbkBqVl','1252205107'),('42lQlyLSQR3qLTu4FOMqHY','1252205107'),('42YgaJLCehufTbH2orwBHM','1252205107'),('432hUIl3ISDeytYW5XBQ5h','1252205107'),('435yU2MvEGfDdmbH0noWZ0','1252205107'),('439TlnnznSiBbQbgXiBqAd','1252205107'),('43gbLfqBpR28HGXpnueYIe','1252205107'),('43OjswTQMkuvQQEP38Roxl','1252205107'),('43WK9jAXxsQlOqdhbQGt4D','1252205107'),('45B3YgylVwyolzsvM7ouig','1252205107'),('45f8NLNAthLQqji8lRVuOV','1252205107'),('466XcSgGAiQxcDrcV0yoMP','1252205107'),('467FBnBDRfL8Hz9ktUUybj','1252205107'),('46fk9wjYcPm0sgym2b7EEE','1252205107'),('46OFHBw45fNi7QNjSetITR','1252205107'),('478opI6S6a5bPGRvHcd7K4','1252205107'),('47HWyJVPEmyGLOVgMwrozC','1252205107'),('484SLUDMf2BmrUwtQWkvUa','1252205107'),('48bo7uexDvAThcRDvEB2W7','1252205107'),('48JxuFsjogKRAPAnzTGvQa','1252205107'),('48UPSzbZjgc449aqz8bxox','1252205107'),('490r1lg2turCiWsPAAxVBP','1252205107'),('49fT6owWuknekShh9utsjv','1252205107'),('49fueUd2ik003xurF75RB6','1252205107'),('49ySwzAyvxcNXOkOP6ZB1L','1252205107'),('4AHZRMJCpscmxygCNtC2Qq','1252205107'),('4AmcmraFjVzFb9SQDNTRyl','1252205107'),('4aOAzvRdOsZSwZIgwcdeL0','1252205107'),('4aX4Oycsk1fhHIee1zqsDe','1252205107'),('4AZdhSWmNLsJeh9jiZAXlR','1252205107'),('4BaFzlfU0xvG19fP4muTVw','1252205107'),('4bBrKDo8rchikwZOtmXbIH','1252205107'),('4bEcoz1OcfMgUbp2ft8ieQ','1252205107'),('4bPQs0PHn4xbipzdPfn6du','1252205107'),('4bqaHGTquGBq3gihFkDjbp','1252205107'),('4bwN8jyxfHmFFStSRy4F7h','1252205107'),('4C4Bcwte8yuXoYXw9GPi7L','1252205107'),('4cAgkb0ifwn0FSHGXnr4F6','1252205107'),('4cs6ORX8aKd6rtVdwAnnel','1252205107'),('4CzTgOmc3Sdm4EgKQWzjQl','1252205107'),('4D6TpthzUVNTjWQqfBW5Kb','1252205107'),('4DE6Wkt9fW7R5e9gJGWQim','1252205107'),('4DhcorFL5TTEMuh17ZQUqY','1252205107'),('4dHDQFENPSHTR5OxyI1JB0','1252205107'),('4dkoqJrP0L8FXftrMZongF','1252205107'),('4DOoissGiO2oc7vtGkhAib','1252205107'),('4dz4nfY5LeFUR99uspA5e6','1252205107'),('4e5IPJxSGVWPsaxQzdRseN','1252205107'),('4E5rL7YL0hVUPqeMSpjEF2','1252205107'),('4eeFwDF1OjhZtvPwhqhcr5','1252205107'),('4EndPA8b6FDWYp1RgsnLEB','1252205107'),('4EpZ4eYuZOwPSSwyqpdHnJ','1252205107'),('4eruRiSfDY1jdT03hjyi0i','1252205107'),('4EWCNWgDS8707fNSZ1oaA5','1252205107'),('4f8Mh5wuWHOsfXtzjrJB3t','1252205107'),('4fCs9oQGvZGbnYXBkL4hYh','1252205107'),('4FJ0051ukEptZAhP01ExGV','1252205107'),('4FPvShOYL7t31aYODlaKAN','1252205107'),('4fRTe59xEeNHT4uyAGsV27','1252205107'),('4FU9xUJc2VtOkNaeD8U1LA','1252205107'),('4fVqQKbROkz8Z9FFJS7vls','1252205107'),('4gehZ6WYqLOXZpmMEq3Em9','1252205107'),('4gkl7QbQvBd3TM9PhlWFkI','1252205107'),('4gklLwfCAKbm5mqheWWsSt','1252205107'),('4gMgiXfqyzZLMhsksGmbQV','1252205107'),('4go2hxLM6ijk0K76ZY0Nhd','1252205107'),('4gq2bc2770XvbJdEtfUbmw','1252205107'),('4gT3mNJA8lnlkYFqGZ8IA2','1252205107'),('4hA3OFMvHCFCK3TfJYdbif','1252205107'),('4hLQfgtzEyxme6w5GiwAEy','1252205107'),('4hObp5bmIJ3PP3cKA9K9GY','1252205107'),('4hZ9MbRJoxzDhx5WJlnDIA','1252205107'),('4I1WBw0xqdenkemd6gwIyp','1252205107'),('4iG2gAwKXsOcijVaVXzRPW','1252205107'),('4IJ7ZoJ8z8cAIbqYShF3ZZ','1252205107'),('4ImL3v98u2BLkwnyQDjfRm','1252205107'),('4ItljeeAXtHsnsnnQojaO2','1252205107'),('4iwMhMvcTqukn1n3NVjb2N','1252205107'),('4Iyo50UoYhuuYORMLrGDci','1252205107'),('4jaEiBXMjgpAtsFM2zBYEB','1252205107'),('4jIPERh3FWrLH6w53dm0JV','1252205107'),('4jrbmL4jHZIFrC9I5r0Iuu','1252205107'),('4juwyJgj7yNpXn94UpeGo4','1252205107'),('4Jvi9baIVaECALwpyNGVIF','1252205107'),('4KacUpvbA3Mfo05gttTjhN','1252205107'),('4kC5pcHI6bkqCgKemqdDmi','1252205107'),('4kdfjhj9xNkYU0R8xlDy8k','1252205107'),('4knc3eQ98xaLiXkNANx8u0','1252205107'),('4KnpSJBbcpJBAjEaaJBcL8','1252205107'),('4kNvYhyl8R6m1vykVkcuBu','1252205107'),('4KW1lqgSr8TKrvBII0Brf8','1252205107'),('4KXwFI9pgJLpUIAc9oSL8j','1252205107'),('4KYS9GK68yeuUJ8vJfPxrq','1252205107'),('4L4DOYJFB3QiYIssnMDCrd','1252205107'),('4LKSaRoKNnlpKXTT663BrT','1252205107'),('4LmAnpjlhWTahvRkYR8xJa','1252205107'),('4m0Vgr48VFaMYw0Sp1ozJu','1252205107'),('4mAqG6KNWZQiekSthr2QtL','1252205107'),('4mctdoq0qUxiwObKITLl5I','1252205107'),('4mdyVTV7Tr5YDFnD2kvSM4','1252205107'),('4mfhaU5jVlmb3IXEp1la9V','1252205107'),('4mM7OnOMpd5I4MSCJLerQS','1252205107'),('4MRT0dDbhqFKl67WzhUbSw','1252205107'),('4MXhiYIRDMGAuvZc5IFTwC','1252205107'),('4Na0siMtWOW9pJoWJ1Ponv','1252205107'),('4nBHndk4Hru2sgGH30GCgu','1252205107'),('4NUzTA6zllnTaZRidrd9NI','1252205107'),('4o6BgsqLIBViaGVbx5rbRk','1252205107'),('4odoLyHnSx2jIcXs16IvsV','1252205107'),('4oFtLSgHyZPNYDCcANhTnO','1252205107'),('4OgSKgxZqty3qQMtKU44Ah','1252205107'),('4OHWib4PEw8XCfrAaDpVNo','1252205107'),('4OMu5a8sFpcRCPCcsoEaov','1252205107'),('4oRqSiVyGrwb8dnJBO6FNu','1252205107'),('4OtIszkveMtijHSIp3EP4d','1252205107'),('4paWhLk6dHX5NLoTAqG3dM','1252205107'),('4pBAxbmWVqWl0HJnOSJjvH','1252205107'),('4pdLZsxq0y5oJDb6Cxlokw','1252205107'),('4pg63NS1RRUfmDG1xIp2qv','1252205107'),('4pJ15e9awy9c4eajhHmJO1','1252205107'),('4pmc2AxSEq6g7hPVlJCPyP','1252205107'),('4PPNQ6Hsah4NJqLNE3HHxY','1252205107'),('4PWiu3SMJG1oiVBnSMQKNc','1252205107'),('4Pwjz3DfvfQWV0rO2V8jyh','1252205107'),('4q9JLlC3HIhN4CDC6KlpYK','1252205107'),('4qgZs0RNjdzKAS22lP0QjY','1252205107'),('4QIND5yhawBa7JNv5plbUD','1252205107'),('4QIo4oxwzzafcBWkKjDpXY','1252205107'),('4qo0aBXSAj5WaXzpKzcXWj','1252205107'),('4Qosj8bJfXBlXi35ukPiGi','1252205107'),('4QqVaqIPd59g3JXHfBiaIl','1252205107'),('4qRjfovbhI4EwP7VQNfxVW','1252205107'),('4qYLPta5HZ36idWiXtqh7B','1252205107'),('4R5bSS8yoCl2czeWLr61aO','1252205107'),('4raEiDlfGu9dgeOfqldy0b','1252205107'),('4RCWB3V8V0dignt99LZ8vH','1252205107'),('4RIp4UTguC0F6TRV7xfKjv','1252205107'),('4RLr8yJXuhJ6ZrIQkZ4JlA','1252205107'),('4RVbK6cV0VqWdpCDcx3hiT','1252205107'),('4RvWPyQ5RL0ao9LPZeSouE','1252205107'),('4S7YHmlWwfwArgd8LfSPud','1252205107'),('4S8d14HvHb70ImctNgVzQQ','1252205107'),('4Sk5RxpBL4PU8Bl7rhKSWc','1252205107'),('4sqGlfDc7QCPvAvUBk4OKn','1252205107'),('4Sr6N2pJXCb5VjdknAjblG','1252205107'),('4SZepBIPDRwPaHIjAKwRDb','1252205107'),('4TfauqAajgNMANTOBu70zJ','1252205107'),('4Tjh34RS4ACZ6f6srlDBg8','1252205107'),('4tQcyj5488alHT1ZgFduzn','1252205107'),('4txn9qnwK3ILQqv5oq2mO3','1252205107'),('4tZ1FP3aPChGIEPpUOCTmS','1252205107'),('4TZEiAj3rlEsSNgePMn44R','1252205107'),('4u3oXuVeOGoByIMz9pnOKf','1252205107'),('4U45aEWtQhrm8A5mxPaFZ7','1252205107'),('4U81vDKgj0QyxtcVl8IKCu','1252205107'),('4ukHl5HFRNARRnIWc4Oj83','1252205107'),('4v1P7JCjehbg5TmLQo2mFy','1252205107'),('4v51rv7iRmKL2c0AgeAHDr','1252205107'),('4v7DCN09hgXkKazefkznDQ','1252205107'),('4v7SAP4KD96BFLWiCd1vF0','1252205107'),('4vE8kSu9DhhJHAczFvuUgN','1252205107'),('4VGvosVIeFMCUwHibq7a9Z','1252205107'),('4vHmY3cg7PWCPE0buO3G6t','1252205107'),('4vii2up5qWodc3IdtBSWqX','1252205107'),('4VRvwi48SiXhGSloFVMcij','1252205107'),('4w550INDhXkaG2cmCysKRg','1252205107'),('4w5m4X0OZ2IslxNOgtntTN','1252205107'),('4wh12w6ooB4rmy6FrZIPG4','1252205107'),('4WmcBHCMydSBMNr34yRI6W','1252205107'),('4woTEX1wYOTGDqNXuavlRC','1252205107'),('4wqWpZoIKRAwFPEarFWhkS','1252205107'),('4wTMBYRE6xVTIUQ6fEudsJ','1252205107'),('4wv0lOxuHGbnLXVBFmxfxy','1252205107'),('4wzt5Rrk3W98pHXAqutuJw','1252205107'),('4XftZK3jES7jhDFZkbQ3mt','1252205107'),('4xh7W7tlNMIczFhupCPniY','1252205107'),('4xiXUxU2j7pBLeGbV6R48B','1252205107'),('4xjTj1GaKEdP7VJRLwcogJ','1252205107'),('4xKp0mZ2hY6eS0ii55KgKR','1252205107'),('4xm8cfuUPvoEowL1TTBJGi','1252205107'),('4xUlOxwGkdhsQuirAp5RfV','1252205107'),('4y4w2Z7L7ZsnHNvbwKYfVO','1252205107'),('4YKQNOflFtqc1LpQp5yYBD','1252205107'),('4YPhn26bIFm2KUkL1VLzQG','1252205107'),('4Ys8jQvZOISzmp34BsImRf','1252205107'),('4YwLagaVWaegNK7RsUh1at','1252205107'),('4YwNf1fLZt9IQhJeHNWfBi','1252205107'),('4ywWJqYKOwaVVh9xXARWUS','1252205107'),('4zGvb8hxGLB2jEPRFiRRqw','1252205107'),('4zI04ezdmrN0lT2pHykYrd','1252205107'),('4zLOwx1yRJXWkHKt1XzF1p','1252205107'),('50zZ6S7YI5dVL69a7GkArx','1252205107'),('51EC3I1nQXpec4gDk0mQyP','1252205107'),('51RN0kzWd7xeR4th5HsEtW','1252205107'),('51ygW389BW4Dut3B69pSwc','1252205107'),('52NmkyHsGsHGb1UX8fTkMg','1252205107'),('53uzBMME2GSfpUVtOtiLvA','1252205107'),('55KKzF53NXeY7neYbd8wz5','1252205107'),('55XOFkEEYgeqxZkQfEt97X','1252205107'),('56twMOlq9DJc3EgpVUVIrW','1252205107'),('56XDI7P6Er1dD5SqUxWbuQ','1252205107'),('56XoFI6v7kbGNdM8ALYWof','1252205107'),('56Z7hbyMrndw1naxb6I5Oi','1252205107'),('57MflfPN3ObQQAQtPUp0WF','1252205107'),('58aRrOlOxUYWioWhz172w4','1252205107'),('58RWYT5MGo8e4Y3WAZHh9g','1252205107'),('58TaFP5j5i9swOf584yon2','1252205107'),('58tizBbohZFxRjGNaT7Brc','1252205107'),('58VnTSn9DyiXssDcwV5oJR','1252205107'),('5A0M6B0RBSXSNWv0wcppZ9','1252205107'),('5A63MgoNPniM7necFglMhe','1252205107'),('5aDZOMeCa6VuKJSENFsuGx','1252205107'),('5AJrhrwz4oSZX2PwwV4qrN','1252205107'),('5AnCLGg35ziFOloEnXK4uu','1252205107'),('5b6zjsBrZCqe6RFycLz2tc','1252205107'),('5b7bw99d54cVx1kEJHqGA1','1252205107'),('5b7OgznPJJr1vHNYGyvxau','1252205107'),('5Be8Gm2eCrDYVIRaFW3g7I','1252205107'),('5bJ1DrEM4hNCafcDd1oxHx','1252205107'),('5bjD0mihBv4vU9xEJMH67T','1252205107'),('5Bn2fo4Ri8ikJXmpiQBoL3','1252205107'),('5bO5xc5BHe1aTsaqyRZLNU','1252205107'),('5bUwUQKGNnTE20kb3MTqHD','1252205107'),('5CDy1I6rSt6vXdqIb87A6f','1252205107'),('5Cg6S5BXG6lXqjijSK9zFh','1252205107'),('5CGS4UovzA7ftCJkLVXQju','1252205107'),('5CjwXdq5Z73Va0XCPFG5Aq','1252205107'),('5Ck3e6z1bcSCes5gdo0Ddt','1252205107'),('5d5aQIaGhT7WKDjokdKek0','1252205107'),('5dJjpT4Z6ozSfzN0r1FdGP','1252205107'),('5DJtltTQQvcFhP65SFqKxq','1252205107'),('5dKyrvm1Wv79gBRvCwmRwj','1252205107'),('5dNxDjx7qpphsltttzHWVV','1252205107'),('5DO1SazQppcsKQ1c1JpyQz','1252205107'),('5DsmuV5zcG7rqjwPP7JTee','1252205107'),('5dugSzXbPRxEQMnFEPosDo','1252205107'),('5DxEW4Mgz7SIPrdy1EKrA3','1252205107'),('5e4LIAQI0bClLazNf2gZV0','1252205107'),('5e5MKPtJuFb8NaeSEyV5gD','1252205107'),('5Ea66YQ4u2nePfHsM5UezQ','1252205107'),('5EoD2H4HEX3lQd0l7CsHA1','1252205107'),('5ErtQGRKEibK2WHaA729O8','1252205107'),('5EWPGh7jbTNO2wakv8LjUI','1252205107'),('5eYwDBLucWfWI5KsV7oYX2','1252205107'),('5f2ZVFERwwh3asebmurZEf','1252205107'),('5fDj1YVNR04RtQNP4iYapO','1252205107'),('5fyIGoaaKelzdyW8ELhYJZ','1252205107'),('5fyrn9WcfL1LNdRIaa26m5','1252205107'),('5ghIJDpPoe3CfHMGu71E6T','1252205107'),('5GjPQ0eI7AgmOnADn1EO6Q','1252205107'),('5GKVcvTgnFYtfh25qKQtRg','1252205107'),('5GUYJTQap5F3RDQiCOJhrS','1252205107'),('5H25xsIuRWUI8GwcoAoeSG','1252205107'),('5H2WmzaijYOGTHeHdM3w9P','1252205107'),('5HAjss9faCAowGY8dM24r6','1252205107'),('5HIKTopIsEr4NZM99yytdo','1252205107'),('5hMxgvMmI99alD8JJpjO0w','1252205107'),('5HNCy40Ni5BZJFw1TKzRsC','1252205107'),('5HQVUIKwCEXpe7JIHyY734','1252205107'),('5hTpBe8h35rJ67eAWHQsJx','1252205107'),('5hVghJ4KaYES3BFUATCYn0','1252205107'),('5iIixnRBYl3NJDBfzEOKWz','1252205107'),('5IJ6rniX2mkT2ITklBSx6a','1252205107'),('5ikBZVTjSz8refDMxllN4c','1252205107'),('5imShWWzwqfAJ9gXFpGAQh','1252205107'),('5IRWgQiN0c2i4U97iE3OoY','1252205107'),('5Je1fS7wNMhngKuU0fKUvw','1252205107'),('5JfYyqgaXDFMVtWzzgN8Uq','1252205107'),('5jgFfDIR6FR0gvlA56Nakr','1252205107'),('5JH5KmHF5hPzdIuvNzPA1Y','1252205107'),('5jhfa76FhqtD3Boij6MAKS','1252205107'),('5JRMqkR82k2fdDEAim9SCN','1252205107'),('5jVn3efDjCiN6iubdAWujg','1252205107'),('5K7dEG6yDQ981HO7kFMVqm','1252205107'),('5k7VKj1Xwy5DjO4B0PdAOb','1252205107'),('5k8LB57xOq8UUNVaKWSqrf','1252205107'),('5koRIAVFX3uY6gZK3GSkOK','1252205107'),('5kpnUpMNV9dPNCKY7JtW3Q','1252205107'),('5krhLrOQMdMLTH8N29tIRT','1252205107'),('5lA3pwMkBdd24StM90QrNR','1252205107'),('5lCRPA4XEg4VPbNu0lDHBA','1252205107'),('5LWDFMMBB24zGSLGyVcgZE','1252205107'),('5m578MgxuEC956dulprCe8','1252205107'),('5mJ96Y7ZTc7SukGLGFMjEz','1252205107'),('5mkGfmJGFZpwK9nA5amOhv','1252205107'),('5Mtt6tZSZA9cXTHGSGpyh0','1252205107'),('5MXjqHboetBEuJ7T4e3zMv','1252205107'),('5mZJwWdxAOR4xUvSGZvvMU','1252205107'),('5nFur5SMzdpP4obWLrBFD3','1252205107'),('5nIu0VwPOsjkF61zfevLKh','1252205107'),('5nMfIpT4sBRTjrNwhHKZxE','1252205107'),('5Nn2Dj7OQsGL6pgQ9iIzPp','1252205107'),('5nNmj1cLH3r4aA4XDJ2bgY','1252205107'),('5nPOM0nFRAJ3XI8xCxNAzO','1252205107'),('5NQbUaeTEOGdD6hHcre0dZ','1252205107'),('5NVGzONJngUL1XUAK7oo6W','1252205107'),('5oJ6pSfpV5HH9QBeXyNMjJ','1252205107'),('5OLjhk2db14wAFMmWjrxGw','1252205107'),('5olWalQH1oVza5D6xJg4oX','1252205107'),('5OmcnFH77xm4IETrbEvhlq','1252205107'),('5p7GiBZNL1afJJDUrOA6C8','1252205107'),('5pf3AX7eqShjqkvD1CjMYA','1252205107'),('5pHmvFpUCAq3EFdPPIAT2n','1252205107'),('5piJiL6aRhvrKBa9YuEfS9','1252205107'),('5pUudDDuJgIpgKIGk2zmxv','1252205107'),('5QvBXUm5MglLJ3iBfTX2Wo','1252205107'),('5r7OKhOQl2vM8SZnCXSQk1','1252205107'),('5RdhBLmB4DyFHLglRrfx63','1252205107'),('5rIhBK9aaVMck0W2YtOwci','1252205107'),('5Rizj5FLb2AyNKu9esjYY6','1252205107'),('5RjbFGeWVsCpw8EcE8OrvZ','1252205107'),('5SdmtFbNOD7Qej6jFCHkOM','1252205107'),('5sKSfC8yrl9f8uPNzaIXch','1252205107'),('5sl2735QKaOmL8UL4Q39Ut','1252205107'),('5suEtW2DUAfvroohjzgatb','1252205107'),('5Th6EdNVhxp0TPX41ZLZk6','1252205107'),('5tsI3xxDHDgzHhn30LTQNz','1252205107'),('5tVA6TkbaAH9QMITTQRrNv','1252205107'),('5TxRUOsGeWeRl3xOML59Ai','1252205107'),('5U0lHydo7tQh5t3dxHpQzu','1252205107'),('5ubUprLRov5UPDCS2UP4cb','1252205107'),('5uDpwSGjljhIgDB1ZYdp9c','1252205107'),('5UnoxzcNj2Ym6ZOnIGdwGE','1252205107'),('5uRoxIk6Ng1HY2gU1fBn3D','1252205107'),('5v501hmUMvbHPKa7qm0MGD','1252205107'),('5VarZFY00sO54HErJ3TPCI','1252205107'),('5vCK2zLPho1HZ9jTBNzMQ3','1252205107'),('5VErNsWF69eD0HiBt2vWcH','1252205107'),('5vkkhwtKWnGkFu3tagE71D','1252205107'),('5vnK7vy2ChCUKjKVTbTJTy','1252205107'),('5vnuJ8EopkP5dHukpOmT3L','1252205107'),('5VPFATm85G3P04Q5g8yxqr','1252205107'),('5VWC7v2dC2K0SIIjT9WTLN','1252205107'),('5VzeI5JM2y9t21JwrWAnkH','1252205107'),('5w3joDvFdDskgw6TvLh7vN','1252205107'),('5WCuoYligCr05q99p5D50S','1252205107'),('5Wj1rJnCLpMHdLaxsFtJLs','1252205107'),('5wmn1zWhSSDLUmLLwYO9Rj','1252205107'),('5WuVWOngcRkMOx9RRLCvui','1252205107'),('5wYG7LnAI1pQU6kwFaJswW','1252205107'),('5wzuewBsK1GdViQK4uBraa','1252205107'),('5X3uhutgZktlUWmzIOE3NG','1252205107'),('5xdLhGUSJfyf86qd8ghX49','1252205107'),('5XOsO5eO4rCE0zdpa8HwgU','1252205107'),('5y7IfSDhBHFVnlGj1UrlA1','1252205107'),('5yBIFMrspA4t2o4DUBIH3j','1252205107'),('5YCGqhMNKBqvgGiEzLpOJO','1252205107'),('5YScXJKtefsgdskIy60N7A','1252205107'),('5Z0C84Bheh6tWReHCUSwJ0','1252205107'),('5zA8vzDGqPl2AzZkEYQGKh','1252205107'),('5ZGaGCHi0YrSvsjj6QwETb','1252205107'),('5ZISTTuh3YIBtYsCvBKk5w','1252205107'),('5ZLzl6T8JwqMTMdoE0nCbU','1252205107'),('5zMXjQ2PmSjW42mT5w93zs','1252205107'),('5zP3VXdeIiivfQYk9wGC1P','1252205107'),('5Zrc2fZzrUIFQwhufwUzNM','1252205107'),('60BVxPevV4Jr3Dj4M7Md0z','1252205107'),('60fJEaeW7LqbDBfcHKzTwM','1252205107'),('60ZMdbcC5wwmzbGr5XkDHd','1252205107'),('61ARSKFMwoVnIwXAVnfNNh','1252205107'),('61OMCRdMORzZKZ5ury05iG','1252205107'),('620VdAujudX2uvtWai7C81','1252205107'),('62KeM7jbmYvzT5FycdiQeS','1252205107'),('62p6fF2r4NY6pwZbxxvmr8','1252205107'),('62vpWI1CHwFy7tMIcSStl8','1252205107'),('62zuXt6X5B6YQOBNFV2eXG','1252205107'),('632wpQN4nWLEvxUyGZxyLM','1252205107'),('6336VDSySvOz7FD2EX7VcT','1252205107'),('634HZykqTbJhmdoq6v2w7i','1252205107'),('63dETSxIKCdUHGzlUyCjWb','1252205107'),('63I1WTV8FKkL9F1V1mrUHN','1252205107'),('63M8PK8yavNITSViKUB62p','1252205107'),('63p3Slj0shAFP0Q7dQetj5','1252205107'),('64BbK9SFKH2jk86U3dGj2P','1252205107'),('64sn7wgJfeQKY3Jisnl59w','1252205107'),('65u1dHQyQyE4y4aN2eDmMF','1252205107'),('66cuLvkHsW7dNkfNk6gQP9','1252205107'),('66Q3fAmSX5eHamgbKa9alP','1252205107'),('66ZcOcouenzZEnzTJvoFmH','1252205107'),('67DbWkrzdGaDwe2ilGiV2z','1252205107'),('67oyFnjJnn78fZP9KjeZx0','1252205107'),('68YLPZqAoyrR76z7nzUy1M','1252205107'),('68zC6NEny9EG3OuE6npJcr','1252205107'),('695pNiwymyh0BEldOfvZ3B','1252205107'),('69b0SDYOymaqYwm3la237H','1252205107'),('69pwmeyvQMuHMtkCmpEWhQ','1252205107'),('6ad7bQ48TlqAgebCExUJVe','1252205107'),('6aGNg25mRJdqd318f9X6Wn','1252205107'),('6amzJ3wmEDf7e5tHAndZmn','1252205107'),('6aVeSCobcOjIkMFARN9B7l','1252205107'),('6b2oQwSGFkzsMtQruIWm2p','1252205107'),('6b8nz7zFlAeNACOA1lVYG7','1252205107'),('6Bg7MznA9X0dIhlAsLyBYj','1252205107'),('6bGwKHXHNLmTy6yt147FPh','1252205107'),('6BJbOXDlgVAXSaq6wYFYT2','1252205107'),('6bM3GKo47KVgvj3gHdWS0U','1252205107'),('6Bm3TYTfP6jjxUTE6OdXG3','1252205107'),('6bOkaEXc5CopinGazSLokx','1252205107'),('6br4Pc0BzU6dTD5fEmks2i','1252205107'),('6bTn1ovliI0OkjUNkiMBJq','1252205107'),('6bXOlIfGIWh7Tyn4oyvLQW','1252205107'),('6bxUnsSGZCmoHHU5auwtps','1252205107'),('6BYVAEPmqWVUSqtrQpvLTT','1252205107'),('6c20LH3R4foocWLmYyojWq','1252205107'),('6c6W25YoDGjTq3qSPOga5t','1252205107'),('6C7RJEIUDqKkJRZVWdkfkH','1252205107'),('6cJ7CoT1gJ89Xy7NJXIInt','1252205107'),('6cmt9CRoK0KGcNg9Tpje53','1252205107'),('6cpsixIHI63L0hwh3CwZg3','1252205107'),('6cR5WracqJzYoH80lSKW0L','1252205107'),('6cT5orvyKqwghJp6KB9vG0','1252205107'),('6CWKC36nBqH9Yt0kVXd1kU','1252205107'),('6D7wPuNjkQUsIvLeOeIHsM','1252205107'),('6dDIOU6AqgLkrjFNPgvKY6','1252205107'),('6dfhF1BDGmhM69fnCb6wSC','1252205107'),('6dFn6my1sHK2bcf23GlHwM','1252205107'),('6dGnYIeXmHdcikdzNNDMm2','1252205107'),('6dktyiCWz2JYGmcPQ5D5dY','1252205107'),('6DlJZmRXDfHzGzAVo1yjfP','1252205107'),('6dsq7Nt5mIFzvm5kIYNORy','1252205107'),('6E5Sk0iJA4FqnhI3Qz3KPc','1252205107'),('6EuE9M1viu9gkdFSafia9o','1252205107'),('6EvKur4wMhUzMVPm07XzN3','1252205107'),('6f65alTsp8H5BBd7MKh2Ya','1252205107'),('6f6pEjgfTtuRROmJ4a7Gf3','1252205107'),('6fAyRZ0GHuuvSOEIOwi58N','1252205107'),('6FedhFiHb0KxTvOD1qEX8L','1252205107'),('6fJhF2zdKgCSO3E4JcvVER','1252205107'),('6FxbwB6o1MKOy0dHvxNr2W','1252205107'),('6GcuA4J9ruyClBizBd4m5E','1252205107'),('6ghe4sMRzup1cOu7TyEztf','1252205107'),('6gifrVamdnrYxkXPV6ul0k','1252205107'),('6gpSU2C1VJq0xaVIGtQPVi','1252205107'),('6GsP3uMCd0Dn5T37C93waZ','1252205107'),('6HksxcBzMVdT17aq1Q79Xe','1252205107'),('6hmHwqQ4ALAxXNH2DhiQFb','1252205107'),('6Hmj7SrLRbreLVfVS7mV1S','1252205107'),('6hP8N6hD4j9zwspKHXoJWW','1252205107'),('6HzZALdO9vjjQhyzWe9ns5','1252205107'),('6i3K9JRY0Bc6kZZeyMuikL','1252205107'),('6iaEL3KYwAb1cUtdOjSxNl','1252205107'),('6IBVwpcF5HkRgk2MNc2HIM','1252205107'),('6ifYmJxaQR3FHtxjcxjFp4','1252205107'),('6IlQTriFgUeEbVx3Y10sia','1252205107'),('6ImxYXeLDQPIv4qo7bMhSk','1252205107'),('6Ius4TC0L3cN74HT7ENE6e','1252205107'),('6J3oJ2aQunU2XzVIPUz1op','1252205107'),('6JjEVlMkfHWMeYavkEYzNO','1252205107'),('6jl01C724Mk68qlOQLco5I','1252205107'),('6JyEh4kl9DLwmSAoNDRn5b','1252205107'),('6JZv5f9ufV0Uz7VbGpd2DL','1252205107'),('6JzzI3YxHCcjZ7MCQS2YS1','1252205107'),('6K07Ahf6V7CAQn0ikrOztl','1252205107'),('6k0DJqW2v2e4809Z1zN0YU','1252205107'),('6k7b4mcxLP5HPo6hNoXoM6','1252205107'),('6kBuHuvEzKwVqc7Wl7UYzy','1252205107'),('6kIh5c8x8vzOe6OKW1X59U','1252205107'),('6KM0MPPSPGjBlQgdwIeJLc','1252205107'),('6kpMYSZ58MkohGS7OkO4A9','1252205107'),('6KziiQUOoCmC7Kc7Rv4jar','1252205107'),('6L5ks2ivQVCLnI4JmIr9NT','1252205107'),('6M1QxOSjcCBCNnS7GSjd1o','1252205107'),('6mcxQ1Y3uQRU0IHsvdNLH1','1252205107'),('6MCYY4i1zrRIbVj9YlVUdF','1252205107'),('6mevhNrcHqHgHgisXUNaqw','1252205107'),('6mFkJmJqdDVQ1REhVfGgd1','1252205107'),('6MjiSBqVWiJCki6aUWV7h7','1252205107'),('6MTA4AwgmjVASTXpBEwvn8','1252205107'),('6mzaCRuLTRiz1caGOum3zT','1252205107'),('6n2GPvMJtFZ4ckoc9EWHMx','1252205107'),('6n6EXIwLtNwe4u4CFzENYm','1252205107'),('6n7GUf2h8D2Ad2wUy5s7nE','1252205107'),('6NMtzpDQBTOfJwMzgMX0zl','1252205107'),('6Nq5lE0CeOAAAqN4qhkbZU','1252205107'),('6NyhBA9M6KK0fuVsojxL00','1252205107'),('6O8iT490HuTFVjQo3eHdoi','1252205107'),('6OaVWaGfhXn70ZJfdVcabn','1252205107'),('6oEVXNUt5x4cIMGYrKiB4w','1252205107'),('6oF3Es1YzzmLKjGBfThUvD','1252205107'),('6oLHyWvmk6bKrA91EIYZBp','1252205107'),('6olUplztLFFfU7fMYmFXOP','1252205107'),('6oMBDrzwGG1BzCoZyPyGuG','1252205107'),('6OYWNSxFgUx1udwR76RBD1','1252205107'),('6p3RSoc1B77D6sJT4vtVZ4','1252205107'),('6p6LQkPZFP8MLCFT1tRpZw','1252205107'),('6PbeGqzGdjookqESRgm1AS','1252205107'),('6PBHfI3G8MlQ8qdItoVoxL','1252205107'),('6pnwfWyaWjQiHCKTiZLItr','1252205107'),('6PVa4pTYFPv2Sew9wLoyrz','1252205107'),('6q0VhEKHOFzI6vtotZtaNw','1252205107'),('6q0zsagVIiAn9zb7vqTmZi','1252205107'),('6QbI1KSaDQhftv6aGHT5vn','1252205107'),('6qNB2ChCVPepl5ZjVJJTUW','1252205107'),('6qQGxKyy6LcyZVsWn93lyS','1252205107'),('6qsmOmG6mzT7SjMXDe4I7C','1252205107'),('6qspW4YKycviDFjHBOaqUY','1252205107'),('6r8jsn2AXmomUCxYtsoifL','1252205107'),('6rbeWjEavBHvX2kr6lSogS','1252205107'),('6rje9f1wRFJDO2iTORw0lH','1252205107'),('6RKGBcDtgzXx21zUjpeu6F','1252205107'),('6RRPMzuEvUsUYht0DVz3VZ','1252205107'),('6S5SJlNXgrUBTLa58NMwGk','1252205107'),('6saVm6PTYfMwBEDjvkHM3p','1252205107'),('6scpNkWEmUxmKY7nYjVLsX','1252205107'),('6tbiixKgvaDuii0L5F49bg','1252205107'),('6tLALP9mi7VbNC7s16iBRK','1252205107'),('6TodWdTSDfzwgYynTZSvJn','1252205107'),('6TTtJwtPEAI7yPHKR3XEKE','1252205107'),('6u6TkdaTeteA7dFTTGzEKP','1252205107'),('6U6WhNKNDm9JIVZpoJUqUf','1252205107'),('6uhOq4yyFKGXySbH1yv5j6','1252205107'),('6uxKBULqEBZ9x5nhfcZnQg','1252205107'),('6UzHNNLNH6hq7cL2RUPonf','1252205107'),('6V2D8Lls36APk0THDjBDfE','1252205107'),('6vB49BJ70zBpDrrAPwdaB8','1252205107'),('6vnfObZ4Ys70SBAtti1xZ9','1252205107'),('6vPIRcylcXttSYprNGsSPK','1252205107'),('6vrUTGn5p8IrfTZ0J6sIVM','1252205107'),('6vSmfVyxYCm6D1VVXp2knn','1252205107'),('6vWEAOUSxohKxhp0K1BsxL','1252205107'),('6vy95NfrMeUfaXpaTm4O53','1252205107'),('6WdKzXgNyPeSOBI8OWN6Zp','1252205107'),('6WE7jSshLCuVKoCmobVKVf','1252205107'),('6wfzokDylbrJzrJcpnBkcy','1252205107'),('6WQyaRxqf332knjOMWUMQf','1252205107'),('6WUjz18yIeTGDR1E69WHtf','1252205107'),('6WvgizUMVUdPksmm7BMfnm','1252205107'),('6wxGZ8D8lAuJpocaTAVVyL','1252205107'),('6X8DdhqGXlp9i9dsoUlXIZ','1252205107'),('6XjBFtW4QcuGG26RysHzuS','1252205107'),('6xKXkSSJqv6ttwL8bj3Dm2','1252205107'),('6XyxCBp6x3jvtxXvMN5sAA','1252205107'),('6Xz7FeyE8HTP90HecgHV57','1252205107'),('6yIjtVtnOBeC8SwdVHzAuF','1252205107'),('6YK2tAEYnHgYkkC6TSziqM','1252205107'),('6YpeKrAqSUQduSdnSsprZY','1252205107'),('6YQP8txj9ZXTGiaP8S8jOZ','1252205107'),('6YR5h7yYi5NE4VojNa5EF9','1252205107'),('6ysRK6One7O5GiRVvrs0x1','1252205107'),('6YT0soqYkgiBRdc93jZGcN','1252205107'),('6z1z7D2WcyVWkRAr2UVbt5','1252205107'),('6zC0mpGYwbNTpk9SKwh08f','1252205107'),('6zeE5tKyr8Nu882DQhhSQI','1252205107'),('705u4LfXcTBuDOB8UCy0A7','1252205107'),('70gbuMqwNBE2Y5rkQJE9By','1252205107'),('70QqoQ3krRFUHfEzit7vjT','1252205107'),('70wYA8oYHoMzhRRkARoMhU','1252205107'),('70XP39KE8vTgxtRXcwfxJA','1252205107'),('71CbCgUWOlvxR5q5veuDeB','1252205107'),('722tgOgdIbNe3BEyLnejw4','1252205107'),('72hFOhhhnOJZnnp6uVOgPn','1252205107'),('72Qo3U5apeuv91j9BEqJBM','1252205107'),('72Z17vmmeQKAg8bptWvpVG','1252205107'),('739vCwA3EpBSkk3uDsI2wB','1252205107'),('73I8Q4TUVRJgl9xuhawtQN','1252205107'),('749SJvmRHD43wFUnBtUJ36','1252205107'),('75izAeHlGuOgA865CFDyIv','1252205107'),('75JFxkI2RXiU7L9VXzMkle','1252205107'),('75YUnz58ajMo2VIIuUFvOV','1252205107'),('7635mlfbjmTS7t17pKtl6r','1252205107'),('76hfruVvmfQbw0eYn1nmeC','1252205107'),('76kyKtPLsFbQkdQ86QrkF4','1252205107'),('76TZCvJ8GitQ2FA1q5dKu0','1252205107'),('77hlFloRkg0O7agtvmmC6K','1252205107'),('77oU2rjC5XbjQfNe3bD6so','1252205107'),('77SPrxY5gn6VPrKPGrfLnM','1252205107'),('77UXyXy6qie0sOtLdEIH4A','1252205107'),('78Jfmw8XNJL68aWjeIUGHC','1252205107'),('78mYKNu21OYcRyWUVrNK6n','1252205107'),('793xe74Xm4VFkkAOI6eZvy','1252205107'),('794F99D5BQHS5ZGRXAs7I5','1252205107'),('79reBHqpRoWXaQbjBBY3UC','1252205107'),('79XrkTOfV1AqySNjVlygpW','1252205107'),('7a2dsbIZcf5SAz7Uv4G0NR','1252205107'),('7A3ETuOrieyx9KSF0sn0Zf','1252205107'),('7aBAo2pO8LvrN8mGba7MvA','1252205107'),('7AbWkvrK7kajTYSqy4QgPn','1252205107'),('7AFASza1mXqntmGtbxXprO','1252205107'),('7AijU6oTPGmG64uWf63Qvc','1252205107'),('7aKWgpecgLEqisWcXPElDl','1252205107'),('7aNTfUxWGwdHZswsdThYbW','1252205107'),('7aNW0M1R6eUnoXKpN2HncV','1252205107'),('7b9h63I7EafcW2pVS9pcUr','1252205107'),('7BL20x1o7Xp13doge3OeRP','1252205107'),('7bmNoosrYK6nNIe5qqOM4X','1252205107'),('7BSLBLVXOFtFwvVIss7mEm','1252205107'),('7cer0SfbnGwmwJGu6lF2BB','1252205107'),('7CGLNcywkJGwXlJGhw92RT','1252205107'),('7CkbRn6S0itJqcqn88AtSV','1252205107'),('7CVYxHq1L0Z4G84jTDS6Jl','1252205107'),('7D0RhFcb3CrfPuTJ0obrod','1252205107'),('7d1hHm5w6uHTrUHaGjAUdh','1252205107'),('7D5mjGj6O2cHHCoBF8O7qV','1252205107'),('7dF151sPnAGBOC8RfjuKE1','1252205107'),('7DLCgotDOZZyiW4cuL1sgn','1252205107'),('7DTfOX4SIuMMt33sSVvLRr','1252205107'),('7eqFExt8qLJZ5wyaVEWIFJ','1252205107'),('7eTYcpjEwXTphautuv9Hj7','1252205107'),('7EulRO07ZgchxqKUHb8Pvc','1252205107'),('7F02x6EKYIQV3VcTaTm7oN','1252205107'),('7FCiDC7ojdm19CJePq6QAe','1252205107'),('7fjLBPTsQrbkV2WRedi2bw','1252205107'),('7FOJvA3PxiIU0DN3JjQ7jT','1252205107'),('7FYH5AW3bVfZHJIQpq3UOA','1252205107'),('7G4JtFBBuMEjDKJLOB4xA7','1252205107'),('7G4U7IDXXPz1PFlKpfDGoZ','1252205107'),('7G7tgVYORlDuVprcYHuFJh','1252205107'),('7G7zCzvyqz39BFE7TqPM3O','1252205107'),('7gDwRzJhLs0fFHaGtMDJVM','1252205107'),('7Gpr3kKk4BMgItz6UbI73q','1252205107'),('7GptbanebPZYkLPvjNfd6m','1252205107'),('7GPyFLPbZhDf60lH74AWIn','1252205107'),('7GRTrWsP3yo2Fx8umJfA1X','1252205107'),('7H6ev70Weq6DdpZyyTmUXk','1252205107'),('7HEoY8JLuFFckI44suYFna','1252205107'),('7HFC0t4r97pMHDRrv7lo7k','1252205107'),('7hJ1fEr1nf2e4qsE4bfmcc','1252205107'),('7Hkwpt3GaRntiCrbCyJ4BN','1252205107'),('7hm4HTk9encxT0LYC0J6oI','1252205107'),('7hniD3L7AJUoBpytFpkcDn','1252205107'),('7hNx9Dynz2fRO41L9AEVA8','1252205107'),('7HSk4yGZxfjOkHyOvZrBQZ','1252205107'),('7huc9zi62N3uBYkJOmAhTf','1252205107'),('7hVhRCDV100Jq26NGR7adw','1252205107'),('7iEoaTyBCqLaAwJnOP1BTn','1252205107'),('7ijXITJ7C9HgpU65GHs2Zr','1252205107'),('7iN1s7xHE4ifF5povM6A48','1252205107'),('7isbPMomU1kbgaNKOFocGJ','1252205107'),('7J2gyNghNTzl4EsLhXp01Q','1252205107'),('7j31rVgGX9Q2blT92VBEA0','1252205107'),('7jAxGkXU58FwNMjqoMahn7','1252205107'),('7jCfMSjfhHiPHULtRJawSn','1252205107'),('7JfkcLEt80b6GotACR4HnG','1252205107'),('7JMVhsR4cggN4Rvq0NQVOX','1252205107'),('7jruR1S3Fhz6odhVGLJ6iU','1252205107'),('7JSdsfOoM8ueAuqPOrjc4T','1252205107'),('7jWgkIrTDiB3vF8dm5AUyQ','1252205107'),('7JXZq0JgG2zTrSOAgY8VMC','1252205107'),('7k6IzwMGpxnRghE7YosnXT','1252205107'),('7kfTqGMzIHFWeBeOJALzRf','1252205107'),('7KLB6Jptw9wyQXkSLiO8qh','1252205107'),('7km95zsDFQluKPA3Morwb0','1252205107'),('7KQvT4YuzcmyogWg7Gq4Z5','1252205107'),('7Ks4VCY1wFebnOdJrM13t6','1252205107'),('7KwZNVEaqikRSBSpyhXK2j','1252205107'),('7kXINLuqpicfE1sDCZ3Xwv','1252205107'),('7KZ5MMVgBVox9ycroB2UrI','1252205107'),('7lAK3oHbfEnvUQWosrMMpR','1252205107'),('7lgvU7WnwcNZ8dbGUz8yhP','1252205107'),('7lir0j0yV5XM06AgKyAlIX','1252205107'),('7lL3MvFWFFSD25pBz72Agj','1252205107'),('7lQWRAjyhTpCWFC0jmclT4','1252205107'),('7LsxpUkzwsqIjWIxMqKxxj','1252205107'),('7LVHVU3tWfcxj5aiPFEW4Q','1252205107'),('7m9OqQk4RVRkw9JJdeAw96','1252205107'),('7MVKVv3BY3WyCZw1vSY1lb','1252205107'),('7N1Vjtzr1lmmCW9iasQ8YO','1252205107'),('7n1y18wPhZv5YxpR6nFBck','1252205107'),('7nCONy10IHp7XD3oYZ0lcx','1252205107'),('7nRTwoV1u3iQZ02FmvDsAM','1252205107'),('7nWxZ1OWN4gtVH1mplNRxV','1252205107'),('7p3XAxYOxflnVHHrotNizM','1252205107'),('7pdCmGogZHZH3Xv7LnqVrH','1252205107'),('7pegxVesMmE2qK0o58xoFG','1252205107'),('7pRcWov3NHxi0GDkKdbSb0','1252205107'),('7pu0a2lDSnwQS0ERqAtCnS','1252205107'),('7q8sUaaTLX7KMKg8NgBcyc','1252205107'),('7qFg0joTjCiYOvzrt9nNtg','1252205107'),('7qPdc4CH1GGZaHBImyoZ69','1252205107'),('7qZnrRGtCSDz4apCr4IGtD','1252205107'),('7rWGO6nfsDwHTqYrHP9eSh','1252205107'),('7s1upm7yr7ZjrzXMwHawtG','1252205107'),('7sljA9XJXVCbbXLK5XpDtu','1252205107'),('7sOv7Zx2uvuA1uSFQNDjlQ','1252205107'),('7spxYjVBMBaL7HIrpKJCVc','1252205107'),('7t97jbSsGY54ULs52xAV5a','1252205107'),('7u0hfStBmf1j0yiD3Em39J','1252205107'),('7uHbtFnf3VFdA70pmkkJyK','1252205107'),('7ujbNS6fmb82EcZfiDsUd5','1252205107'),('7ujucw8kFBPIy9mz7DlmAq','1252205107'),('7ukgH1zo3oYXI40bj0PpHO','1252205107'),('7unx2Rvsq8D0RfOLRXclTA','1252205107'),('7uWVT3UkCAZyANvv0bdyQn','1252205107'),('7v27WiEpo3B9jXItsZmoJW','1252205107'),('7w0YG5qn9w8LYA4tHpQe0o','1252205107'),('7w92YbaSoYBwyQCCS2BDH8','1252205107'),('7wBJfHzpfI3032CSD7CE2m','1252205107'),('7wclPheMJAUKn2njmO2s3A','1252205107'),('7wMCECqH5hlj6HF2J2LKAZ','1252205107'),('7x2xjJV3YAPeLQJ7u3Kjet','1252205107'),('7xC6xlFSZJKpSbCuTnraxG','1252205107'),('7xHsIaGEmiZunovi6oFtQz','1252205107'),('7xIBKYHW0iZJfb6eKWLaLd','1252205107'),('7xqeIdLJSf3bgmZ7vUvHrE','1252205107'),('7xsvZuhTQEGsLfopzFjMsS','1252205107'),('7xTY3rJMgj0nh6OOPHgsLw','1252205107'),('7xVtgIGE05H4shsfFCD85h','1252205107'),('7ycWLEP1GsNjVvcjawXz3z','1252205107'),('7yeWt7sq2oRlEZWv880u9E','1252205107'),('7yMiX7n9SBvadzox8T5jzT','1252205107'),('7yNK27ZTpHew0c55VvIJgm','1252205107'),('7yQDLdub1VuUUwbpteUX7w','1252205107'),('7zdORPbuIBkZHCJXl9J2e5','1252205107'),('7zJi6HnUzxo2J4La1yTFj3','1252205107'),('7zTTDkkLkJ2iHAqq1daDCr','1252205107');
/*!40000 ALTER TABLE `user_songs` ENABLE KEYS */;
UNLOCK TABLES;

--
-- Table structure for table `users`
--

DROP TABLE IF EXISTS `users`;
/*!40101 SET @saved_cs_client     = @@character_set_client */;
/*!50503 SET character_set_client = utf8mb4 */;
CREATE TABLE `users` (
  `user_id` varchar(50) NOT NULL,
  `user_name` varchar(50) NOT NULL,
  PRIMARY KEY (`user_id`)
) ENGINE=InnoDB DEFAULT CHARSET=utf8mb4 COLLATE=utf8mb4_0900_ai_ci;
/*!40101 SET character_set_client = @saved_cs_client */;

--
-- Dumping data for table `users`
--

LOCK TABLES `users` WRITE;
/*!40000 ALTER TABLE `users` DISABLE KEYS */;
INSERT INTO `users` VALUES ('12176798410','Alison Fong'),('1252205107','Selena Nguyen');
/*!40000 ALTER TABLE `users` ENABLE KEYS */;
UNLOCK TABLES;

--
-- Dumping events for database 'spotifyApp'
--

--
-- Dumping routines for database 'spotifyApp'
--
/*!50003 DROP PROCEDURE IF EXISTS `add_playlist` */;
/*!50003 SET @saved_cs_client      = @@character_set_client */ ;
/*!50003 SET @saved_cs_results     = @@character_set_results */ ;
/*!50003 SET @saved_col_connection = @@collation_connection */ ;
/*!50003 SET character_set_client  = utf8mb4 */ ;
/*!50003 SET character_set_results = utf8mb4 */ ;
/*!50003 SET collation_connection  = utf8mb4_0900_ai_ci */ ;
/*!50003 SET @saved_sql_mode       = @@sql_mode */ ;
/*!50003 SET sql_mode              = 'ONLY_FULL_GROUP_BY,STRICT_TRANS_TABLES,NO_ZERO_IN_DATE,NO_ZERO_DATE,ERROR_FOR_DIVISION_BY_ZERO,NO_ENGINE_SUBSTITUTION' */ ;
DELIMITER ;;
CREATE DEFINER=`root`@`localhost` PROCEDURE `add_playlist`(
	 user_id VARCHAR(50),
     p_id VARCHAR(50),
     p_name VARCHAR(50),
     p_description VARCHAR(250)
)
BEGIN
	insert into playlists (playlist_id, creator,playlist_name,date_created,playlist_description)
    VALUES(p_id, user_id, p_name, CURRENT_DATE(), p_description);
END ;;
DELIMITER ;
/*!50003 SET sql_mode              = @saved_sql_mode */ ;
/*!50003 SET character_set_client  = @saved_cs_client */ ;
/*!50003 SET character_set_results = @saved_cs_results */ ;
/*!50003 SET collation_connection  = @saved_col_connection */ ;
/*!50003 DROP PROCEDURE IF EXISTS `generate_playlist` */;
/*!50003 SET @saved_cs_client      = @@character_set_client */ ;
/*!50003 SET @saved_cs_results     = @@character_set_results */ ;
/*!50003 SET @saved_col_connection = @@collation_connection */ ;
/*!50003 SET character_set_client  = utf8mb4 */ ;
/*!50003 SET character_set_results = utf8mb4 */ ;
/*!50003 SET collation_connection  = utf8mb4_0900_ai_ci */ ;
/*!50003 SET @saved_sql_mode       = @@sql_mode */ ;
/*!50003 SET sql_mode              = 'ONLY_FULL_GROUP_BY,STRICT_TRANS_TABLES,NO_ZERO_IN_DATE,NO_ZERO_DATE,ERROR_FOR_DIVISION_BY_ZERO,NO_ENGINE_SUBSTITUTION' */ ;
DELIMITER ;;
CREATE DEFINER=`root`@`localhost` PROCEDURE `generate_playlist`(
	 userInp VARCHAR(50),
     newPID VARCHAR(50),
     numSongs int,
     acousticScore float,
     acousticnessWeight float,
     danceabilityScore float,
     danceabilityWeight float,
     energyScore float,
     energyWeight float,
	 instrumentalScore float,
     instrumentalnessWeight float,
     loudnessScore float,
     loudnessWeight float,
     valenceScore float,
     valenceWeight float,
     tempoScore float,
     tempoWeight float
)
BEGIN
	insert into playlist_songs (playlist_songs.song_id, playlist_songs.playlist_id)
    select Songs.songlist, newPID  from 
    (SELECT user_songs.song_id as songList,
	(Abs(songs.acousticness * 10 - acousticScore) * acousticnessWeight +
    Abs(songs.danceability * 10 - danceabilityScore) * danceabilityWeight +
    Abs(songs.energy * 10 - energyScore) * energyWeight +
    Abs(songs.instrumentalness * 10 - instrumentalScore) * instrumentalnessWeight +
	Abs(songs.valence * 10 - valenceScore) * valenceWeight +
    Abs(((songs.loudness + 30) /3) - loudnessScore) * loudnessWeight +
    Abs(((songs.tempo - 50) * 2 /30) - loudnessScore) * loudnessWeight
    ) as Score
    FROM user_songs
    JOIN songs ON user_songs.song_id = songs.song_id
    WHERE user_songs.user_id = userInp 
    order by Score ASC
    limit numSongs) as Songs;
END ;;
DELIMITER ;
/*!50003 SET sql_mode              = @saved_sql_mode */ ;
/*!50003 SET character_set_client  = @saved_cs_client */ ;
/*!50003 SET character_set_results = @saved_cs_results */ ;
/*!50003 SET collation_connection  = @saved_col_connection */ ;
/*!50003 DROP PROCEDURE IF EXISTS `get_all_songs` */;
/*!50003 SET @saved_cs_client      = @@character_set_client */ ;
/*!50003 SET @saved_cs_results     = @@character_set_results */ ;
/*!50003 SET @saved_col_connection = @@collation_connection */ ;
/*!50003 SET character_set_client  = utf8mb4 */ ;
/*!50003 SET character_set_results = utf8mb4 */ ;
/*!50003 SET collation_connection  = utf8mb4_0900_ai_ci */ ;
/*!50003 SET @saved_sql_mode       = @@sql_mode */ ;
/*!50003 SET sql_mode              = 'ONLY_FULL_GROUP_BY,STRICT_TRANS_TABLES,NO_ZERO_IN_DATE,NO_ZERO_DATE,ERROR_FOR_DIVISION_BY_ZERO,NO_ENGINE_SUBSTITUTION' */ ;
DELIMITER ;;
CREATE DEFINER=`root`@`localhost` PROCEDURE `get_all_songs`(
	user_id VARCHAR(50)
)
BEGIN
	SELECT * 
    FROM users JOIN user_songs ON users.user_id = user_songs.user_id
		JOIN songs ON user_songs.song_id = songs.song_id
		JOIN albums ON songs.album = albums.album_id
		JOIN artists ON albums.artist = artists.artist_id
    WHERE users.user_id = user_id;
END ;;
DELIMITER ;
/*!50003 SET sql_mode              = @saved_sql_mode */ ;
/*!50003 SET character_set_client  = @saved_cs_client */ ;
/*!50003 SET character_set_results = @saved_cs_results */ ;
/*!50003 SET collation_connection  = @saved_col_connection */ ;
/*!50003 DROP PROCEDURE IF EXISTS `get_playlists` */;
/*!50003 SET @saved_cs_client      = @@character_set_client */ ;
/*!50003 SET @saved_cs_results     = @@character_set_results */ ;
/*!50003 SET @saved_col_connection = @@collation_connection */ ;
/*!50003 SET character_set_client  = utf8mb4 */ ;
/*!50003 SET character_set_results = utf8mb4 */ ;
/*!50003 SET collation_connection  = utf8mb4_0900_ai_ci */ ;
/*!50003 SET @saved_sql_mode       = @@sql_mode */ ;
/*!50003 SET sql_mode              = 'ONLY_FULL_GROUP_BY,STRICT_TRANS_TABLES,NO_ZERO_IN_DATE,NO_ZERO_DATE,ERROR_FOR_DIVISION_BY_ZERO,NO_ENGINE_SUBSTITUTION' */ ;
DELIMITER ;;
CREATE DEFINER=`root`@`localhost` PROCEDURE `get_playlists`(
	user_id VARCHAR(50)
)
BEGIN
	SELECT * 
    FROM users JOIN playlists ON playlists.creator = users.user_id
    WHERE users.user_id = user_id;
END ;;
DELIMITER ;
/*!50003 SET sql_mode              = @saved_sql_mode */ ;
/*!50003 SET character_set_client  = @saved_cs_client */ ;
/*!50003 SET character_set_results = @saved_cs_results */ ;
/*!50003 SET collation_connection  = @saved_col_connection */ ;
/*!50003 DROP PROCEDURE IF EXISTS `get_playlist_songs` */;
/*!50003 SET @saved_cs_client      = @@character_set_client */ ;
/*!50003 SET @saved_cs_results     = @@character_set_results */ ;
/*!50003 SET @saved_col_connection = @@collation_connection */ ;
/*!50003 SET character_set_client  = utf8mb4 */ ;
/*!50003 SET character_set_results = utf8mb4 */ ;
/*!50003 SET collation_connection  = utf8mb4_0900_ai_ci */ ;
/*!50003 SET @saved_sql_mode       = @@sql_mode */ ;
/*!50003 SET sql_mode              = 'ONLY_FULL_GROUP_BY,STRICT_TRANS_TABLES,NO_ZERO_IN_DATE,NO_ZERO_DATE,ERROR_FOR_DIVISION_BY_ZERO,NO_ENGINE_SUBSTITUTION' */ ;
DELIMITER ;;
CREATE DEFINER=`root`@`localhost` PROCEDURE `get_playlist_songs`(
	playlist_id VARCHAR(50)
)
BEGIN
	SELECT * 
    FROM playlists JOIN playlist_songs ON playlists.playlist_id = playlist_songs.playlist_id
    JOIN songs ON playlist_songs.song_id = songs.song_id
    JOIN albums ON albums.album_id = songs.album
    JOIN artists ON albums.artist = artists.artist_id
    WHERE playlists.playlist_id = playlist_id;
END ;;
DELIMITER ;
/*!50003 SET sql_mode              = @saved_sql_mode */ ;
/*!50003 SET character_set_client  = @saved_cs_client */ ;
/*!50003 SET character_set_results = @saved_cs_results */ ;
/*!50003 SET collation_connection  = @saved_col_connection */ ;
/*!40103 SET TIME_ZONE=@OLD_TIME_ZONE */;

/*!40101 SET SQL_MODE=@OLD_SQL_MODE */;
/*!40014 SET FOREIGN_KEY_CHECKS=@OLD_FOREIGN_KEY_CHECKS */;
/*!40014 SET UNIQUE_CHECKS=@OLD_UNIQUE_CHECKS */;
/*!40101 SET CHARACTER_SET_CLIENT=@OLD_CHARACTER_SET_CLIENT */;
/*!40101 SET CHARACTER_SET_RESULTS=@OLD_CHARACTER_SET_RESULTS */;
/*!40101 SET COLLATION_CONNECTION=@OLD_COLLATION_CONNECTION */;
/*!40111 SET SQL_NOTES=@OLD_SQL_NOTES */;

-- Dump completed on 2020-04-14 23:08:25
